date,cot_net_z,cot_change_z,gld_flow_z,usd_return_20d,real_yield_change_20d,vix_z
1990-01-02,,,,,,
1990-01-03,,,,,,
1990-01-04,,,,,,
1990-01-05,,,,,,
1990-01-06,,,,,,
1990-01-07,,,,,,
1990-01-08,,,,,,
1990-01-09,,,,,,
1990-01-10,,,,,,
1990-01-11,,,,,,
1990-01-12,,,,,,
1990-01-13,,,,,,
1990-01-14,,,,,,
1990-01-15,,,,,,
1990-01-16,,,,,,
1990-01-17,,,,,,
1990-01-18,,,,,,
1990-01-19,,,,,,
1990-01-20,,,,,,
1990-01-21,,,,,,
1990-01-22,,,,,,
1990-01-23,,,,,,
1990-01-24,,,,,,
1990-01-25,,,,,,
1990-01-26,,,,,,
1990-01-27,,,,,,
1990-01-28,,,,,,
1990-01-29,,,,,,
1990-01-30,,,,,,
1990-01-31,,,,,,
1990-02-01,,,,,,
1990-02-02,,,,,,
1990-02-03,,,,,,
1990-02-04,,,,,,
1990-02-05,,,,,,
1990-02-06,,,,,,
1990-02-07,,,,,,
1990-02-08,,,,,,
1990-02-09,,,,,,
1990-02-10,,,,,,
1990-02-11,,,,,,
1990-02-12,,,,,,
1990-02-13,,,,,,
1990-02-14,,,,,,
1990-02-15,,,,,,
1990-02-16,,,,,,
1990-02-17,,,,,,
1990-02-18,,,,,,
1990-02-19,,,,,,
1990-02-20,,,,,,
1990-02-21,,,,,,
1990-02-22,,,,,,
1990-02-23,,,,,,
1990-02-24,,,,,,
1990-02-25,,,,,,
1990-02-26,,,,,,
1990-02-27,,,,,,
1990-02-28,,,,,,
1990-03-01,,,,,,
1990-03-02,,,,,,
1990-03-03,,,,,,-0.8343021635
1990-03-04,0.8378417127,,,,,-0.8227901564
1990-03-05,0.826240571,,,,,-0.8117442834
1990-03-06,-2.443398369,,,,,-0.4947405816
1990-03-07,-2.315303716,,,,,-1.146887255
1990-03-08,-2.205494227,,,,,-1.747314988
1990-03-09,-2.109996467,-2.411509457,,,,-1.427513829
1990-03-10,-2.025949329,-2.28384491,,,,-1.158868256
1990-03-11,-1.951233271,0.1593330758,,,,-1.139081763
1990-03-12,-1.884240196,0.1580516694,,,,-1.120279906
1990-03-13,-1.823725001,0.1568006961,,,,-1.19978408
1990-03-14,-1.768706602,0.1555789699,,,,-0.7621568337
1990-03-15,-1.718400061,0.1543853684,,,,-1.349517962
1990-03-16,-1.67216889,0.1532188285,,,,-1.670651532
1990-03-17,-1.6294908,0.1520783429,,,,-2.101134963
1990-03-18,-1.589932648,0.1509629557,,,,-2.027652518
1990-03-19,-1.553131777,0.1498717594,,,,-1.961395315
1990-03-20,-1.518781927,0.1488038921,,,,-1.649811642
1990-03-21,-2.923241719,-1.512724674,,,,-1.319344969
1990-03-22,-2.755769801,-1.479146682,,,,-0.8969516744
1990-03-23,-2.61417214,-1.447717769,,,,0.149160666
1990-03-24,-2.492406601,-1.418217916,,,,-0.7533968814
1990-03-25,-2.386238062,-1.3904574,,,,-0.7462355239
1990-03-26,-2.292598135,0.2392863825,,,,-0.7392753093
1990-03-27,-2.209201995,0.2376792307,,,,-1.075243208
1990-03-28,-2.134308565,0.2361040548,,,,-0.5007863181
1990-03-29,-2.06656472,0.2345598078,,,,-0.9898368349
1990-03-30,-2.004900781,0.23304549,,,,-1.490262406
1990-03-31,-1.94845848,0.2315601463,,,,-0.9703716793
1990-04-01,-1.896540112,0.2301028639,,,,-0.9598447786
1990-04-02,-1.848571867,0.2286727697,,,,-0.949654434
1990-04-03,-1.804076909,0.2272690281,,,,0.2965001451
1990-04-04,-1.762655278,0.2258908392,,,,-0.6661793218
1990-04-05,-2.935665953,-1.863571676,,,,-0.02283104925
1990-04-06,-2.792147247,-1.817156588,,,,-0.3542522939
1990-04-07,-2.667833186,-1.774053719,,,,-0.1287876796
1990-04-08,-2.558790697,-1.733886915,,,,-0.1281110685
1990-04-09,-2.462129191,-1.696337227,,,,-0.1274450116
1990-04-10,-2.375670249,0.3086573181,,,,0.09622358955
1990-04-11,-2.297736832,0.3068526658,,,,-0.1574871152
1990-04-12,-2.227014053,0.305079334,,,,-1.779601788
1990-04-13,-2.162454456,0.3033364262,,,,-0.9129590721
1990-04-14,-2.103211921,0.3016230816,,,,-0.9047912397
1990-04-15,-2.048594495,0.299938473,,,,-0.8968394632
1990-04-16,-1.998030056,0.2982818055,,,,-0.8890943689
1990-04-17,-1.951040895,0.2966523142,,,,-0.4908895459
1990-04-18,-2.111092885,-0.1733437587,,,,-0.6411181205
1990-04-19,-2.057981194,-0.1724661994,,,,0.3163058313
1990-04-20,-2.008693364,-0.1716018379,,,,0.2268792119
1990-04-21,-1.962791505,-0.1707503466,,,,0.5907502438
1990-04-22,-1.919904855,-0.1699114093,,,,0.5871443747
1990-04-23,-1.879717106,0.3108601549,,,,0.5836038872
1990-04-24,-1.841956533,0.3092621001,,,,0.929600783
1990-04-25,-1.806388228,0.3076884627,,,,-0.1191654057
1990-04-26,-1.772807926,0.3061386266,,,,-0.4764795624
1990-04-27,-1.74103705,0.3046119973,,,,-0.733777587
1990-04-28,-1.710918701,0.3031080009,,,,0.1014839696
1990-04-29,-1.682314388,0.3016260833,,,,0.1010486157
1990-04-30,-1.655101342,0.3001657091,,,,0.1006188172
1990-05-01,-1.629170293,0.2987263609,,,,-1.05493285
1990-05-02,-1.60442362,0.2973075386,,,,-1.50918883
1990-05-03,-1.580773801,0.2959087585,,,,-1.112735024
1990-05-04,-1.558142109,0.2945295529,,,,-1.737491372
1990-05-05,-1.536457507,0.2931694692,,,,-1.926955311
1990-05-06,-1.475717539,0.4072982847,,,,-1.890901862
1990-05-07,-1.456961428,0.4053130741,,,,-1.856802614
1990-05-08,-1.43890435,0.4033566492,,,,-1.676878493
1990-05-09,-1.421503917,0.4014283204,,,,-1.31574324
1990-05-10,-1.404721255,0.3995274208,,,,-1.24148072
1990-05-11,-1.388520639,0.2800885211,,,,-1.249400085
1990-05-12,-1.37286917,0.2788771396,,,,-0.7450768734
1990-05-13,-1.357736493,0.2776813512,,,,-0.7406697298
1990-05-14,-1.343094555,0.2765008241,,,,-0.7363400551
1990-05-15,-1.32891738,0.2753352362,,,,-0.5973752704
1990-05-16,-1.315180876,0.2741842748,,,,-0.8600887147
1990-05-17,-1.301862667,0.2730476365,,,,-1.574882201
1990-05-18,-1.288941933,0.2719250264,,,,-1.729625017
1990-05-19,-1.276399279,0.2708161581,,,,-1.732213827
1990-05-20,-1.264216609,0.2697207534,,,,-1.707375137
1990-05-21,-1.290473588,0.1472410378,,,,-1.683577036
1990-05-22,-1.278167527,0.1466827933,,,,-1.845296626
1990-05-23,-1.266207701,0.1461308514,,,,-1.387583679
1990-05-24,-1.254578163,0.1455850944,,,,-1.626430064
1990-05-25,-1.243263978,0.1450454076,,,,-1.407698579
1990-05-26,-1.232251138,0.2681744461,,,,-1.537752976
1990-05-27,-1.221526492,0.2671454595,,,,-1.520047712
1990-05-28,-1.211077678,0.2661282338,,,,-1.502941382
1990-05-29,-1.200893065,0.2651225466,,,,-1.486400951
1990-05-30,-1.190961696,0.2641281812,,,,-0.9321200696
1990-05-31,-1.181273242,0.2631449267,,,,-1.420032509
1990-06-01,-1.171817951,0.2621725775,,,,-1.431969677
1990-06-02,-1.162586614,0.2612109336,,,,-1.521591016
1990-06-03,-1.153570521,0.2602597998,,,,-1.505115424
1990-06-04,-1.144761431,0.259318986,,,,-1.489164634
1990-06-05,-1.136151536,0.2583883067,,,,-0.9938530435
1990-06-06,-1.228541449,-0.0896082309,,,,-0.7717566242
1990-06-07,-1.218640339,-0.08930864224,,,,-1.343112702
1990-06-08,-1.208975298,-0.08901203853,,,,-1.529328103
1990-06-09,-1.199537089,-0.08871837051,,,,-1.257199849
1990-06-10,-1.190316969,-0.08842759009,,,,-1.247043137
1990-06-11,-1.181306661,0.2647789175,,,,-1.237129152
1990-06-12,-1.172498324,0.263868916,,,,-1.67793843
1990-06-13,-1.163884518,0.2629682375,,,,-1.564839577
1990-06-14,-1.155458182,0.2620767238,,,,-1.267510158
1990-06-15,-1.147212609,0.2611942206,,,,-1.250263888
1990-06-16,-1.139141423,0.2603205769,,,,-1.777355913
1990-06-17,-1.13123856,0.2594556455,,,,-1.755302937
1990-06-18,-1.123498244,0.2585992824,,,,-1.734052138
1990-06-19,-1.115914977,0.2577513471,,,,-1.076119385
1990-06-20,-1.108483514,0.2569117021,,,,-1.93956993
1990-06-21,-1.724737298,-2.01725452,,,,-1.898960824
1990-06-22,-1.704748695,-1.986672295,,,,-2.060978935
1990-06-23,-1.685440313,-1.957441783,,,,-0.4344825246
1990-06-24,-1.666774421,-1.929466251,,,,-0.4329947419
1990-06-25,-1.648716153,-1.902658388,,,,-0.4315221542
1990-06-26,-1.631233238,0.303229438,,,,-1.233755721
1990-06-27,-1.614295752,0.3022593472,,,,-1.491050582
1990-06-28,-1.597875909,0.301298513,,,,-1.577009676
1990-06-29,-1.581947861,0.3003467891,,,,-1.500196885
1990-06-30,-1.566487535,0.2994040324,,,,-1.717612716
1990-07-01,-1.551472473,0.2984701027,,,,-1.698918054
1990-07-02,-1.536881701,0.2975448633,,,,-1.680821645
1990-07-03,-1.522695601,0.29662818,,,,-1.408743754
1990-07-04,-1.508895802,0.2957199217,,,,-1.44756358
1990-07-05,-1.029614103,2.058468071,,,,-1.435451015
1990-07-06,-1.023866362,2.028736725,,,,-1.042398079
1990-07-07,-1.018213988,2.000258927,,,,-1.317757812
1990-07-08,-1.01265437,1.972948993,,,,-1.308156241
1990-07-09,-1.007184998,1.946729219,,,,-1.298761873
1990-07-10,-1.001803455,0.227644337,,,,-1.206460964
1990-07-11,-0.9965074128,0.226996146,,,,-1.112206659
1990-07-12,-0.9912946302,0.2263534623,,,,-1.185513743
1990-07-13,-0.9861629465,0.2257162084,,,,-1.051821531
1990-07-14,-0.981110279,0.2250843081,,,,-1.036117004
1990-07-15,-0.9761346191,0.2244576869,,,,-1.030594642
1990-07-16,-0.971234029,0.2238362716,,,,-1.025159798
1990-07-17,-0.9664066386,0.2232199907,,,,-1.132817461
1990-07-18,-0.9616506422,0.2226087737,,,,-1.156132285
1990-07-19,-0.4334752195,2.147041964,,,,-0.4030168162
1990-07-20,-0.4321787056,2.116246685,,,,-0.5157490793
1990-07-21,-0.4308937662,2.086740872,,,,-1.491045029
1990-07-22,-0.42962023,2.058436976,,,,-1.479151266
1990-07-23,-0.4283579292,2.031255551,,,,-1.467538051
1990-07-24,-0.4271066994,0.1593370477,,,,1.213552938
1990-07-25,-0.4258663797,0.158925979,,,,0.5811702586
1990-07-26,-0.4246368122,0.158518076,,,,0.04645163156
1990-07-27,-0.4234178425,0.1581132982,,,,0.06972816005
1990-07-28,-0.422209319,0.1577116058,,,,0.3575113002
1990-07-29,-0.4210110933,0.1573129598,,,,0.3565449626
1990-07-30,-0.4198230199,0.156917322,,,,0.3555864236
1990-07-31,-0.4186449562,0.1565246547,,,,0.3681067866
1990-08-01,-0.4174767622,0.1561349209,,,,0.3502447581
1990-08-02,-0.4163183009,0.1557480842,,,,0.5284813795
1990-08-03,-0.4151694377,0.155364109,,,,0.1169361069
1990-08-04,-0.4140300407,0.1549829601,,,,2.882926964
1990-08-05,-0.4128999807,0.154604603,,,,2.821967516
1990-08-06,0.6736436288,3.84954183,,,,2.764720528
1990-08-07,0.6713815525,3.711720201,,,,4.796822861
1990-08-08,0.6691421418,3.587719881,,,,3.695634529
1990-08-09,0.6669250205,3.475375275,,,,2.326929251
1990-08-10,0.6647298209,3.372967872,,,,1.177245607
1990-08-11,0.6625561839,0.05254058408,,,,1.565223232
1990-08-12,0.6604037586,0.05241905174,,,,1.553124833
1990-08-13,0.6582722018,0.05229835887,,,,1.541303047
1990-08-14,0.6561611782,0.05217849584,,,,1.526884438
1990-08-15,0.6540703601,0.05205945318,,,,1.068348805
1990-08-16,0.6519994268,0.05194122159,,,,0.8125680457
1990-08-17,0.649948065,0.05182379188,,,,1.912075058
1990-08-18,0.647915968,0.05170715505,,,,1.996757815
1990-08-19,0.645902836,0.0515913022,,,,1.975216663
1990-08-20,0.6439083755,0.0514762246,,,,1.954358588
1990-08-21,1.730647779,3.330637804,,,,1.637794399
1990-08-22,1.715778236,3.244278301,,,,2.295183592
1990-08-23,1.701285899,3.164308628,,,,2.706948818
1990-08-24,1.687155081,3.089977804,,,,4.165929818
1990-08-25,1.673370997,3.020652872,,,,3.395718464
1990-08-26,1.659919692,-0.02095764174,,,,3.308351162
1990-08-27,1.646787988,-0.02091240737,,,,3.227400587
1990-08-28,1.633963423,-0.02086746463,,,,2.131075155
1990-08-29,1.621434208,-0.02082281041,,,,1.984142377
1990-08-30,1.609189174,-0.02077844162,,,,1.545679418
1990-08-31,1.597217739,-0.02073435525,,,,2.135288695
1990-09-01,1.58550986,-0.0206905483,,,,2.113373325
1990-09-02,1.574056007,-0.02064701784,,,,2.089841154
1990-09-03,1.562847122,-0.02060376097,,,,2.067078579
1990-09-04,1.551874595,-0.02056077484,,,,2.045044544
1990-09-05,1.541130232,-0.02051805664,,,,1.950031822
1990-09-06,1.093120211,-1.338576496,,,,1.68757428
1990-09-07,1.088274272,-1.330881138,,,,2.056493805
1990-09-08,1.083492299,-1.323317155,,,,1.703388484
1990-09-09,1.078772898,-1.315880852,,,,1.690172795
1990-09-10,1.074114714,-1.308568675,,,,1.677260313
1990-09-11,1.069516435,0.006890976121,,,,1.802120875
1990-09-12,1.064976787,0.006877068786,,,,1.567433271
1990-09-13,1.065969864,0.006863245314,,,,1.494113688
1990-09-14,1.066964447,0.006849504865,,,,1.750380277
1990-09-15,1.067960541,0.006835846612,,,,2.003389271
1990-09-16,1.068958148,0.006822269739,,,,1.978866725
1990-09-17,1.069957275,0.006808773439,,,,1.954992611
1990-09-18,1.070957925,0.006808773439,,,,1.713785027
1990-09-19,1.071960102,0.006808773439,,,,1.540232686
1990-09-20,0.7847670757,-0.8607640248,,,,1.325260379
1990-09-21,0.7876292796,-0.8560503694,,,,1.481728977
1990-09-22,0.7905047242,-0.8513624964,,,,1.766850863
1990-09-23,0.7933935378,-0.8467000444,,,,1.752631764
1990-09-24,0.7962958505,-0.8420626585,,,,1.738654154
1990-09-25,0.7992117941,0.02394217415,,,,1.836939717
1990-09-26,0.8021415019,0.02394217415,,,,1.45562198
1990-09-27,0.8050851095,0.02394217415,,,,1.316977266
1990-09-28,0.8080427541,0.02394217415,,,,1.409742104
1990-09-29,0.8110145748,0.02394217415,,,,1.490143525
1990-09-30,0.8152357186,0.02570703622,,,,1.478182217
1990-10-01,0.8194866874,0.02747351763,,,,1.466395938
1990-10-02,0.8237679121,0.02924163801,,,,1.245759562
1990-10-03,0.8280798323,0.03101141712,,,,1.080070981
1990-10-04,2.110711246,3.691755405,,,,1.203972788
1990-10-05,2.097266663,3.581595338,,,,1.120262568
1990-10-06,2.084025018,3.479920971,,,,1.187535719
1990-10-07,2.070980999,3.385675178,,,,1.184688423
1990-10-08,2.058129483,3.297976782,,,,1.181852617
1990-10-09,2.045465535,-0.03724112858,,,,1.217901744
1990-10-10,2.032984395,-0.03724112858,,,,1.75590977
1990-10-11,2.020681472,-0.03724112858,,,,1.838347633
1990-10-12,2.008552332,-0.03724112858,,,,2.372118481
1990-10-13,1.996592698,-0.03724112858,,,,1.941961062
1990-10-14,1.984798438,-0.03724112858,,,,1.922251266
1990-10-15,1.973165561,-0.03724112858,,,,1.90297926
1990-10-16,1.954926107,-0.04379580293,,,,1.826830828
1990-10-17,1.937063579,-0.05042457318,,,,1.773951157
1990-10-18,1.919564299,-0.05713012366,,,,1.742771054
1990-10-19,1.902415273,-0.06391526507,,,,1.391079011
1990-10-20,1.885604151,-0.07078294267,,,,1.05073449
1990-10-21,0.8919008202,-2.88133237,,,,1.045393748
1990-10-22,0.8902888781,-2.824000753,,,,1.040089881
1990-10-23,0.8886806073,-2.769503224,,,,0.9236960274
1990-10-24,0.8870759899,-2.717605901,,,,0.9763800637
1990-10-25,0.8854750081,-2.668101118,,,,1.104376219
1990-10-26,0.8838776441,-0.0127810135,,,,1.238785648
1990-10-27,0.8822838804,-0.0127810135,,,,1.548627729
1990-10-28,0.8806936994,-0.0127810135,,,,1.534225794
1990-10-29,0.8791070837,-0.0127810135,,,,1.520066943
1990-10-30,0.8775240161,-0.0127810135,,,,1.651292101
1990-10-31,0.8801482003,-0.006587511097,,,,1.44948318
1990-11-01,0.8827834191,-0.0003333122334,,,,1.351111542
1990-11-02,0.8854297666,0.005983699025,,,,1.378992697
1990-11-03,0.8880873383,0.0123657306,,,,1.329218379
1990-11-04,0.8907562305,0.01881508791,,,,1.320051648
1990-11-05,0.893436541,0.01881508791,,,,1.310990723
1990-11-06,0.3442059343,-1.486484719,,,,1.269579642
1990-11-07,0.3487873927,-1.474042097,,,,1.127681136
1990-11-08,0.3534028433,-1.461786691,,,,1.434264213
1990-11-09,0.358052947,-1.449713116,,,,1.407946827
1990-11-10,0.3627383818,-1.437816199,,,,0.7150358613
1990-11-11,0.3674598436,0.04789403042,,,,0.7104362463
1990-11-12,0.3722180461,0.04789403042,,,,0.7058561453
1990-11-13,0.3726689509,0.03969311382,,,,0.4593586411
1990-11-14,0.3731200714,0.03134814532,,,,0.2737814205
1990-11-15,0.3735714079,0.02285118116,,,,-0.03186119295
1990-11-16,0.3740229609,0.01419367459,,,,-0.09135395189
1990-11-17,0.3744747308,0.005366413696,,,,-0.3130292083
1990-11-18,0.3749267179,0.005366413696,,,,-0.3138654357
1990-11-19,0.3753789226,0.005366413696,,,,-0.3147023725
1990-11-20,0.3758313454,0.005366413696,,,,-0.3855286826
1990-11-21,0.05666828325,-0.8727940085,,,,-0.5392695885
1990-11-22,0.05835828706,-0.8679847128,,,,-0.3607743373
1990-11-23,0.06004998029,-0.8632023984,,,,-0.3627368476
1990-11-24,0.06174338063,-0.8584466818,,,,-0.3855698952
1990-11-25,0.06343850585,-0.8537171864,,,,-0.388620582
1990-11-26,0.06513537383,0.02271607077,,,,-0.3916848448
1990-11-27,0.06683400252,0.02271607077,,,,-0.07306756777
1990-11-28,0.06639618516,0.01705073954,,,,-0.05774838127
1990-11-29,0.0659583849,0.01133967029,,,,-0.04169823589
1990-11-30,0.06552060149,0.005581431632,,,,0.1298372053
1990-12-01,0.06508283466,-0.0002254609001,,,,-0.1890030829
1990-12-02,0.06464508417,-0.006082547568,,,,-0.1903081469
1990-12-03,0.06420734976,-0.006082547568,,,,-0.1916146391
1990-12-04,0.06376963119,-0.006082547568,,,,-0.1700805654
1990-12-05,0.06333192819,-0.006082547568,,,,-0.2181416454
1990-12-06,0.3580144132,0.8137591907,,,,-0.4174083197
1990-12-07,0.3563123873,0.809430349,,,,-0.1149070685
1990-12-08,0.3546121572,0.8051228017,,,,-0.1225389462
1990-12-09,0.3529137074,0.8008362679,,,,-0.1247082811
1990-12-10,0.3512170221,0.7965704713,,,,-0.1268817167
1990-12-11,0.3495220859,-0.02229044329,,,,0.05341321738
1990-12-12,0.3478288833,-0.02229044329,,,,0.08210934529
1990-12-13,0.3438877268,-0.02968335259,,,,-0.3686918353
1990-12-14,0.3399466804,-0.03718121733,,,,-0.04661557419
1990-12-15,0.3360055411,-0.04478860652,,,,0.09810447536
1990-12-16,0.3320641044,-0.05251035658,,,,0.09660214444
1990-12-17,0.3281221651,-0.06035159244,,,,0.09509960643
1990-12-18,0.324179517,-0.06035159244,,,,0.2760827196
1990-12-19,0.3202359523,-0.06035159244,,,,-0.04309867648
1990-12-20,-0.2668821752,-1.711007684,,,,-0.05257805063
1990-12-21,-0.2690608705,-1.694622134,,,,-0.04587574264
1990-12-22,-0.2712451061,-1.678550286,,,,-0.1342737155
1990-12-23,-0.2734349328,-1.662781156,,,,-0.136470663
1990-12-24,-0.2756304018,-1.647304288,,,,-0.1386719769
1990-12-25,-0.2778315649,-0.02650728966,,,,0.1108932346
1990-12-26,-0.2807735841,-0.02815325353,,,,0.1082942987
1990-12-27,-0.2837269771,-0.02980056424,,,,0.1348023265
1990-12-28,-0.2866918843,-0.03144923749,,,,0.2490356976
1990-12-29,-0.2896684485,-0.03309928903,,,,0.2919043073
1990-12-30,-0.2926568146,-0.03475073469,,,,0.2905994992
1990-12-31,-0.2956571295,-0.03475073469,,,,0.2892955947
1991-01-01,-0.2986695424,-0.03475073469,,,,0.5320664855
1991-01-02,-0.3016942047,-0.03475073469,,,,0.5284704431
1991-01-03,-0.3047312701,-0.03475073469,,,,0.5682839648
1991-01-04,-0.3077808948,-0.03475073469,,,,0.8029730909
1991-01-05,-0.3108432373,-0.03475073469,,,,0.6629134594
1991-01-06,0.6030346017,2.420590933,,,,0.6587849815
1991-01-07,0.5975018468,2.383275872,,,,0.654671645
1991-01-08,0.5919802448,2.347318302,,,,0.9696250792
1991-01-09,0.5864692512,2.312633702,,,,1.221394678
1991-01-10,0.5809683221,2.279144754,,,,1.737023172
1991-01-11,0.5754769129,-0.07966748668,,,,1.366723573
1991-01-12,0.5699944786,-0.07966748668,,,,1.588403212
1991-01-13,0.5645808604,-0.07931304626,,,,1.574027183
1991-01-14,0.5591756224,-0.07895862455,,,,1.559908172
1991-01-15,0.5537782422,-0.07860422141,,,,2.176350794
1991-01-16,0.5483881966,-0.07824983671,,,,2.141025545
1991-01-17,0.5430049604,-0.07789547031,,,,1.598429498
1991-01-18,0.5376280071,-0.07789547031,,,,0.5721929345
1991-01-19,0.5322568076,-0.07789547031,,,,0.2023071884
1991-01-20,0.5268908308,-0.07789547031,,,,0.1985994074
1991-01-21,1.034687064,1.21119061,,,,0.1948862333
1991-01-22,1.026512431,1.202578818,,,,0.002834636831
1991-01-23,1.018406207,1.19405765,,,,0.1009404876
1991-01-24,1.010366788,1.185625114,,,,-0.07895505541
1991-01-25,1.002392608,1.177279274,,,,-0.2738866438
1991-01-26,0.9944821412,-0.1021814066,,,,-0.3973955411
1991-01-27,0.9866338962,-0.1021814066,,,,-0.402207111
1991-01-28,0.9788605134,-0.102533027,,,,-0.4070574859
1991-01-29,0.9711465285,-0.1028846957,,,,-0.2582714264
1991-01-30,0.9634905615,-0.1032364129,,,,-0.2409314475
1991-01-31,0.9558912634,-0.1035881788,,,,-0.5746339504
1991-02-01,0.9483473152,-0.1039399934,,,,-0.6627739081
1991-02-02,0.9408574273,-0.1039399934,,,,-0.643325067
1991-02-03,0.9334203375,-0.1039399934,,,,-0.6477928456
1991-02-04,0.9260348108,-0.1039399934,,,,-0.6522945727
1991-02-05,0.9186996377,-0.1039399934,,,,-0.5053209473
1991-02-06,-1.331806827,-5.289104205,,,,-0.5826076431
1991-02-07,-1.330535391,-4.998315435,,,,-0.3606226407
1991-02-08,-1.329266258,-4.748862743,,,,-0.1941593108
1991-02-09,-1.32799942,-4.531716267,,,,-0.2409990336
1991-02-10,-1.32673487,-4.340389089,,,,-0.2466673534
1991-02-11,-1.3254726,0.004547651121,,,,-0.2523904051
1991-02-12,-1.324212602,0.004547651121,,,,-0.4120627192
1991-02-13,-1.323967445,0.003811419648,,,,-0.4724982699
1991-02-14,-1.323722374,0.003075093364,,,,-0.7438399072
1991-02-15,-1.323477391,0.002338671039,,,,-0.6312626504
1991-02-16,-1.323232494,0.001602151439,,,,-1.000782063
1991-02-17,-1.322987683,0.0008655333314,,,,-1.004124155
1991-02-18,-1.322742958,0.0008655333314,,,,-1.00748414
1991-02-19,-1.32249832,0.0008655333314,,,,-1.013278636
1991-02-20,-1.322253769,0.0008655333314,,,,-0.9666282617
1991-02-21,-1.505048917,-0.3572557759,,,,-0.5026855642
1991-02-22,-1.502485174,-0.3557389319,,,,-0.7958617816
1991-02-23,-1.499930374,-0.3542236016,,,,-0.7586855162
1991-02-24,-1.497384461,-0.3527097736,,,,-0.7665424606
1991-02-25,-1.494847378,-0.3511974367,,,,-0.7745124714
1991-02-26,-1.49231907,0.007991206638,,,,-0.4132375999
1991-02-27,-1.489799482,0.007991206638,,,,-0.9163082136
1991-02-28,-1.495328147,0.003348605368,,,,-0.749692866
1991-03-01,-1.500900682,-0.001319377019,,,,-0.7666326404
1991-03-02,-1.506517716,-0.006013365695,,,,-0.7692538381
1991-03-03,-1.512179893,-0.01073400211,,,,-0.771886053
1991-03-04,-1.51788787,-0.01548194463,,,,-0.7745293832
1991-03-05,-1.523642316,-0.01548194463,,,,-0.856335386
1991-03-06,-1.542273626,-0.04065713125,,,,-0.9480517383
1991-03-07,-1.547982094,-0.0405567173,,,,-0.9360879552
1991-03-08,-1.55373659,-0.04045630432,,,,-0.8412418333
1991-03-09,-1.559537784,-0.04035589232,,,,-0.9012528964
1991-03-10,-1.565386358,-0.04025548128,,,,-0.9115651733
1991-03-11,-1.571283009,-0.0149802344,,,,-0.922070962
1991-03-12,-1.57722845,-0.0149802344,,,,-0.9161332588
1991-03-13,-1.583223405,-0.0149802344,,,,-1.362610045
1991-03-14,-1.581876549,-0.01125594967,,,,-1.946547941
1991-03-15,-1.580532133,-0.007518899358,,,,-2.182256145
1991-03-16,-1.579190152,-0.003768823948,,,,-2.183829441
1991-03-17,-1.577850596,-5.459369929e-06,,,,-2.176932533
1991-03-18,-1.576513457,0.003771463108,,,,-2.170088904
1991-03-19,-1.575178729,0.003771463108,,,,-1.978419381
1991-03-20,-1.573846403,0.003771463108,,,,-1.907795061
1991-03-21,-1.25222027,0.6268085446,,,,-1.920108689
1991-03-22,-1.254660129,0.6238401875,,,,-1.746663196
1991-03-23,-1.257108936,0.6208806541,,,,-1.822481865
1991-03-24,-1.259566752,0.6179298541,,,,-1.820370577
1991-03-25,-1.262033639,0.6149876985,,,,-1.818264891
1991-03-26,-1.26450966,-0.008616151383,,,,-1.761577954
1991-03-27,-1.266994878,-0.008616151383,,,,-1.854834783
1991-03-28,-1.263896888,-0.004439538416,,,,-1.796992915
1991-03-29,-1.26081239,-0.0002445401261,,,,-1.72277775
1991-03-30,-1.257741274,0.003969252091,,,,-1.727147714
1991-03-31,-1.25468343,0.008202255664,,,,-1.731542996
1991-04-01,-1.251638748,0.01245489714,,,,-1.735963858
1991-04-02,-1.24860712,0.01245489714,,,,-1.609198961
1991-04-03,-1.945979785,-1.364318853,,,,-1.602996468
1991-04-04,-1.930610012,-1.353844467,,,,-1.552870218
1991-04-05,-1.915513135,-1.343504692,,,,-1.464614517
1991-04-06,-1.900680643,-1.333296118,,,,-1.535241972
1991-04-07,-1.886104395,-1.323215455,,,,-1.527247393
1991-04-08,-1.871776597,0.03926464374,,,,-1.519335475
1991-04-09,-1.857689781,0.03926464374,,,,-1.555787855
1991-04-10,-1.843836794,0.03926464374,,,,-1.00057936
1991-04-11,-1.830210776,0.03926464374,,,,-1.077175959
1991-04-12,-1.816805146,0.03926464374,,,,-1.577126909
1991-04-13,-1.803613589,0.03926464374,,,,-1.319840279
1991-04-14,-1.790630039,0.03926464374,,,,-1.308600117
1991-04-15,-1.771640279,0.04798752845,,,,-1.297505668
1991-04-16,-1.753059423,0.05688086245,,,,-1.682814196
1991-04-17,-1.73487144,0.0659540422,,,,-1.80463263
1991-04-18,-1.717061161,0.07521719006,,,,-1.854238266
1991-04-19,-1.699614221,0.08468122986,,,,-1.67921143
1991-04-20,-1.682517001,0.08468122986,,,,-1.776145158
1991-04-21,-1.268471652,0.9757372633,,,,-1.757422365
1991-04-22,-1.258607024,0.9703667822,,,,-1.739097823
1991-04-23,-1.248858753,0.965031862,,,,-1.509226382
1991-04-24,-1.239223982,0.9597319636,,,,-1.450589792
1991-04-25,-1.229699945,0.9544665585,,,,-1.497325469
1991-04-26,-1.220283964,0.06627693917,,,,-1.401476431
1991-04-27,-1.210973449,0.06627693917,,,,-1.366288014
1991-04-28,-1.201765891,0.06627693917,,,,-1.354460065
1991-04-29,-1.192658856,0.06627693917,,,,-1.342794754
1991-04-30,-1.18333849,0.07557975797,,,,-1.142394704
1991-05-01,-1.174123049,0.08508590783,,,,-1.138885648
1991-05-02,-1.16501018,0.09480741885,,,,-1.218906415
1991-05-03,-1.155997613,0.1047573306,,,,-1.26232805
1991-05-04,-1.147083155,0.1149498064,,,,-1.308446392
1991-05-05,-1.138264689,0.1149498064,,,,-1.300846235
1991-05-06,-1.588567273,-0.980028252,,,,-1.293421943
1991-05-07,-1.574658954,-0.9738419712,,,,-1.151737807
1991-05-08,-1.561003025,-0.9677005031,,,,-1.231194186
1991-05-09,-1.547592071,-0.9616030688,,,,-1.159516935
1991-05-10,-1.534419029,-0.9555489057,,,,-1.267742302
1991-05-11,-1.521477172,0.1355421817,,,,-1.18646888
1991-05-12,-1.508760088,0.1355421817,,,,-1.177151704
1991-05-13,-1.49626167,0.1355421817,,,,-1.167937739
1991-05-14,-1.483976096,0.1355421817,,,,-1.13571461
1991-05-15,-1.471897819,0.1355421817,,,,-1.061265778
1991-05-16,-1.45877729,0.1319126192,,,,-0.9795539094
1991-05-17,-1.445861916,0.1282755413,,,,-1.192036606
1991-05-18,-1.433145541,0.1246307473,,,,-1.297917275
1991-05-19,-1.420622258,0.1209780337,,,,-1.287167718
1991-05-20,-1.408286406,0.1173171945,,,,-1.276554423
1991-05-21,-0.5957955392,2.040611676,,,,-1.177955652
1991-05-22,-0.5901588576,2.016394096,,,,-1.365954987
1991-05-23,-0.5845316242,1.992811469,,,,-1.33704412
1991-05-24,-0.57891324,1.96983451,,,,-1.335701146
1991-05-25,-0.5733031044,1.947435791,,,,-1.493624662
1991-05-26,-0.5677006145,0.07558109394,,,,-1.481747969
1991-05-27,-0.5621051648,0.07558109394,,,,-1.470077034
1991-05-28,-0.556516147,0.07558109394,,,,-1.457790125
1991-05-29,-0.5509329491,0.07558109394,,,,-1.361450258
1991-05-30,-0.5458371095,0.07321576319,,,,-1.306051872
1991-05-31,-0.540749813,0.07084824933,,,,-1.27253768
1991-06-01,-0.5356706408,0.06847850582,,,,-1.280088575
1991-06-02,-0.530599174,0.06610648586,,,,-1.270458757
1991-06-03,-0.525534994,0.06373214238,,,,-1.260960177
1991-06-04,-0.5204776815,0.06373214238,,,,-1.071925669
1991-06-05,-0.5154268171,0.06373214238,,,,-1.19784312
1991-06-06,-0.4812278631,0.1301040014,,,,-1.144211874
1991-06-07,-0.4762991634,0.1298362336,,,,-1.033600685
1991-06-08,-0.4713738347,0.1295684887,,,,-1.016075464
1991-06-09,-0.466451473,0.1293007666,,,,-1.008298191
1991-06-10,-0.4615316724,0.1290330673,,,,-1.000587289
1991-06-11,-0.456614025,0.06240194284,,,,-0.8980559908
1991-06-12,-0.4516981201,0.06240194284,,,,-0.9198953571
1991-06-13,-0.4453398656,0.07399868386,,,,-0.8351280068
1991-06-14,-0.4389513229,0.08597867007,,,,-0.9697628859
1991-06-15,-0.4325302834,0.09837453956,,,,-1.157576495
1991-06-16,-0.4260744166,0.1112230122,,,,-1.148438826
1991-06-17,-0.419581259,0.1245655836,,,,-1.139396957
1991-06-18,-0.4130482011,0.1245655836,,,,-1.223290183
1991-06-19,-0.4064724733,0.1245655836,,,,-1.091204334
1991-06-20,1.402622676,4.076658955,,,,-0.830521643
1991-06-21,1.416561823,3.933325677,,,,-0.962581415
1991-06-22,1.430800626,3.803090706,,,,-1.004683215
1991-06-23,1.445350838,3.684043132,,,,-0.9991638117
1991-06-24,1.46022487,3.574641448,,,,-0.9937695181
1991-06-25,1.475435839,0.03700305824,,,,-0.6286332313
1991-06-26,1.490997626,0.03700305824,,,,-0.7109626546
1991-06-27,1.50692493,0.03700305824,,,,-0.6784597607
1991-06-28,1.52323333,0.03700305824,,,,-0.6951796917
1991-06-29,1.53993936,0.03700305824,,,,-0.3386441576
1991-06-30,1.538492081,0.02904032724,,,,-0.3329720157
1991-07-01,1.537047651,0.02094653182,,,,-0.3272778425
1991-07-02,1.535606059,0.01271487857,,,,-0.5137251477
1991-07-03,1.534167295,0.004338093616,,,,-0.7213043642
1991-07-04,1.744242841,0.4049931813,,,,-0.324523155
1991-07-05,1.739398828,0.4032318062,,,,-0.318238785
1991-07-06,1.734584592,0.4014726885,,,,-0.5526103119
1991-07-07,1.729799808,0.3997158102,,,,-0.5466241747
1991-07-08,1.725044156,0.3979611536,,,,-0.5406385674
1991-07-09,1.720317321,-0.01232548089,,,,-0.1048066772
1991-07-10,1.715618992,-0.01232548089,,,,-0.2153491217
1991-07-11,1.710948862,-0.01232548089,,,,-0.3367037744
1991-07-12,1.706306631,-0.01232548089,,,,-0.7394933629
1991-07-13,1.701692001,-0.01232548089,,,,-0.5276483309
1991-07-14,1.69710468,-0.01232548089,,,,-0.5216042141
1991-07-15,1.692544379,-0.01232548089,,,,-0.5155545807
1991-07-16,1.681213712,-0.01714537795,,,,-0.6297718668
1991-07-17,1.670041302,-0.02199460502,,,,-0.6928217156
1991-07-18,1.659023172,-0.02687390072,,,,-0.6809653095
1991-07-19,1.648155481,-0.03178402435,,,,-1.101082095
1991-07-20,1.637434523,-0.0367257567,,,,-1.159011855
1991-07-21,1.67189918,0.05609782601,,,,-1.151096076
1991-07-22,1.660603791,0.0557278187,,,,-1.143288813
1991-07-23,1.649466105,0.05535782156,,,,-0.7917837916
1991-07-24,1.638482144,0.05498783442,,,,-0.8637833285
1991-07-25,1.627648074,0.05461785714,,,,-0.8988615334
1991-07-26,1.61696019,-0.03857419541,,,,-1.056115554
1991-07-27,1.606414916,-0.03857419541,,,,-1.119298927
1991-07-28,1.596008798,-0.03857419541,,,,-1.11103705
1991-07-29,1.585738495,-0.03857419541,,,,-1.10285422
1991-07-30,1.575600781,-0.03857419541,,,,-1.041683207
1991-07-31,1.563313343,-0.04136303457,,,,-1.083546027
1991-08-01,1.551211301,-0.04415820517,,,,-1.145726713
1991-08-02,1.539289485,-0.04695980228,,,,-1.06748551
1991-08-03,1.527542922,-0.04976792206,,,,-1.110374087
1991-08-04,1.51596683,-0.05258266177,,,,-1.102354459
1991-08-05,1.504556604,-0.05258266177,,,,-1.094409941
1991-08-06,0.19097442,-2.869589639,,,,-0.9280669553
1991-08-07,0.191404543,-2.812780151,,,,-1.011677588
1991-08-08,0.1918347867,-2.758761563,,,,-0.9989957114
1991-08-09,0.1922651514,-2.707304853,,,,-0.8908037112
1991-08-10,0.1926956374,-2.658206533,,,,-1.010588905
1991-08-11,0.193126245,0.004162647917,,,,-1.002894878
1991-08-12,0.1935569744,0.004162647917,,,,-0.995263026
1991-08-13,0.1939878258,0.004162647917,,,,-1.032771627
1991-08-14,0.1944187997,0.004162647917,,,,-1.150460998
1991-08-15,0.1961137753,0.006519158463,,,,-1.056764998
1991-08-16,0.1978114298,0.00887908616,,,,-1.024851149
1991-08-17,0.199511784,0.0112424816,,,,-0.8230777942
1991-08-18,0.2012148587,0.01360939579,,,,-0.8166735972
1991-08-19,0.202920675,0.01597988012,,,,-0.8103037852
1991-08-20,0.2046292541,0.01597988012,,,,0.4257349125
1991-08-21,-0.8440453584,-2.09236412,,,,-0.1254523567
1991-08-22,-0.837725667,-2.066099096,,,,-0.8931858055
1991-08-23,-0.8314423899,-2.040567695,,,,-1.129848738
1991-08-24,-0.8251947709,-2.015733978,,,,-1.163384005
1991-08-25,-0.8189820674,-1.991564422,,,,-1.15410432
1991-08-26,-0.8128035499,0.05594755835,,,,-1.144921908
1991-08-27,-0.8066585016,0.05594755835,,,,-1.041651444
1991-08-28,-0.8005462179,0.05594755835,,,,-0.8795475402
1991-08-29,-0.7960857488,0.05161627061,,,,-0.9080819983
1991-08-30,-0.7916471948,0.04726645908,,,,-1.016898044
1991-08-31,-0.7872302546,0.04289767307,,,,-1.093988126
1991-09-01,-0.782834632,0.03850945193,,,,-1.08527885
1991-09-02,-0.7784600354,0.0341013246,,,,-1.076650475
1991-09-03,-0.7741061774,0.0341013246,,,,-1.068258147
1991-09-04,-0.7697727754,0.0341013246,,,,-0.5601595739
1991-09-05,-1.499675149,-1.432363181,,,,-0.4091239587
1991-09-06,-1.486740495,-1.420755178,,,,-0.3722870241
1991-09-07,-1.47400646,-1.409310993,,,,-0.4984591885
1991-09-08,-1.461467089,-1.398026148,,,,-0.492511347
1991-09-09,-1.449116671,-1.386896329,,,,-0.4865544458
1991-09-10,-1.436949718,0.06218004589,,,,-0.2440218236
1991-09-11,-1.424960962,0.06218004589,,,,-0.1169693512
1991-09-12,-1.41314534,0.06218004589,,,,-0.1739150617
1991-09-13,-1.401497985,0.06218004589,,,,-0.6030711085
1991-09-14,-1.390014212,0.06218004589,,,,-0.1764257074
1991-09-15,-1.378022348,0.06939071239,,,,-0.1686730388
1991-09-16,-1.366200772,0.07669971239,,,,-0.1607999189
1991-09-17,-1.35454467,0.08411103687,,,,-0.1673318542
1991-09-18,-1.343049411,0.0916288946,,,,-0.1946316105
1991-09-19,-1.331710541,0.09925772815,,,,-0.2169775827
1991-09-20,-1.320523771,0.09925772815,,,,-0.2072705823
1991-09-21,-1.309484972,0.09925772815,,,,-0.337114974
1991-09-22,-1.110048889,0.5020763197,,,,-0.3309737143
1991-09-23,-1.101236292,0.5002302792,,,,-0.3249716829
1991-09-24,-1.092508171,0.4983874177,,,,-0.5594971104
1991-09-25,-1.083862521,0.4965477132,,,,-0.7027105207
1991-09-26,-1.075297397,0.4947111436,,,,-0.8649673278
1991-09-27,-1.066810906,0.09101054938,,,,-1.002845909
1991-09-28,-1.058401207,0.09101054938,,,,-0.6111547083
1991-09-29,-1.050066508,0.09101054938,,,,-0.6078918004
1991-09-30,-1.042563214,0.09506545489,,,,-0.6048814425
1991-10-01,-1.03513979,0.09914050077,,,,-0.7994534255
1991-10-02,-1.027795371,0.1032360826,,,,-1.255394097
1991-10-03,-1.020529164,0.1073526047,,,,-0.8103550952
1991-10-04,-1.013340451,0.1114904801,,,,-0.2508487815
1991-10-05,-1.006228586,0.1114904801,,,,-0.8851263274
1991-10-06,-0.2076097138,1.76074292,,,,-0.8797829574
1991-10-07,-0.2012385957,1.743510128,,,,-0.8745373053
1991-10-08,-0.1948129162,1.726621603,,,,0.509064562
1991-10-09,-0.1883302857,1.71006487,,,,0.1594170023
1991-10-10,-0.1817881975,1.693828077,,,,0.5161577762
1991-10-11,-0.1751840203,0.07610722426,,,,0.1678662878
1991-10-12,-0.1685149887,0.07610722426,,,,0.07842006639
1991-10-13,-0.1617781937,0.07610722426,,,,0.0855700248
1991-10-14,-0.154970572,0.07610722426,,,,0.09281629685
1991-10-15,-0.1480888945,0.07610722426,,,,-0.3377284703
1991-10-16,-0.1486696483,0.06184941151,,,,-0.5748479931
1991-10-17,-0.1492505957,0.04665512387,,,,-1.25809343
1991-10-18,-0.1498317372,0.03034783956,,,,-0.5104876451
1991-10-19,-0.1504130736,0.01269746845,,,,-0.7410356781
1991-10-20,-0.1509946055,-0.006603314679,,,,-0.7399453416
1991-10-21,1.091319004,2.867751168,,,,-0.7393184065
1991-10-22,1.083447064,2.810807028,,,,-0.2991448035
1991-10-23,1.075646857,2.75666663,,,,-0.3533637954
1991-10-24,1.067916869,2.705099349,,,,-0.5113328959
1991-10-25,1.060255628,2.655900331,,,,-0.8725795076
1991-10-26,1.052661702,-0.05999857914,,,,-0.7910056001
1991-10-27,1.045133694,-0.05999857914,,,,-0.7844373757
1991-10-28,1.037670243,-0.05999857914,,,,-0.7778990103
1991-10-29,1.030270023,-0.05999857914,,,,-0.9451350202
1991-10-30,1.022931743,-0.05999857914,,,,-0.8801491025
1991-10-31,1.015270226,-0.06154816559,,,,-0.9329031046
1991-11-01,1.007671984,-0.06309911149,,,,-0.9161418185
1991-11-02,1.000135659,-0.06465143022,,,,-0.8398035263
1991-11-03,0.9926599277,-0.06620513522,,,,-0.8356491153
1991-11-04,0.9852434962,-0.06776023999,,,,-0.8316501629
1991-11-05,0.9778851033,-0.06776023999,,,,-0.3604992399
1991-11-06,1.13101848,0.2938456861,,,,-0.2704289997
1991-11-07,1.122188717,0.2923578793,,,,-0.2688589056
1991-11-08,1.113446223,0.2908711659,,,,-0.5912088856
1991-11-09,1.104788954,0.2893855357,,,,-0.9488537235
1991-11-10,1.096214929,0.2879009784,,,,-0.9484380974
1991-11-11,1.087722219,-0.07490482989,,,,-0.9485100309
1991-11-12,1.079308953,-0.07490482989,,,,-1.325076883
1991-11-13,1.070956607,-0.07501153321,,,,-1.918933562
1991-11-14,1.062680265,-0.0751182394,,,,-1.977949274
1991-11-15,1.054478196,-0.07522494844,,,,-1.973702748
1991-11-16,1.046348713,-0.07533166036,,,,3.238119059
1991-11-17,1.038290175,-0.07543837514,,,,3.226431602
1991-11-18,1.030300982,-0.07543837514,,,,3.214858648
1991-11-19,1.022379578,-0.07543837514,,,,1.162738482
1991-11-20,1.014524444,-0.07543837514,,,,2.633016867
1991-11-21,0.4420845937,-1.368459563,,,,2.627873411
1991-11-22,0.4379589594,-1.358280635,,,,1.694171364
1991-11-23,0.4338378098,-1.348230093,,,,3.107832386
1991-11-24,0.4297209278,-1.338304771,,,,3.04274824
1991-11-25,0.4256080961,-1.32850161,,,,2.981184149
1991-11-26,0.4214990977,-0.04868413582,,,,3.375731486
1991-11-27,0.4173937153,-0.04868413582,,,,1.948393123
1991-11-28,0.4141769475,-0.046161238,,,,1.950829169
1991-11-29,0.410964665,-0.04363508797,,,,1.928602882
1991-11-30,0.407756768,-0.04110562576,,,,2.170483222
1991-12-01,0.404553157,-0.03857279094,,,,2.1412418
1991-12-02,0.401353733,-0.0360365226,,,,2.112887157
1991-12-03,0.3981583974,-0.0360365226,,,,2.036835846
1991-12-04,0.3949670519,-0.0360365226,,,,1.718683781
1991-12-05,2.770352907,5.124987809,,,,1.603742296
1991-12-06,2.717612167,4.857605552,,,,1.981803526
1991-12-07,2.667335099,4.626363359,,,,1.266963774
1991-12-08,2.61932847,4.423717691,,,,1.257731497
1991-12-09,2.573419661,4.244162224,,,,1.248603859
1991-12-10,2.529453921,-0.1151872105,,,,1.659400249
1991-12-11,2.489251744,-0.1200499333,,,,1.733780066
1991-12-12,2.450603676,-0.1249466347,,,,2.116629745
1991-12-13,2.413408457,-0.1298781167,,,,1.223862501
1991-12-14,2.377573879,-0.1348452049,,,,0.5100880914
1991-12-15,2.343015772,-0.1398487486,,,,0.5093674999
1991-12-16,2.309657125,-0.1398487486,,,,0.5086474905
1991-12-17,2.277427322,-0.1398487486,,,,0.3537259443
1991-12-18,2.246261474,-0.1398487486,,,,0.6591690769
1991-12-19,1.144833068,-2.427975813,,,,0.4629838543
1991-12-20,1.135714316,-2.391114092,,,,0.5689410277
1991-12-21,1.126688251,-2.355579083,,,,0.3853863303
1991-12-22,1.117752657,-2.32128917,,,,0.3877577455
1991-12-23,1.108905387,-2.288169612,,,,0.3901368589
1991-12-24,1.100144355,-0.08858266181,,,,-0.2361195423
1991-12-25,1.091467534,-0.08858266181,,,,-0.8013701394
1991-12-26,1.082872957,-0.08858266181,,,,-0.802179297
1991-12-27,1.074358712,-0.08858266181,,,,-0.9374104055
1991-12-28,1.065922941,-0.08858266181,,,,-0.7811729846
1991-12-29,1.057496209,-0.08593623147,,,,-0.7812501652
1991-12-30,1.04914415,-0.08328680094,,,,-0.7813273545
1991-12-31,1.040865006,-0.08063430284,,,,0.3770169698
1992-01-01,1.032657066,-0.07797866931,,,,1.376206985
1992-01-02,1.024518663,-0.07531983197,,,,1.365020542
1992-01-03,1.016448169,-0.07531983197,,,,1.142980908
1992-01-04,1.008444001,-0.07531983197,,,,1.018390145
1992-01-05,1.000504612,-0.07531983197,,,,1.012857212
1992-01-06,-0.07331024161,-2.220888686,,,,1.007362811
1992-01-07,-0.07659195054,-2.191013288,,,,1.128260045
1992-01-08,-0.07988457473,-2.162058118,,,,1.282438795
1992-01-09,-0.08318829169,-2.133974025,,,,0.9781716382
1992-01-10,-0.08650328172,-2.106715462,,,,1.113403982
1992-01-11,-0.08982972788,-0.03065506998,,,,0.810188707
1992-01-12,-0.09316781615,-0.03065506998,,,,0.806339881
1992-01-13,-0.09828159114,-0.03374432343,,,,0.8025085659
1992-01-14,-0.1034335479,-0.03684186816,,,,0.5449699615
1992-01-15,-0.1086246567,-0.03994784022,,,,-0.0386318805
1992-01-16,-0.113855918,-0.0430623775,,,,0.1845084913
1992-01-17,-0.1191283636,-0.04618561975,,,,0.3295624075
1992-01-18,-0.1244430582,-0.04618561975,,,,-0.4393501102
1992-01-19,-0.1298011007,-0.04618561975,,,,-0.4364190874
1992-01-20,-0.1352036257,-0.04618561975,,,,-0.4334929246
1992-01-21,-0.1633317353,-0.08860376712,,,,-0.3721726235
1992-01-22,-0.1688200697,-0.08843375972,,,,0.5045265557
1992-01-23,-0.1743570235,-0.08826375874,,,,-0.1756021484
1992-01-24,-0.1799438848,-0.08809376417,,,,-0.3433777867
1992-01-25,-0.1855819858,-0.08792377598,,,,-0.4709733418
1992-01-26,-0.1912727049,-0.04533803737,,,,-0.4698904401
1992-01-27,-0.1970174687,-0.04533803737,,,,-0.468808707
1992-01-28,-0.1991833695,-0.04004137981,,,,-0.2165300182
1992-01-29,-0.2013541188,-0.03470871863,,,,0.3641743373
1992-01-30,-0.2035297636,-0.02933899474,,,,0.3316684622
1992-01-31,-0.2057103513,-0.02393111438,,,,0.2525791306
1992-02-01,-0.2078959298,-0.01848394757,,,,0.1953275992
1992-02-02,-0.2100865474,-0.01848394757,,,,0.1907081999
1992-02-03,-0.2122822528,-0.01848394757,,,,0.1860736799
1992-02-04,-0.2144830954,-0.01848394757,,,,0.651279267
1992-02-05,-0.2166891248,-0.01848394757,,,,0.504815638
1992-02-06,0.2045482056,0.7609996126,,,,0.652981587
1992-02-07,0.2010510215,0.7570257254,,,,0.9819797019
1992-02-08,0.1975499139,0.7530691795,,,,0.8105314132
1992-02-09,0.1940447251,0.7491297584,,,,0.8042661906
1992-02-10,0.190535296,0.7452072487,,,,0.7980337558
1992-02-11,0.1870214657,-0.03383662688,,,,0.8224791747
1992-02-12,0.1835030722,-0.03383662688,,,,0.3129027915
1992-02-13,0.180072935,-0.03364111385,,,,0.1163637068
1992-02-14,0.1766384892,-0.03344560279,,,,0.1622714476
1992-02-15,0.173199584,-0.0332500937,,,,-0.08525077908
1992-02-16,0.1697560665,-0.03305458655,,,,-0.08536865914
1992-02-17,0.166307783,-0.0328590813,,,,-0.08548654316
1992-02-18,0.1628545776,-0.0328590813,,,,-0.08446188527
1992-02-19,0.1593962933,-0.0328590813,,,,0.6140158164
1992-02-20,0.1228312749,-0.0926490388,,,,-0.008668305403
1992-02-21,0.1194595633,-0.09240944822,,,,-0.267073515
1992-02-22,0.1160818034,-0.09216987007,,,,-0.1810116642
1992-02-23,0.1126978406,-0.09193030432,,,,-0.1832629936
1992-02-24,0.109307519,-0.09169075092,,,,-0.1855194827
1992-02-25,0.1059106805,-0.03166566045,,,,-0.03591450849
1992-02-26,0.1025071654,-0.03166566045,,,,-0.4979411969
1992-02-27,0.1053029841,-0.02086475368,,,,-0.3244163831
1992-02-28,0.1081063573,-0.009722492018,,,,-0.4006858961
1992-02-29,0.1109173882,0.001791393213,,,,-0.3005742466
1992-03-01,0.1137361807,0.01371112368,,,,-0.3010156649
1992-03-02,0.1165628406,0.02607558123,,,,-0.3014572616
1992-03-03,0.1193974746,0.02607558123,,,,-0.1799606781
1992-03-04,0.122240191,0.02607558123,,,,0.04647316467
1992-03-05,-0.4231089978,-1.031826107,,,,0.4199202795
1992-03-06,-0.4186271692,-1.025450047,,,,0.7614886349
1992-03-07,-0.4141471063,-1.019123266,,,,1.517657584
1992-03-08,-0.4096685092,-1.012844901,,,,1.516146359
1992-03-09,-0.4051910766,-1.006614108,,,,1.514638257
1992-03-10,-0.4007145054,0.0467050616,,,,1.466674001
1992-03-11,-0.396238491,0.0467050616,,,,0.8739546357
1992-03-12,-0.3913193558,0.04805142964,,,,1.52449848
1992-03-13,-0.3863962828,0.049398666,,,,1.481562338
1992-03-14,-0.3814688056,0.05074677907,,,,0.6772244
1992-03-15,-0.3765364518,0.05209577727,,,,0.6772244
1992-03-16,-0.3715987424,0.05344566906,,,,0.6772244
1992-03-17,-0.3666551915,0.05344566906,,,,0.7501951675
1992-03-18,-0.3617053061,0.05344566906,,,,-0.2297756475
1992-03-19,-0.9343936866,-1.03078245,,,,-0.2839598605
1992-03-20,-0.9269715619,-1.024313877,,,,-0.3828953091
1992-03-21,-0.9195997665,-1.017895688,,,,-0.2012484299
1992-03-22,-0.9122770926,-1.011526988,,,,-0.1979418871
1992-03-23,-0.9050023558,-1.0052069,,,,-0.1946323495
1992-03-24,-0.8977743943,0.07431466267,,,,-0.2458257807
1992-03-25,-0.8905920682,0.07431466267,,,,-0.4872516515
1992-03-26,-0.8834542582,0.07431466267,,,,-0.5612684539
1992-03-27,-0.8763598649,0.07431466267,,,,-0.503354521
1992-03-28,-0.8693078081,0.07431466267,,,,-0.6661773528
1992-03-29,-0.862301949,0.07461260676,,,,-0.6680874577
1992-03-30,-0.8553363608,0.07491057725,,,,-0.6700031719
1992-03-31,-0.8484100191,0.07520857422,,,,-0.6970382837
1992-04-01,-0.841521915,0.07550659774,,,,-0.5704208425
1992-04-02,-0.8346710552,0.07580464791,,,,-0.391513064
1992-04-03,-0.8278564606,0.07580464791,,,,-0.04842278477
1992-04-04,-0.821077166,0.07580464791,,,,-0.2552009483
1992-04-05,-0.8143322193,0.07580464791,,,,-0.2587198682
1992-04-06,-0.7516671814,0.1777225497,,,,-0.2622558494
1992-04-07,-0.7452228885,0.1773073533,,,,-0.2651481044
1992-04-08,-0.7388026041,0.1768922295,,,,0.9856568488
1992-04-09,-0.7324054781,0.1764771779,,,,1.77474074
1992-04-10,-0.7260306645,0.1760621984,,,,0.4131910154
1992-04-11,-0.719677321,0.07375529269,,,,-0.2165448499
1992-04-12,-0.7133446077,0.07375529269,,,,-0.220938485
1992-04-13,-0.7070316869,0.07375529269,,,,-0.2253606258
1992-04-14,-0.7031663392,0.06532609247,,,,-0.1432449888
1992-04-15,-0.6993162323,0.05673847861,,,,-0.7579804054
1992-04-16,-0.6954811725,0.0479829714,,,,-1.259766733
1992-04-17,-0.6916609688,0.03904930352,,,,-1.434784277
1992-04-18,-0.6878554326,0.02992633089,,,,-1.430754554
1992-04-19,-0.6840643779,0.02992633089,,,,-1.426746953
1992-04-20,-0.6802876208,0.02992633089,,,,-1.422761252
1992-04-21,-1.62523381,-1.770489118,,,,-0.7757286894
1992-04-22,-1.609935839,-1.752457705,,,,-0.4201841367
1992-04-23,-1.59491276,-1.734799433,,,,-0.7688817384
1992-04-24,-1.580155353,-1.717500262,,,,-0.8506369213
1992-04-25,-1.565654823,-1.700546879,,,,-0.9222519883
1992-04-26,-1.551402771,0.06404560631,,,,-0.9209742107
1992-04-27,-1.537391173,0.06404560631,,,,-0.9196987857
1992-04-28,-1.523612362,0.06404560631,,,,-0.4403736792
1992-04-29,-1.515783081,0.05700610163,,,,-0.5881128206
1992-04-30,-1.508033309,0.04987858216,,,,-0.7675410585
1992-05-01,-1.500361566,0.04265919309,,,,-1.031058466
1992-05-02,-1.49276641,0.03534386072,,,,-0.3728519942
1992-05-03,-1.485246435,0.02792827554,,,,-0.380456099
1992-05-04,-1.477800274,0.02792827554,,,,-0.3881737312
1992-05-05,-1.47042659,0.02792827554,,,,-0.1999085895
1992-05-06,-0.8712806672,1.229866817,,,,-0.3675394813
1992-05-07,-0.8706162198,1.22141847,,,,-0.2773660344
1992-05-08,-0.8699524152,1.213058804,,,,-0.4546282785
1992-05-09,-0.8692892519,1.204785912,,,,-1.028008649
1992-05-10,-0.8686267286,1.196597941,,,,-1.035453602
1992-05-11,-0.8679648441,0.003853571093,,,,-1.042991896
1992-05-12,-0.8673035971,0.003853571093,,,,-1.357950942
1992-05-13,-0.8666429861,0.003853571093,,,,-1.024432731
1992-05-14,-0.8713050632,-0.001544592338,,,,-1.330655541
1992-05-15,-0.8760036061,-0.006983073087,,,,-1.130305211
1992-05-16,-0.8807391865,-0.01246304283,,,,-1.54772429
1992-05-17,-0.8855123889,-0.01798571308,,,,-1.535811403
1992-05-18,-0.8903238105,-0.02355233708,,,,-1.524073494
1992-05-19,-0.8951740622,-0.02355233708,,,,-1.634272387
1992-05-20,-0.9000637684,-0.02355233708,,,,-2.261555875
1992-05-21,-0.2066426153,1.362919678,,,,-2.199082519
1992-05-22,-0.2127473827,1.352423978,,,,-1.993671951
1992-05-23,-0.2189174325,1.342063278,,,,-2.082513186
1992-05-24,-0.2251546873,1.331834153,,,,-2.055708502
1992-05-25,-0.2314611452,1.321733295,,,,-2.029663601
1992-05-26,-0.2378388842,-0.05035454292,,,,-2.004356494
1992-05-27,-0.2442900662,-0.05035454292,,,,-1.287632632
1992-05-28,-0.2508169415,-0.05035454292,,,,-1.817618999
1992-05-29,-0.2574218539,-0.05035454292,,,,-1.923996875
1992-05-30,-0.2641072455,-0.05035454292,,,,-1.851203688
1992-05-31,-0.2697665732,-0.04890544326,,,,-1.83138986
1992-06-01,-0.2754808472,-0.04745587712,,,,-1.81201904
1992-06-02,-0.2812514938,-0.04600583482,,,,-1.475595486
1992-06-03,-0.2870799887,-0.04455530665,,,,-1.388036486
1992-06-04,-1.002766356,-1.344630513,,,,-1.504797669
1992-06-05,-1.006950629,-1.334667872,,,,-1.881232385
1992-06-06,-1.011163315,-1.32482803,,,,-1.316281464
1992-06-07,-1.015404788,-1.315108003,,,,-1.308472703
1992-06-08,-1.019675431,-1.305504904,,,,-1.300743041
1992-06-09,-1.023975633,-0.01678207596,,,,-0.9970891816
1992-06-10,-1.02830579,-0.01678207596,,,,-0.5666824659
1992-06-11,-1.032666306,-0.01678207596,,,,-0.2059201988
1992-06-12,-1.037057593,-0.01678207596,,,,-0.3884325379
1992-06-13,-1.041480071,-0.01678207596,,,,-1.133414241
1992-06-14,-1.03879582,-0.0109723917,,,,-1.130301013
1992-06-15,-1.036121732,-0.005112980766,,,,-1.12720144
1992-06-16,-1.033457728,0.0007977557652,,,,-1.222673519
1992-06-17,-1.030803733,0.006761478838,,,,-0.9602584633
1992-06-18,-1.028159669,0.01277991473,,,,0.6266759351
1992-06-19,-1.02552546,0.01277991473,,,,0.692012482
1992-06-20,-1.022901032,0.01277991473,,,,-0.353138511
1992-06-21,0.9569384025,3.531155065,,,,-0.3503059446
1992-06-22,0.9496116587,3.433223534,,,,-0.3474760935
1992-06-23,0.942338299,3.342271206,,,,-0.1532823238
1992-06-24,0.935117153,3.257489102,,,,-1.326397606
1992-06-25,0.9279470761,3.178193951,,,,-1.395505605
1992-06-26,0.9208269484,-0.05271239376,,,,-1.386254374
1992-06-27,0.913755674,-0.05271239376,,,,-1.232193134
1992-06-28,0.9067321803,-0.05271239376,,,,-1.226682009
1992-06-29,0.9041078661,-0.04513201014,,,,-1.221211848
1992-06-30,0.9014929364,-0.03743957375,,,,-1.995113462
1992-07-01,0.8988873179,-0.02962963124,,,,-1.89867328
1992-07-02,0.8962909382,-0.02169637376,,,,-1.884707669
1992-07-03,0.8937037254,-0.01363360547,,,,-1.585927354
1992-07-04,0.8911256083,-0.01363360547,,,,-1.575210719
1992-07-05,0.8885565168,-0.01363360547,,,,-1.56463787
1992-07-06,0.6906087865,-0.3499552542,,,,-1.554205276
1992-07-07,0.6894724121,-0.3485307152,,,,-1.031879322
1992-07-08,0.6883377267,-0.347107513,,,,-0.5289313598
1992-07-09,0.6872047241,-0.3456856381,,,,-0.6866151704
1992-07-10,0.6860733981,-0.3442650813,,,,-1.170950303
1992-07-11,0.6849437424,-0.006923924623,,,,-1.63125366
1992-07-12,0.683815751,-0.006923924623,,,,-1.620083599
1992-07-13,0.6826894175,-0.006923924623,,,,-1.609068539
1992-07-14,0.681564736,-0.006923924623,,,,-1.43815244
1992-07-15,0.6813235845,-0.005825913418,,,,-1.685148404
1992-07-16,0.6810825131,-0.004727587932,,,,-2.158679523
1992-07-17,0.6808415219,-0.003628943961,,,,-2.255515652
1992-07-18,0.6806006109,-0.002529977293,,,,-2.068060767
1992-07-19,0.6803597798,-0.001430683711,,,,-2.046878884
1992-07-20,0.6801190288,-0.001430683711,,,,-2.026190517
1992-07-21,2.238780415,2.682297465,,,,-1.979926704
1992-07-22,2.212158099,2.63426735,,,,-1.997174573
1992-07-23,2.186276695,2.588334024,,,,-1.523730056
1992-07-24,2.16110064,2.544343171,,,,-1.635997791
1992-07-25,2.136596719,2.502155956,,,,-1.608467479
1992-07-26,2.112733875,-0.05201455317,,,,-1.600636535
1992-07-27,2.089483025,-0.05201455317,,,,-1.593137424
1992-07-28,2.066816907,-0.05201455317,,,,-1.321545691
1992-07-29,2.044709932,-0.05201455317,,,,-1.72510283
1992-07-30,2.019918715,-0.0558123344,,,,-1.524078106
1992-07-31,1.995789645,-0.05962583179,,,,-1.481851567
1992-08-01,1.972291578,-0.06345534467,,,,-1.636816847
1992-08-02,1.949395383,-0.06730117811,,,,-1.63018317
1992-08-03,1.927073778,-0.07116364311,,,,-1.623938624
1992-08-04,1.905301179,-0.07116364311,,,,-1.293811792
1992-08-05,1.884053568,-0.07116364311,,,,-1.410406734
1992-08-06,1.940754369,0.07552392765,,,,-1.28058737
1992-08-07,1.918550962,0.07493944521,,,,-1.065485407
1992-08-08,1.896891269,0.07435498936,,,,-1.206783273
1992-08-09,1.875751573,0.07377055951,,,,-1.200435345
1992-08-10,1.855109578,0.07318615504,,,,-1.19425606
1992-08-11,1.834944304,-0.07408548838,,,,-0.8933372923
1992-08-12,1.815235984,-0.07408548838,,,,-0.5847317157
1992-08-13,1.817675517,-0.06008322066,,,,-0.6887988292
1992-08-14,1.820122666,-0.04520752518,,,,-0.4397943992
1992-08-15,1.822577471,-0.02930275676,,,,-0.7950359475
1992-08-16,1.825039975,-0.01216896213,,,,-0.7885441524
1992-08-17,1.827510221,0.00645635661,,,,-0.7820846224
1992-08-18,1.829988251,0.00645635661,,,,-0.8031203871
1992-08-19,1.83247411,0.00645635661,,,,-1.213519274
1992-08-20,-0.8523239013,-5.810359034,,,,-0.9322177223
1992-08-21,-0.8465868147,-5.434611265,,,,-0.8542305323
1992-08-22,-0.8409213631,-5.12110415,,,,-0.5561479925
1992-08-23,-0.835329073,-4.854242175,,,,-0.5506885868
1992-08-24,-0.8298116796,-4.62340822,,,,-0.5452356293
1992-08-25,-0.8243711469,0.09854499393,,,,0.1125599321
1992-08-26,-0.8190096899,0.09854499393,,,,-0.199122111
1992-08-27,-0.8123376852,0.09157005607,,,,-0.8163237929
1992-08-28,-0.8056991799,0.08451111228,,,,-1.27406325
1992-08-29,-0.7990932838,0.07736440904,,,,-1.549047412
1992-08-30,-0.7925191188,0.07012597872,,,,-1.534646649
1992-08-31,-0.7859758173,0.06279162269,,,,-1.520490907
1992-09-01,-0.7794625222,0.06279162269,,,,-1.26720764
1992-09-02,-0.7729783862,0.06279162269,,,,-1.356367813
1992-09-03,-0.7665225711,0.06279162269,,,,-1.707492313
1992-09-04,-0.7600942474,0.06279162269,,,,-1.611878741
1992-09-05,-0.7536925938,0.06279162269,,,,-1.544366596
1992-09-06,-0.8177212576,-0.05790052498,,,,-1.531323266
1992-09-07,-0.8110085308,-0.0574197606,,,,-1.518485609
1992-09-08,-0.804328856,-0.05693900807,,,,-1.50459713
1992-09-09,-0.7976813197,-0.05645826707,,,,-1.140208927
1992-09-10,-0.7910650192,-0.05597753726,,,,-1.287976068
1992-09-11,-0.7844790622,0.06519638359,,,,-1.513863423
1992-09-12,-0.777922566,0.06519638359,,,,-1.741511811
1992-09-13,-0.7713946569,0.06519638359,,,,-1.727062251
1992-09-14,-0.7673576484,0.05787668058,,,,-1.712939384
1992-09-15,-0.7633386773,0.05045712379,,,,-1.418482625
1992-09-16,-0.7593375163,0.04293305862,,,,-1.072563879
1992-09-17,-0.7553539413,0.0352995445,,,,-0.475818542
1992-09-18,-0.7513877315,0.02755133085,,,,-0.6931220108
1992-09-19,-0.7474386693,0.02755133085,,,,-0.9981681424
1992-09-20,-0.74350654,0.02755133085,,,,-0.9909791506
1992-09-21,-0.3085155089,0.7923255771,,,,-0.9838603215
1992-09-22,-0.3070719942,0.7882979423,,,,-1.135627186
1992-09-23,-0.3056296143,0.7842887851,,,,-0.8904771223
1992-09-24,-0.3041883596,0.7802978761,,,,-0.9108466591
1992-09-25,-0.3027482209,0.7763249898,,,,-1.118073374
1992-09-26,-0.3013091887,0.01222150595,,,,-0.3611659159
1992-09-27,-0.2998712536,0.01222150595,,,,-0.3578969756
1992-09-28,-0.2984344064,0.01222150595,,,,-0.3546306777
1992-09-29,-0.2970896237,0.01205895189,,,,-0.1357489457
1992-09-30,-0.2957458167,0.0118963977,,,,-0.2522384265
1992-10-01,-0.2944029777,0.01173384337,,,,-0.6311915669
1992-10-02,-0.293061099,0.01157128889,,,,0.4999639619
1992-10-03,-0.2917201731,0.01140873424,,,,1.317032253
1992-10-04,-0.2903801925,0.01140873424,,,,1.30964727
1992-10-05,-0.2890411494,0.01140873424,,,,1.30233367
1992-10-06,0.1805237603,0.8377394891,,,,2.491471792
1992-10-07,0.1799381609,0.8332877651,,,,2.43178346
1992-10-08,0.1793526945,0.8288589612,,,,2.958244181
1992-10-09,0.1787673603,0.8244527708,,,,2.005306303
1992-10-10,0.1781821578,0.820068892,,,,2.629255595
1992-10-11,0.1775970864,-0.005040707733,,,,2.592507773
1992-10-12,0.223545029,0.0766729427,,,,2.557034588
1992-10-13,0.2227637867,0.07634650492,,,,2.023644944
1992-10-14,0.221982827,0.07602008282,,,,1.214287858
1992-10-15,0.2229522056,0.07869412266,,,,1.477861599
1992-10-16,0.223922378,0.08137443721,,,,0.8179265702
1992-10-17,0.2248933479,0.002089005375,,,,0.7725754953
1992-10-18,0.2258651187,0.005020701985,,,,0.7783991013
1992-10-19,0.01196987619,-0.3707301189,,,,0.784281978
1992-10-20,0.01373473604,-0.3691208475,,,,0.9449205619
1992-10-21,0.01550111024,-0.3675133186,,,,0.7197051496
1992-10-22,0.01726901818,-0.3659075187,,,,0.5921768793
1992-10-23,0.01903847932,-0.3643034345,,,,0.1904276866
1992-10-24,0.02080951323,0.01548362861,,,,0.5149490412
1992-10-25,0.02258213959,0.01548362861,,,,0.5165343588
1992-10-26,-0.2866155235,-0.5300895392,,,,0.5181232208
1992-10-27,-0.2836922737,-0.527622299,,,,0.4469168096
1992-10-28,-0.280769946,-0.52516045,,,,0.4107843924
1992-10-29,-0.2779604996,-0.5229296309,,,,0.2615538166
1992-10-30,-0.2751520079,-0.52070337,,,,0.01199800933
1992-10-31,-0.2723444029,0.02560990779,,,,0.3713755165
1992-11-01,-0.2695376163,0.02538487115,,,,0.3731956674
1992-11-02,-0.716109471,-0.7602759557,,,,0.3750200359
1992-11-03,-0.7110226614,-0.7562814532,,,,0.6505933596
1992-11-04,-0.7059574848,-0.7523044136,,,,0.9952164446
1992-11-05,-0.7009135414,-0.7483446176,,,,0.4430534046
1992-11-06,-0.6958904369,-0.7444018489,,,,-0.02887630977
1992-11-07,-0.6908877825,0.04059321946,,,,-0.3887716739
1992-11-08,-0.6859051945,0.04059321946,,,,-0.3848279419
1992-11-09,-0.8615968162,-0.2755126856,,,,-0.3808864224
1992-11-10,-0.8553864199,-0.2742130377,,,,-0.6185861339
1992-11-11,-0.849213508,-0.2729142118,,,,-0.539271032
1992-11-12,-0.8447297646,-0.2756782274,,,,-0.7339524687
1992-11-13,-0.8402695115,-0.2784520021,,,,-0.5263037764
1992-11-14,-0.8358324341,0.03609513822,,,,-0.3916987912
1992-11-15,-0.8314182227,0.03248681138,,,,-0.3849738925
1992-11-16,-1.028859024,-0.3305710725,,,,-0.3781931287
1992-11-17,-1.022655493,-0.329068386,,,,-0.2325622602
1992-11-18,-1.016498986,-0.3275670336,,,,-0.1418093624
1992-11-19,-1.0103887,-0.3260670048,,,,-0.3935189801
1992-11-20,-1.00432385,-0.3245682886,,,,-0.5129545633
1992-11-21,-0.9983036678,0.0359908627,,,,-0.8869261744
1992-11-22,-0.9923274005,0.0359908627,,,,-0.880685445
1992-11-23,-0.979465267,0.04850542085,,,,-0.8745071907
1992-11-24,-0.973641728,0.04845545939,,,,-1.026249735
1992-11-25,-0.9678589324,0.04840549827,,,,-1.448548982
1992-11-26,-0.9646821418,0.04463931023,,,,-1.528091761
1992-11-27,-0.9615191113,0.04086108358,,,,-1.513838344
1992-11-28,-0.9583697139,0.02449160527,,,,-1.454133677
1992-11-29,-0.9552338243,0.02071666689,,,,-1.441292022
1992-11-30,-0.951460949,0.01812584202,,,,-1.428647203
1992-12-01,-0.9483574974,0.0181210712,,,,-1.169903368
1992-12-02,-0.9452671378,0.01811630039,,,,-1.280634398
1992-12-03,-0.9421897516,0.01811152958,,,,-1.406687988
1992-12-04,-0.9391252217,0.01810675877,,,,-1.694327732
1992-12-05,-0.9360734323,0.01690489725,,,,-1.800382401
1992-12-06,-0.9330342691,0.01690489725,,,,-1.780745617
1992-12-07,-1.216023706,-0.5149636623,,,,-1.761541752
1992-12-08,-1.210027777,-0.5125755207,,,,-1.637818949
1992-12-09,-1.204079711,-0.5101923202,,,,-1.769987022
1992-12-10,-1.198178754,-0.5078140153,,,,-1.284707828
1992-12-11,-1.192324169,-0.5054405606,,,,-1.18064286
1992-12-12,-1.186515236,0.0274339096,,,,-1.396913054
1992-12-13,-1.180751249,0.0274339096,,,,-1.384908913
1992-12-14,-0.9324397945,0.484969187,,,,-1.373077005
1992-12-15,-0.9289752473,0.4832964499,,,,-1.186041584
1992-12-16,-0.9255266321,0.4816263058,,,,-1.319000179
1992-12-17,-0.9220937878,0.4799587383,,,,-1.22604061
1992-12-18,-0.9186765551,0.4782937308,,,,-1.465299456
1992-12-19,-0.9152747773,0.02008641766,,,,-1.720747487
1992-12-20,-0.9118882996,0.02008641766,,,,-1.704181589
1992-12-21,-0.8784669746,0.07713737424,,,,-1.687952004
1992-12-22,-0.875364641,0.07690922953,,,,-1.677933179
1992-12-23,-0.8722749463,0.07668109384,,,,-1.605864188
1992-12-24,-0.8691977738,0.07645296713,,,,-1.721953217
1992-12-25,-0.8661330077,0.07622484938,,,,-1.672004533
1992-12-26,-0.863080534,0.01894888619,,,,-1.655723452
1992-12-27,-0.8600402399,0.01894888619,,,,-1.639750833
1992-12-28,-0.5210062897,0.6606327469,,,,-1.624075852
1992-12-29,-0.5246844363,0.6544516698,,,,-1.25994195
1992-12-30,-0.5283844729,0.648282412,,,,-1.212075655
1992-12-31,-0.5321067073,0.6421241119,,,,-1.035722657
1993-01-01,-0.5358514533,0.6359759008,,,,-1.043757018
1993-01-02,-0.539619031,-0.02476191959,,,,-1.035676839
1993-01-03,-0.5434097661,-0.02476191959,,,,-1.027665842
1993-01-04,-0.7837589385,-0.4785069436,,,,-1.01972246
1993-01-05,-0.7866847508,-0.4764831494,,,,-0.5880005745
1993-01-06,-0.7896244248,-0.4744628396,,,,-0.587903627
1993-01-07,-0.7925780981,-0.4724459864,,,,-0.5719420919
1993-01-08,-0.79554591,-0.4704325618,,,,0.1605360829
1993-01-09,-0.7985280018,-0.01568352607,,,,-0.3487443499
1993-01-10,-0.8015245168,-0.01568352607,,,,-0.3435240516
1993-01-11,-0.9309256731,-0.2553067765,,,,-0.3382914852
1993-01-12,-0.9332446238,-0.2543193007,,,,-0.8282441071
1993-01-13,-0.9314595615,-0.2497494878,,,,-0.8650124834
1993-01-14,-0.9296790235,-0.2451689801,,,,-1.054245406
1993-01-15,-0.9279029858,-0.2405773464,,,,-1.279873451
1993-01-16,-0.9261314243,0.005558945977,,,,-1.496272384
1993-01-17,-0.9243643152,0.009719104139,,,,-1.482468348
1993-01-18,-1.325945197,-0.7672527461,,,,-1.46888613
1993-01-19,-1.319866134,-0.763266672,,,,-1.498348345
1993-01-20,-1.313836617,-0.7592981781,,,,-1.180304555
1993-01-21,-1.307855878,-0.755347045,,,,-1.122921201
1993-01-22,-1.301923167,-0.7514130568,,,,-1.358958073
1993-01-23,-1.296037748,0.02506959029,,,,-1.553859776
1993-01-24,-1.290198903,0.02506959029,,,,-1.53937418
1993-01-25,-1.261814539,0.06926953226,,,,-1.525134426
1993-01-26,-1.256356152,0.069092862,,,,-1.469669224
1993-01-27,-1.250938077,0.06891619682,,,,-1.422750782
1993-01-28,-1.242183175,0.0736981724,,,,-1.122179239
1993-01-29,-1.233523346,0.07851103415,,,,-1.099883111
1993-01-30,-1.224956489,0.03875579331,,,,-0.8968737074
1993-01-31,-1.216480565,0.04367357512,,,,-0.8928103051
1993-02-01,-0.8595960333,0.7517989916,,,,-0.8887676771
1993-02-02,-0.8549012099,0.7481614597,,,,-0.9312337906
1993-02-03,-0.8502319712,0.7445388036,,,,-0.9658709083
1993-02-04,-0.8455879601,0.7409308533,,,,-1.027379918
1993-02-05,-0.8409688253,0.7373374406,,,,-0.9346291627
1993-02-06,-0.8363742215,0.03440838201,,,,-0.6165292932
1993-02-07,-0.8318038092,0.03440838201,,,,-0.6141132898
1993-02-08,-0.7082478347,0.2751589588,,,,-0.6117034889
1993-02-09,-0.7046139947,0.2741591641,,,,-0.443836251
1993-02-10,-0.7009940779,0.2731599236,,,,-0.3073707079
1993-02-11,-0.7000359542,0.2682676098,,,,-0.3312356686
1993-02-12,-0.6990790552,0.2633616698,,,,-0.7104969958
1993-02-13,-0.698123377,0.01601088237,,,,-0.8645518893
1993-02-14,-0.6971689158,0.01143862882,,,,-0.8588031677
1993-02-15,-0.6015459251,0.2013165557,,,,-0.853089023
1993-02-16,-0.6011577509,0.200525643,,,,-0.8467359382
1993-02-17,-0.6007697709,0.199734979,,,,0.8887857205
1993-02-18,-0.6003819848,0.1989445623,,,,0.9637630971
1993-02-19,-0.5999943922,0.1981543911,,,,0.7915450162
1993-02-20,-0.599606993,0.002966996832,,,,0.5132301589
1993-02-21,-0.5992197868,0.002966996832,,,,0.5130506097
1993-02-22,-0.1021543295,1.020280718,,,,0.5128710992
1993-02-23,-0.1039012152,1.014135212,,,,0.348223552
1993-02-24,-0.1056503129,1.008035708,,,,0.5237943248
1993-02-25,-0.1074016434,1.001981422,,,,0.3689712166
1993-02-26,-0.1091552275,0.9959715918,,,,-0.1217548733
1993-02-27,-0.1109110862,-0.01716497881,,,,-0.4310044194
1993-02-28,-0.1066103528,-0.004666145379,,,,-0.4255575667
1993-03-01,-0.001318417686,0.2205711637,,,,-0.4201031229
1993-03-02,0.002829135333,0.2381213985,,,,-0.1818024966
1993-03-03,0.006994965204,0.2566642675,,,,-0.7659536427
1993-03-04,0.01117947221,0.2763272919,,,,-0.423794823
1993-03-05,0.0153830652,0.2753792018,,,,-0.2574221538
1993-03-06,0.01960616192,0.04670662577,,,,0.08314627832
1993-03-07,0.02384918924,0.04670662577,,,,0.08441317606
1993-03-08,-0.2687198589,-0.6119487815,,,,0.08568097355
1993-03-09,-0.263920947,-0.6088758041,,,,1.211675305
1993-03-10,-0.2591093972,-0.605811856,,,,0.1250598153
1993-03-11,-0.2542846844,-0.6027568395,,,,-0.01376055305
1993-03-12,-0.2494462725,-0.5997106578,,,,0.1707262471
1993-03-13,-0.2445936144,0.05961857417,,,,0.9066316989
1993-03-14,-0.2397261513,0.05961857417,,,,0.9014321204
1993-03-15,-0.8565203417,-1.292962855,,,,0.89626422
1993-03-16,-0.849637606,-1.284939991,,,,0.4119223472
1993-03-17,-0.8427934951,-1.276999864,,,,0.2940232098
1993-03-18,-0.8359870394,-1.2691408,,,,0.3070418149
1993-03-19,-0.8292172847,-1.261361175,,,,0.1177288639
1993-03-20,-0.8224832909,0.07833863637,,,,-0.3780298861
1993-03-21,-0.8157841315,0.07833863637,,,,-0.376949855
1993-03-22,-0.2324572768,1.306922982,,,,-0.3758707549
1993-03-23,-0.2278861494,1.29764877,,,,-0.1480241841
1993-03-24,-0.2233028858,1.288481789,,,,-0.4848482291
1993-03-25,-0.2187070384,1.279419574,,,,-0.7907848975
1993-03-26,-0.2140981511,1.270459737,,,,-0.9800572924
1993-03-27,-0.2094757589,0.05288969675,,,,-0.9100397044
1993-03-28,-0.2048393876,0.05288969675,,,,-0.9086231461
1993-03-29,0.9426063922,2.391710889,,,,-0.9072094578
1993-03-30,0.9581163811,2.403430413,,,,-0.6859314996
1993-03-31,0.9740816911,2.415299212,,,,-0.8952476919
1993-04-01,0.9905279505,2.427320587,,,,-0.7344498242
1993-04-02,1.00748287,2.439497945,,,,-0.4760612658
1993-04-03,1.024976466,0.06239832519,,,,0.2994963122
1993-04-04,1.043041318,0.06239832519,,,,0.2971384415
1993-04-05,2.324808908,2.547198647,,,,0.2947822298
1993-04-06,2.333236699,2.505257509,,,,0.09458817125
1993-04-07,2.341742931,2.464976432,,,,0.1552393114
1993-04-08,2.350328873,2.426243856,,,,-0.1606786834
1993-04-09,2.358995821,2.388958463,,,,-0.5848888353
1993-04-10,2.367745101,0.01149856101,,,,-0.583973921
1993-04-11,2.37657807,0.01149856101,,,,-0.5830600174
1993-04-12,3.353305403,1.831748765,,,,-0.5821471215
1993-04-13,3.3234271,1.812469965,,,,-1.048384517
1993-04-14,3.29426599,1.793612831,,,,-1.161890887
1993-04-15,3.268901786,1.775812598,,,,-1.123431942
1993-04-16,3.244063653,1.758377646,,,,-1.526508254
1993-04-17,3.219733306,-0.02245084435,,,,-1.344976064
1993-04-18,3.195893339,-0.02186391796,,,,-1.334760937
1993-04-19,3.223231566,0.0778884884,,,,-1.324673934
1993-04-20,3.197684653,0.07749254996,,,,-0.9231336969
1993-04-21,3.172680568,0.07709663237,,,,-0.9771267425
1993-04-22,3.148199969,0.07670073546,,,,-0.88359223
1993-04-23,3.124224469,0.07630485903,,,,-0.5870096975
1993-04-24,3.100736574,-0.02325111903,,,,-0.23653615
1993-04-25,3.077719628,-0.02325111903,,,,-0.2339566497
1993-04-26,2.765874732,-0.6113071517,,,,-0.2313774526
1993-04-27,2.756202326,-0.6085136157,,,,0.7344633942
1993-04-28,2.746618742,-0.6057278705,,,,0.05893778056
1993-04-29,2.695123533,-0.6608073436,,,,-0.3529419864
1993-04-30,2.645993,-0.7259258116,,,,-0.5130838998
1993-05-01,2.599044621,-0.08979824813,,,,-0.7020096939
1993-05-02,2.554115046,-0.1260293032,,,,-0.6966177491
1993-05-03,2.874589376,1.00874237,,,,-0.6912470995
1993-05-04,2.816771223,1.002083499,,,,-0.4404138548
1993-05-05,2.761833686,0.9954762191,,,,-0.8232095506
1993-05-06,2.709537018,0.9889195779,,,,-0.6953768497
1993-05-07,2.659668566,0.9824126437,,,,-0.2640445416
1993-05-08,2.612038948,-0.1936789453,,,,-0.3713326814
1993-05-09,2.566478878,-0.1936789453,,,,-0.3710351542
1993-05-10,2.673405868,0.3428721554,,,,-0.3707377093
1993-05-11,2.625143439,0.3406816418,,,,-0.007377854561
1993-05-12,2.57899796,0.3384933693,,,,-0.1967797429
1993-05-13,2.534812732,0.3363073059,,,,-0.0909571638
1993-05-14,2.492446859,0.3341234198,,,,0.5200610171
1993-05-15,2.451773254,-0.2042141897,,,,0.3276531098
1993-05-16,2.412653061,-0.2050207897,,,,0.3248188426
1993-05-17,2.275811476,-0.5889645543,,,,0.3219866654
1993-05-18,2.243004071,-0.5879743454,,,,0.1864420421
1993-05-19,2.21128201,-0.586985317,,,,0.2160832444
1993-05-20,2.180583118,-0.5859974652,,,,0.2654368989
1993-05-21,2.150850101,-0.5841207872,,,,0.1044224137
1993-05-22,2.122030058,-0.199998961,,,,0.3722613544
1993-05-23,2.094074057,-0.199998961,,,,0.3683432315
1993-05-24,2.333203312,0.8908004577,,,,0.3644265733
1993-05-25,2.298423129,0.885139455,,,,0.1515965373
1993-05-26,2.264844914,0.8795137434,,,,0.1199257481
1993-05-27,2.232397053,0.8739227334,,,,-0.4724203027
1993-05-28,2.20101377,0.8683658469,,,,-0.3568581494
1993-05-29,2.170634531,-0.2201385615,,,,-0.1661864171
1993-05-30,2.141203518,-0.2201385615,,,,-0.1656270906
1993-05-31,1.753553431,-1.76359119,,,,-0.1650678745
1993-06-01,1.735361739,-1.745253925,,,,-0.1651097976
1993-06-02,1.717547917,-1.727303799,,,,-0.06193379379
1993-06-03,1.700097593,-1.709726047,,,,-0.1588223306
1993-06-04,1.68299714,-1.692506681,,,,-0.1282075571
1993-06-05,1.666233633,-0.1626970991,,,,-0.4736299647
1993-06-06,1.649794801,-0.1626970991,,,,-0.4697245439
1993-06-07,1.569648826,-0.4430278737,,,,-0.4658256192
1993-06-08,1.555031639,-0.4417613379,,,,0.1584278135
1993-06-09,1.540665389,-0.4404962601,,,,0.5036894609
1993-06-10,1.526541898,-0.4392326329,,,,0.103004622
1993-06-11,1.512653351,-0.4379704491,,,,-0.2261257386
1993-06-12,1.498992277,-0.156845477,,,,-0.5298642821
1993-06-13,1.485551526,-0.156845477,,,,-0.5237907889
1993-06-14,1.394424156,-0.5072319528,,,,-0.5177104077
1993-06-15,1.38347884,-0.5018597294,,,,-0.718406271
1993-06-16,1.372680037,-0.4964893942,,,,-0.9051862215
1993-06-17,1.362023914,-0.4911203788,,,,-0.9831777004
1993-06-18,1.351506774,-0.4857521095,,,,-1.106904626
1993-06-19,1.341125049,-0.1266116621,,,,-0.7746540799
1993-06-20,1.330875298,-0.1266116621,,,,-0.7821512025
1993-06-21,1.138110986,-0.9738048822,,,,-0.7916818773
1993-06-22,1.130568503,-0.9681169513,,,,-0.7901564981
1993-06-23,1.123095878,-0.9624680497,,,,-1.192894704
1993-06-24,1.115691723,-0.9568575515,,,,-0.9311602553
1993-06-25,1.108354689,-0.9512848435,,,,-0.7816184704
1993-06-26,1.101083458,-0.1062436661,,,,-1.481371264
1993-06-27,1.093876751,-0.1062436661,,,,-1.47891016
1993-06-28,1.19513169,0.4010702069,,,,-1.476939253
1993-06-29,1.186380521,0.3970341195,,,,-1.579363198
1993-06-30,1.177721327,0.3930005561,,,,-1.445705383
1993-07-01,1.169152043,0.388969308,,,,-1.464210107
1993-07-02,1.160670665,0.3849401661,,,,-1.270777531
1993-07-03,1.152275249,-0.1279963305,,,,-1.40142632
1993-07-04,1.143963905,-0.1279963305,,,,-1.397772364
1993-07-05,1.229140494,0.3183571875,,,,-1.394498658
1993-07-06,1.219438759,0.3138223975,,,,-1.390537847
1993-07-07,1.209847076,0.3092816375,,,,0.5879046912
1993-07-08,1.200362744,0.3047345341,,,,-0.04485372442
1993-07-09,1.190983153,0.3001807089,,,,-0.6786540807
1993-07-10,1.181705771,-0.1544415866,,,,-1.815757952
1993-07-11,1.172528146,-0.1544415866,,,,-1.808986641
1993-07-12,1.179797252,-0.07751164231,,,,-1.802729411
1993-07-13,1.170287612,-0.0828877252,,,,-1.763563446
1993-07-14,1.160879338,-0.08830706623,,,,-1.636904287
1993-07-15,1.151569925,-0.09377084496,,,,-1.834615503
1993-07-16,1.142356947,-0.09928028065,,,,-1.971155988
1993-07-17,1.133238047,-0.1830927287,,,,-1.653718069
1993-07-18,1.124210941,-0.1830927287,,,,-1.639649648
1993-07-19,1.225539841,0.3733368122,,,,-1.625862497
1993-07-20,1.215455802,0.3694025604,,,,-1.196505983
1993-07-21,1.205486662,0.365469764,,,,-1.527072488
1993-07-22,1.195629472,0.3615382271,,,,-0.7500780253
1993-07-23,1.185881376,0.357607753,,,,-0.9771377991
1993-07-24,1.176239609,-0.2046291803,,,,-1.278134135
1993-07-25,1.166701493,-0.2046291803,,,,-1.268696457
1993-07-26,1.180062291,-0.09022317188,,,,-1.259390685
1993-07-27,1.170523266,-0.0930046187,,,,-1.25109369
1993-07-28,1.161086095,-0.09579330335,,,,-1.226786103
1993-07-29,1.151748256,-0.09858932564,,,,-1.192594654
1993-07-30,1.142507305,-0.1013927866,,,,-1.28441618
1993-07-31,1.133360871,-0.2192558317,,,,-0.8697106549
1993-08-01,1.124306654,-0.2192558317,,,,-0.862930545
1993-08-02,1.041733929,-0.5996282231,,,,-0.8561910004
1993-08-03,1.03349669,-0.5976541594,,,,-1.068667742
1993-08-04,1.025329263,-0.5956843618,,,,-1.045493909
1993-08-05,1.017230008,-0.5937188015,,,,-0.8555753552
1993-08-06,1.009197325,-0.5917574497,,,,-0.5833670832
1993-08-07,1.001229652,-0.2106150983,,,,-0.329237543
1993-08-08,0.9933254653,-0.2106150983,,,,-0.3283386686
1993-08-09,1.149340701,0.6331040392,,,,-0.3274403734
1993-08-10,1.140192429,0.6293081107,,,,-0.2747391152
1993-08-11,1.131137934,0.6255248633,,,,-0.3405112444
1993-08-12,1.12217498,0.6217541224,,,,-0.5409916435
1993-08-13,1.113301398,0.6179957152,,,,-0.280990012
1993-08-14,1.104515083,-0.2266107363,,,,-0.442842955
1993-08-15,1.095813993,-0.2266107363,,,,-0.4444587576
1993-08-16,0.6769574923,-2.311808097,,,,-0.4460780528
1993-08-17,0.6707773805,-2.287298229,,,,-0.598282712
1993-08-18,0.6646119626,-2.263412269,,,,-0.9524565227
1993-08-19,0.6584604268,-2.240122972,,,,-1.0060359
1993-08-20,0.6523219588,-2.217404737,,,,-0.9080257175
1993-08-21,0.6461957407,-0.1927687284,,,,-0.9126910484
1993-08-22,0.64008095,-0.1927687284,,,,-0.9089555675
1993-08-23,0.3232122266,-1.67562488,,,,-0.9052381653
1993-08-24,0.3179063901,-1.658631736,,,,-0.4590955934
1993-08-25,0.3125844583,-1.641969581,,,,-0.7495630678
1993-08-26,0.3072456501,-1.625626368,,,,-0.4966274304
1993-08-27,0.3018891643,-1.609590648,,,,-0.4631625965
1993-08-28,0.2965141791,-0.1459687616,,,,-0.6568317913
1993-08-29,0.2911198505,-0.1459687616,,,,-0.6580804952
1993-08-30,0.3810470163,0.2913831239,,,,-0.6593315129
1993-08-31,0.3755392758,0.2899222681,,,,-0.8023304249
1993-09-01,0.370017439,0.2884624652,,,,-0.7106144636
1993-09-02,0.364480648,0.2870037054,,,,-1.020708351
1993-09-03,0.3589280226,0.2855459792,,,,-0.6952415866
1993-09-04,0.3533586597,-0.1529221619,,,,-1.287767572
1993-09-05,0.3477716315,-0.1529221619,,,,-1.284444873
1993-09-06,0.414354627,0.1725344461,,,,-1.281137619
1993-09-07,0.4090501403,0.1751295156,,,,-1.273869141
1993-09-08,0.4037385072,0.1777317971,,,,0.1734954838
1993-09-09,0.3984190761,0.1803413753,,,,0.4544497089
1993-09-10,0.3930911834,0.1829583361,,,,-0.02055508553
1993-09-11,0.3877541527,-0.1417769487,,,,-0.8243701177
1993-09-12,0.3824072942,-0.1417769487,,,,-0.8204089953
1993-09-13,0.119619315,-1.279216231,,,,-0.8164665249
1993-09-14,0.1140877475,-1.274656815,,,,-0.4310720389
1993-09-15,0.1085192242,-1.27012597,,,,0.3910932549
1993-09-16,0.1029125177,-1.265623356,,,,0.01983941679
1993-09-17,0.09726635706,-1.261148638,,,,0.5753890445
1993-09-18,0.09157942644,-0.1305933468,,,,0.6022691384
1993-09-19,0.08585036216,-0.1305933468,,,,0.6041114535
1993-09-20,-0.06167714576,-0.7333118538,,,,0.605958862
1993-09-21,-0.06789337591,-0.7317905482,,,,1.604918988
1993-09-22,-0.07417402835,-0.7302722843,,,,3.73049449
1993-09-23,-0.08052123765,-0.7287570474,,,,0.8516998497
1993-09-24,-0.08693722951,-0.7272448228,,,,0.532113427
1993-09-25,-0.09342432604,-0.1249130708,,,,-0.1905292065
1993-09-26,-0.09998495143,-0.1249130708,,,,-0.1937340381
1993-09-27,-0.1869209465,-0.4533316598,,,,-0.1969514463
1993-09-28,-0.1951915849,-0.4575056301,,,,-0.1842800835
1993-09-29,-0.2036052787,-0.4617080852,,,,-0.4289435833
1993-09-30,-0.2121683827,-0.4659394993,,,,-0.07235514603
1993-10-01,-0.2208876462,-0.4702003572,,,,0.2168973667
1993-10-02,-0.2297702457,-0.1417557014,,,,-0.7319071226
1993-10-03,-0.2388238209,-0.1417557014,,,,-0.734828835
1993-10-04,-0.2425942176,-0.1204701495,,,,-0.7377643461
1993-10-05,-0.2518916043,-0.1203033413,,,,0.09352128784
1993-10-06,-0.2613799452,-0.1201365419,,,,0.1875463449
1993-10-07,-0.2710687419,-0.1199697513,,,,-0.05341785273
1993-10-08,-0.2809681669,-0.1198029695,,,,0.3220960077
1993-10-09,-0.2910891268,-0.1409199667,,,,-0.5829812936
1993-10-10,-0.3014433327,-0.1409199667,,,,-0.5814303908
1993-10-11,-0.4052223927,-0.4877019868,,,,-0.5798821926
1993-10-12,-0.4145162901,-0.4828716384,,,,-0.3985821068
1993-10-13,-0.4239918228,-0.4780458611,,,,-0.2757295997
1993-10-14,-0.4336569565,-0.4732242865,,,,-1.118760777
1993-10-15,-0.4435201536,-0.4684065448,,,,-1.421285035
1993-10-16,-0.4535904143,-0.1150197559,,,,-1.514129493
1993-10-17,-0.4638773221,-0.1150197559,,,,-1.500819652
1993-10-18,0.0159546515,1.595677831,,,,-1.487721152
1993-10-19,0.007892495672,1.582378288,,,,-1.107947035
1993-10-20,-0.0003056912112,1.569292993,,,,-0.8757399313
1993-10-21,-0.008646937729,1.556415556,,,,-1.100536242
1993-10-22,-0.01713877063,1.543739853,,,,-1.188840965
1993-10-23,-0.02578926267,-0.1390682488,,,,-0.9599504869
1993-10-24,-0.03460708626,-0.1390682488,,,,-0.9554546498
1993-10-25,0.06139914301,0.1984437368,,,,-0.9509847024
1993-10-26,0.05314794354,0.1981436366,,,,-0.6696942026
1993-10-27,0.0447494692,0.197843582,,,,-0.664791108
1993-10-28,0.03619537277,0.1975435728,,,,-0.5141381645
1993-10-29,0.02747665482,0.197243609,,,,-0.6149324737
1993-10-30,0.01858359432,-0.1404889779,,,,-0.9556695556
1993-10-31,0.009505669981,-0.1404889779,,,,-0.9498664339
1993-11-01,0.08530946845,0.1157537891,,,,-0.9441614339
1993-11-02,0.07802472082,0.1206505216,,,,-0.6689644497
1993-11-03,0.07064224407,0.1255818968,,,,-0.6971460706
1993-11-04,0.0631574212,0.1305487392,,,,0.6068869209
1993-11-05,0.05556534955,0.1355518972,,,,1.813219019
1993-11-06,0.04786081658,-0.119844882,,,,2.038576515
1993-11-07,0.04003827306,-0.119844882,,,,2.016920787
1993-11-08,-0.1738079549,-0.7155923875,,,,1.99578168
1993-11-09,-0.1822545203,-0.7114060385,,,,1.43899683
1993-11-10,-0.1908525859,-0.7072370269,,,,1.123570525
1993-11-11,-0.1996091553,-0.7030851127,,,,0.937798418
1993-11-12,-0.2085316852,-0.6989500591,,,,1.067566308
1993-11-13,-0.217628125,-0.1018204277,,,,0.6162472326
1993-11-14,-0.2269069603,-0.1018204277,,,,0.6201449794
1993-11-15,-0.0001997774571,0.5419647996,,,,0.6240679702
1993-11-16,-0.009961830648,0.5367492134,,,,1.593173395
1993-11-17,-0.0199664721,0.531540576,,,,2.127445281
1993-11-18,-0.03023062894,0.5263384217,,,,2.483492263
1993-11-19,-0.0407729243,0.5211422836,,,,1.713464579
1993-11-20,-0.05161390781,-0.1317175847,,,,2.040775977
1993-11-21,-0.06277632604,-0.1317175847,,,,2.052790537
1993-11-22,0.1374214448,0.3950378625,,,,2.064980912
1993-11-23,0.1262099825,0.3886798387,,,,2.769180616
1993-11-24,0.11452919,0.3822853389,,,,1.410823589
1993-11-25,0.1023171234,0.3758521536,,,,0.7821374293
1993-11-26,0.08949909898,0.36937796,,,,0.7861773791
1993-11-27,0.0759839703,-0.1820847738,,,,1.00170396
1993-11-28,0.06165895355,-0.1820847738,,,,0.9985078835
1993-11-29,0.08472564301,-0.1009233375,,,,0.9953258722
1993-11-30,0.07213247694,-0.09515206232,,,,1.284860104
1993-12-01,0.05891702488,-0.08933672234,,,,0.9796855025
1993-12-02,0.04499021783,-0.08347580686,,,,1.031358853
1993-12-03,0.03024311633,-0.077567747,,,,0.7593952805
1993-12-04,0.01454062669,-0.154643293,,,,0.07511186258
1993-12-05,-0.002287436281,-0.154643293,,,,0.07354039402
1993-12-06,-0.8190805728,-1.583233346,,,,0.07196848163
1993-12-07,-0.8363533238,-1.58834694,,,,0.1962206808
1993-12-08,-0.8542372312,-1.594602784,,,,-0.1625926724
1993-12-09,-0.8727744753,-1.602118397,,,,-0.1207021563
1993-12-10,-0.8920114663,-1.61103088,,,,-0.1437734479
1993-12-11,-0.9119994089,-0.06730159877,,,,0.004187376133
1993-12-12,-0.9327949621,-0.06730159877,,,,0.01055554116
1993-12-13,-0.1541435399,1.347789817,,,,0.01699051914
1993-12-14,-0.1568428216,1.389931478,,,,-1.342973408
1993-12-15,-0.159549793,1.435188454,,,,-1.206959344
1993-12-16,-0.1622645499,1.483991047,,,,-1.28082783
1993-12-17,-0.1649871891,1.536858278,,,,-1.379159661
1993-12-18,-0.1677178088,-0.02508279598,,,,-1.218187493
1993-12-19,-0.1704565082,-0.02508279598,,,,-1.208958263
1993-12-20,0.6526794728,1.635838374,,,,-1.199830487
1993-12-21,0.6536200465,1.668480091,,,,-1.465958897
1993-12-22,0.6545619092,1.702707173,,,,-2.003728068
1993-12-23,0.655505065,1.738659467,,,,-2.598085974
1993-12-24,0.6564495181,1.776494825,,,,-2.433049698
1993-12-25,0.6573952727,0.006830953346,,,,-2.403559835
1993-12-26,0.658342333,0.006830953346,,,,-2.374938982
1993-12-27,0.6494333045,-0.01478180356,,,,-2.34714349
1993-12-28,0.651003856,-0.01392048404,,,,-2.147337283
1993-12-29,0.6525781192,-0.01305903365,,,,-2.031080789
1993-12-30,0.6541561142,-0.0121974504,,,,-1.524884266
1993-12-31,0.6557378615,-0.01133573233,,,,-1.337290174
1994-01-01,0.6573233816,0.01114748058,,,,-0.589277575
1994-01-02,0.6589126953,0.01114748058,,,,-0.5843044387
1994-01-03,0.6611685239,0.01459716019,,,,-0.5793435921
1994-01-04,0.6596622282,0.009988903625,,,,0.1277881226
1994-01-05,0.6581587431,0.005356118675,,,,-0.3778606115
1994-01-06,0.6566580547,0.0006982019587,,,,-1.121786557
1994-01-07,0.655160149,-0.003985465368,,,,-0.8603715398
1994-01-08,0.6536650123,-0.01212882262,,,,-1.093082473
1994-01-09,0.652172631,-0.01212882262,,,,-1.086042743
1994-01-10,0.7278488421,0.1532508394,,,,-1.079063588
1994-01-11,0.7303244435,0.1597086068,,,,-1.238074054
1994-01-12,0.7328097949,0.1662407236,,,,-0.8131432822
1994-01-13,0.7353049792,0.1728496222,,,,-0.5352011517
1994-01-14,0.7378100803,0.1795378412,,,,-0.2031202245
1994-01-15,0.7403251832,0.01647185896,,,,-0.908106004
1994-01-16,0.7428503736,0.01647185896,,,,-0.9014720515
1994-01-17,0.3535050872,-0.8486026998,,,,-0.8948822217
1994-01-18,0.3593744592,-0.8419908331,,,,-0.3332185759
1994-01-19,0.3653051065,-0.8354166528,,,,-0.5194402794
1994-01-20,0.3712986115,-0.8288793023,,,,-0.4151683546
1994-01-21,0.3773566126,-0.8223779393,,,,-0.8686773468
1994-01-22,0.3834808066,0.0484435076,,,,-0.9157937093
1994-01-23,0.3896729517,0.0484435076,,,,-0.9090472013
1994-01-24,0.6507486596,0.5940019366,,,,-0.9023570795
1994-01-25,0.6548964557,0.589585393,,,,-0.4991820549
1994-01-26,0.6590731788,0.5851816293,,,,-0.6650016199
1994-01-27,0.6632792682,0.5807903873,,,,-0.8233243869
1994-01-28,0.6675151719,0.5764114109,,,,-1.496422588
1994-01-29,0.671781348,0.02698709807,,,,-1.766307018
1994-01-30,0.6760782639,0.02698709807,,,,-1.753049586
1994-01-31,-0.5794058931,-2.583941003,,,,-1.740134623
1994-02-01,-0.5734530396,-2.546187866,,,,-1.187266474
1994-02-02,-0.5675060515,-2.509882865,,,,-1.162982753
1994-02-03,-0.5615643842,-2.474937209,,,,-1.185046253
1994-02-04,-0.5556275169,-2.441269799,,,,-1.065925473
1994-02-05,-0.5496949563,0.1052731718,,,,2.456378981
1994-02-06,-0.5437662412,0.1052731718,,,,2.42731902
1994-02-07,-1.109019175,-0.9964536533,,,,2.399099735
1994-02-08,-1.100312397,-1.006427011,,,,1.405797904
1994-02-09,-1.091689933,-1.016574531,,,,1.176233561
1994-02-10,-1.083149853,-1.026902035,,,,0.9016861381
1994-02-11,-1.074690286,-1.037415625,,,,1.614839006
1994-02-12,-1.066309412,0.08822635666,,,,1.767964983
1994-02-13,-1.058005467,0.08822635666,,,,1.753342163
1994-02-14,-1.114382022,-0.04057592657,,,,1.738973865
1994-02-15,-1.105509761,-0.04164651875,,,,1.601630422
1994-02-16,-1.096722998,-0.04271756098,,,,0.9508767381
1994-02-17,-1.088019688,-0.04378905729,,,,0.7515904426
1994-02-18,-1.079397849,-0.04486101173,,,,1.247639978
1994-02-19,-1.070855548,0.08299124849,,,,1.915705724
1994-02-20,-1.062390908,0.08299124849,,,,1.896669279
1994-02-21,-1.105191181,-0.01988654406,,,,1.878044165
1994-02-22,-1.096383154,-0.02145955697,,,,1.858175466
1994-02-23,-1.087658527,-0.02303370806,,,,0.9845765361
1994-02-24,-1.0790153,-0.02460901076,,,,1.260829224
1994-02-25,-1.070451529,-0.02618547858,,,,2.707733951
1994-02-26,-1.061965323,0.07529553519,,,,1.85156139
1994-02-27,-1.05355484,0.07529553519,,,,1.83187199
1994-02-28,-1.933121888,-1.700342664,,,,1.81262072
1994-03-01,-1.910556293,-1.692425469,,,,1.84208594
1994-03-02,-1.888549448,-1.6845873,,,,2.473855403
1994-03-03,-1.867076603,-1.676826747,,,,2.600237427
1994-03-04,-1.846114515,-1.669142435,,,,2.738487323
1994-03-05,-1.825641327,0.08563060087,,,,2.455693568
1994-03-06,-1.805636464,0.08563060087,,,,2.416850136
1994-03-07,-2.296193822,-0.9775067999,,,,2.37946413
1994-03-08,-2.262925018,-0.9698666021,,,,1.23503928
1994-03-09,-2.230769197,-0.9622839183,,,,2.475583558
1994-03-10,-2.199662067,-0.9547574323,,,,1.293830867
1994-03-11,-2.169544423,-0.9472858569,,,,2.619368672
1994-03-12,-2.140361644,0.120623987,,,,1.540624259
1994-03-13,-2.11206324,0.120623987,,,,1.52607582
1994-03-14,-2.64639745,-1.129201725,,,,1.511773129
1994-03-15,-2.6011865,-1.120187429,,,,2.5568409
1994-03-16,-2.557872811,-1.111261969,,,,1.418858412
1994-03-17,-2.516322675,-1.102423202,,,,1.245105562
1994-03-18,-2.47641527,-1.093669049,,,,0.1670574669
1994-03-19,-2.438041105,0.1568932019,,,,0.5063046189
1994-03-20,-2.401100689,0.1568932019,,,,0.5009895323
1994-03-21,-0.6669666417,4.016467237,,,,0.4956768525
1994-03-22,-0.6610205745,3.879640538,,,,1.117497631
1994-03-23,-0.6550903819,3.754930631,,,,0.525021472
1994-03-24,-0.6491753903,3.64062076,,,,-0.1475404863
1994-03-25,-0.6432749268,3.535316999,,,,0.5416004576
1994-03-26,-0.6373883194,0.06874502987,,,,0.6848703389
1994-03-27,-0.6315148963,0.06874502987,,,,0.6789154495
1994-03-28,-0.5542798891,0.2124051018,,,,0.6729787743
1994-03-29,-0.5483064023,0.214610626,,,,1.427416972
1994-03-30,-0.5423315278,0.2168213648,,,,2.379981963
1994-03-31,-0.5363543191,0.2190373687,,,,3.564467917
1994-04-01,-0.5303738104,0.2212586888,,,,4.472904408
1994-04-02,-0.5243890147,0.07912950517,,,,4.290332369
1994-04-03,-0.5183989228,0.07912950517,,,,4.127193664
1994-04-04,-0.3885185828,0.3191387213,,,,3.980227289
1994-04-05,-0.3824482101,0.3186858406,,,,5.395160087
1994-04-06,-0.3763508243,0.3182331206,,,,2.54208625
1994-04-07,-0.3702248652,0.3177805608,,,,2.150017975
1994-04-08,-0.3640687099,0.3173281611,,,,1.935059404
1994-04-09,-0.3578806682,0.07699978286,,,,1.884344829
1994-04-10,-0.3516589782,0.07699978286,,,,1.862762548
1994-04-11,-0.820258359,-0.8095176163,,,,1.841694873
1994-04-12,-0.8136479267,-0.8068877794,,,,1.6793364
1994-04-13,-0.8070729787,-0.8042668729,,,,1.575489945
1994-04-14,-0.8005327312,-0.8016548245,,,,1.832785917
1994-04-15,-0.7940264179,-0.799051563,,,,1.473650652
1994-04-16,-0.7875532906,0.08549313337,,,,1.329474805
1994-04-17,-0.7811126186,0.08549313337,,,,1.318546635
1994-04-18,-2.192713056,-2.47380136,,,,1.307759962
1994-04-19,-2.174853562,-2.435887563,,,,1.850231513
1994-04-20,-2.157644886,-2.399380863,,,,1.701545622
1994-04-21,-2.141071669,-2.364193145,,,,1.719207673
1994-04-22,-2.125120244,-2.330243879,,,,0.7851393197
1994-04-23,-2.109778569,0.1491287828,,,,0.7840664471
1994-04-24,-2.095036189,0.1491287828,,,,0.7785611579
1994-04-25,-3.81250935,-3.01404449,,,,0.7730837499
1994-04-26,-3.69481524,-2.98396402,,,,0.4665834013
1994-04-27,-3.586562921,-2.954672047,,,,0.258197729
1994-04-28,-3.486532802,-2.926133897,,,,0.2544267031
1994-04-29,-3.393715422,-2.898316999,,,,0.5661309017
1994-04-30,-3.307267044,0.1595013803,,,,0.23245509
1994-05-01,-3.226476223,0.1595013803,,,,0.2288642201
1994-05-02,-3.866054502,-1.359550125,,,,0.2252699836
1994-05-03,-3.741160882,-1.360989749,,,,0.3739698259
1994-05-04,-3.62671739,-1.362432382,,,,0.2363474775
1994-05-05,-3.521318441,-1.363878034,,,,0.4474633396
1994-05-06,-3.423810067,-1.365326717,,,,0.5640239331
1994-05-07,-3.333234784,0.1576077072,,,,0.7908736502
1994-05-08,-3.248790536,0.1576077072,,,,0.7848944408
1994-05-09,-3.079031763,0.3855654967,,,,0.7789454428
1994-05-10,-3.010100857,0.3868394931,,,,1.2514343
1994-05-11,-2.945049156,0.3881154584,,,,0.8123041343
1994-05-12,-2.883515278,0.3893934023,,,,0.9652581889
1994-05-13,-2.825183377,0.3906733345,,,,0.9180653636
1994-05-14,-2.769776012,0.1633575578,,,,0.5029464027
1994-05-15,-2.717048342,0.1633575578,,,,0.4977222376
1994-05-16,-1.743663104,2.645957852,,,,0.492501034
1994-05-17,-1.725251462,2.602874491,,,,0.5452652683
1994-05-18,-1.707224078,2.561512286,,,,0.2786892789
1994-05-19,-1.689566155,2.521755235,,,,-0.4057593819
1994-05-20,-1.672263674,2.483498025,,,,-0.5036054796
1994-05-21,-1.655303342,0.1129596019,,,,-0.299788495
1994-05-22,-1.638672542,0.1129596019,,,,-0.302049095
1994-05-23,-1.263349308,1.046455258,,,,-0.3043160073
1994-05-24,-1.253964936,1.038211934,,,,0.007905831836
1994-05-25,-1.24468782,1.030039413,,,,-0.3330736349
1994-05-26,-1.23551544,1.021936052,,,,-0.4673922839
1994-05-27,-1.226445358,1.013900251,,,,-0.4342276654
1994-05-28,-1.217475209,0.07053370962,,,,-0.4369506558
1994-05-29,-1.208602703,0.07053370962,,,,-0.4351823214
1994-05-30,-0.6417603091,1.541807535,,,,-0.4334164986
1994-05-31,-0.6391053895,1.527246015,,,,-0.4297261943
1994-06-01,-0.6364580321,1.512930736,,,,-0.180759649
1994-06-02,-0.6338181697,1.49885365,,,,-0.3188675329
1994-06-03,-0.6311857356,1.485007062,,,,-0.3131621847
1994-06-04,-0.6285606635,0.02772862349,,,,-0.5563158375
1994-06-05,-0.6259428881,0.02772862349,,,,-0.5556764466
1994-06-06,0.1195353427,1.943873579,,,,-0.5550375471
1994-06-07,0.1181958963,1.920952687,,,,-0.1771033317
1994-06-08,0.1168564789,1.898606246,,,,-0.1697133259
1994-06-09,0.1155170833,1.87680852,,,,-0.04905227487
1994-06-10,0.1141777021,1.855535355,,,,-0.09913193058
1994-06-11,0.112838328,-0.01689233619,,,,-0.3358108738
1994-06-12,0.1114989537,-0.01689233619,,,,-0.3376312724
1994-06-13,-0.7465262318,-2.145546532,,,,-0.3394557152
1994-06-14,-0.7436734497,-2.117728451,,,,-0.6858734454
1994-06-15,-0.7408304589,-2.090722396,,,,-0.8271258553
1994-06-16,-0.7379971715,-2.064486989,,,,-0.8601154697
1994-06-17,-0.7351735006,-2.038983745,,,,-0.9901438885
1994-06-18,-0.7323593604,0.02519337076,,,,-0.4998277946
1994-06-19,-0.7295546658,0.02519337076,,,,-0.5004465456
1994-06-20,-0.454324488,0.6840139094,,,,-0.5010657876
1994-06-21,-0.4537995501,0.6795574083,,,,0.2397612148
1994-06-22,-0.4532749026,0.6751183434,,,,0.5692457553
1994-06-23,-0.452750545,0.6706964383,,,,0.2583486229
1994-06-24,-0.4522264767,0.66629142,,,,0.298592848
1994-06-25,-0.4517026971,0.005346491141,,,,1.462601513
1994-06-26,-0.4511792057,0.005346491141,,,,1.450042432
1994-06-27,0.6339145541,2.5975562,,,,1.437679947
1994-06-28,0.6323760349,2.572687412,,,,0.8941979225
1994-06-29,0.6308403569,2.548419509,,,,0.6675744939
1994-06-30,0.6293075056,2.52472787,,,,0.3829988093
1994-07-01,0.6277774664,2.501589268,,,,0.6257426184
1994-07-02,0.626250225,-0.01362186989,,,,0.3450280914
1994-07-03,0.6247257669,-0.01362186989,,,,0.3403972033
1994-07-04,-0.1857906512,-1.88119375,,,,0.3357612928
1994-07-05,-0.1832654645,-1.859859998,,,,0.3315630095
1994-07-06,-0.1807396529,-1.839030881,,,,0.5813436707
1994-07-07,-0.1782131645,-1.818684897,,,,0.4765569591
1994-07-08,-0.1756859478,-1.798801798,,,,0.158322121
1994-07-09,-0.1731579508,0.02913897752,,,,-0.1876724155
1994-07-10,-0.1706291213,0.02913897752,,,,-0.1913169257
1994-07-11,-0.3112783988,-0.2917022318,,,,-0.1949787459
1994-07-12,-0.3078598892,-0.2895100555,,,,0.06312712436
1994-07-13,-0.3044419101,-0.2873194033,,,,-0.1378779136
1994-07-14,-0.301024334,-0.2851302437,,,,-0.5874011354
1994-07-15,-0.2976070331,-0.282942545,,,,-0.9396423421
1994-07-16,-0.294189879,0.04004475332,,,,-1.096533494
1994-07-17,-0.2907727433,0.04004475332,,,,-1.088005842
1994-07-18,-0.471179958,-0.3711653581,,,,-1.079558014
1994-07-19,-0.4677406978,-0.3717292328,,,,-0.9993440074
1994-07-20,-0.4643077823,-0.3722934502,,,,-0.897891424
1994-07-21,-0.460881089,-0.3728580109,,,,-0.8701255156
1994-07-22,-0.4574604964,-0.3734229159,,,,-0.8874827668
1994-07-23,-0.4540458835,0.0376575746,,,,-1.076640581
1994-07-24,-0.4506371302,0.0376575746,,,,-1.070413231
1994-07-25,-0.4558457174,0.0189399142,,,,-1.064234735
1994-07-26,-0.4516236719,0.02134305714,,,,-0.9491077931
1994-07-27,-0.4474066201,0.0237500529,,,,-0.8523739567
1994-07-28,-0.4431943291,0.02616095659,,,,-0.7246617743
1994-07-29,-0.4389865665,0.0285758238,,,,-0.6746196948
1994-07-30,-0.4347830999,0.04977496487,,,,-1.071716294
1994-07-31,-0.4305836969,0.04977496487,,,,-1.063334896
1994-08-01,-0.3367689902,0.2510063023,,,,-1.055028745
1994-08-02,-0.3323030204,0.252206968,,,,-1.028900558
1994-08-03,-0.327832986,0.2534090111,,,,-0.9770502883
1994-08-04,-0.3233585484,0.254612439,,,,-0.935712145
1994-08-05,-0.3188793649,0.2558172588,,,,-0.5616524481
1994-08-06,-0.3143950888,0.0553558096,,,,-0.4873657599
1994-08-07,-0.3099053692,0.0553558096,,,,-0.4846241469
1994-08-08,-1.204885812,-1.930927523,,,,-0.4818880498
1994-08-09,-1.195094317,-1.908758571,,,,-0.4475074821
1994-08-10,-1.185411375,-1.88713154,,,,-0.387208457
1994-08-11,-1.175834267,-1.866022778,,,,-0.6644678615
1994-08-12,-1.166360359,-1.845410054,,,,-0.5635527876
1994-08-13,-1.156987102,0.09312413338,,,,-1.022315532
1994-08-14,-1.14771202,0.09312413338,,,,-1.017573855
1994-08-15,-1.571929742,-0.8551449468,,,,-1.012861599
1994-08-16,-1.556889333,-0.8567088275,,,,-0.581261812
1994-08-17,-1.542111465,-0.8582765219,,,,-0.8752177204
1994-08-18,-1.527587366,-0.8598480491,,,,-0.8064480803
1994-08-19,-1.513308661,-0.8614234286,,,,-0.5713809695
1994-08-20,-1.499267351,0.08922163206,,,,-0.2360001691
1994-08-21,-1.485455785,0.08922163206,,,,-0.2364309791
1994-08-22,-1.653421579,-0.316300239,,,,-0.2368619312
1994-08-23,-1.637357989,-0.3112775802,,,,-0.333229036
1994-08-24,-1.621598891,-0.3062428287,,,,-0.720316332
1994-08-25,-1.606133749,-0.3011953846,,,,-0.8017670054
1994-08-26,-1.590952532,-0.2961346353,,,,-0.6050930354
1994-08-27,-1.576045688,0.1194512418,,,,-0.5323072493
1994-08-28,-1.561404113,0.1194512418,,,,-0.5350905553
1994-08-29,-1.085840567,1.197107163,,,,-0.5378858132
1994-08-30,-1.078050505,1.197310317,,,,-0.7062593796
1994-08-31,-1.07034665,1.197513532,,,,-0.974672935
1994-09-01,-1.062727935,1.197716808,,,,-0.6514127512
1994-09-02,-1.055193367,1.197920145,,,,-0.7090668209
1994-09-03,-1.047742032,0.1199257614,,,,-0.9255045938
1994-09-04,-1.040373089,0.1199257614,,,,-0.9334271149
1994-09-05,0.126341569,2.693374692,,,,-0.9414593476
1994-09-06,0.1330633363,2.645291326,,,,-0.9485142992
1994-09-07,0.1398672492,2.599306304,,,,-0.8214993523
1994-09-08,0.1467561926,2.555265378,,,,-0.7703848693
1994-09-09,0.1537331872,2.513029758,,,,-0.7509458462
1994-09-10,0.1608013978,0.0631100602,,,,-0.1663524622
1994-09-11,0.1679641427,0.0631100602,,,,-0.1692916782
1994-09-12,0.3707857913,0.4578917384,,,,-0.1722406455
1994-09-13,0.3784889037,0.4561513986,,,,0.241866867
1994-09-14,0.3863091281,0.4544136525,,,,0.1261420084
1994-09-15,0.3942506268,0.4526784819,,,,-0.1972278088
1994-09-16,0.4023177698,0.4509458689,,,,-0.768067745
1994-09-17,0.4105151479,0.05522300707,,,,-0.3394022885
1994-09-18,0.418847588,0.05522300707,,,,-0.3437712475
1994-09-19,1.116463579,1.383522068,,,,-0.348170534
1994-09-20,1.125023449,1.373432809,,,,-0.2299618259
1994-09-21,1.133704645,1.363470493,,,,0.4266691183
1994-09-22,1.142510407,1.353632026,,,,0.4409319957
1994-09-23,1.151444099,1.343914417,,,,0.1510715162
1994-09-24,1.160509215,0.02990733377,,,,0.4516653059
1994-09-25,1.169709383,0.02990733377,,,,0.4462800442
1994-09-26,1.786979867,1.15954456,,,,0.4408904034
1994-09-27,1.786018759,1.15056346,,,,0.4506596107
1994-09-28,1.785058828,1.141674736,,,,0.2390647886
1994-09-29,1.784100073,1.132876226,,,,-0.1889197461
1994-09-30,1.783142491,1.124165833,,,,0.1542630875
1994-10-01,1.782186079,-0.002109822417,,,,0.2993150936
1994-10-02,1.781230834,-0.002109822417,,,,0.2940315425
1994-10-03,2.180443572,0.7367081229,,,,0.288730136
1994-10-04,2.17397707,0.7342818998,,,,0.849347273
1994-10-05,2.167557494,0.7318629417,,,,1.434153106
1994-10-06,2.161184252,0.7294511929,,,,1.064136815
1994-10-07,2.154856766,0.7270465982,,,,1.212506028
1994-10-08,2.148574467,-0.01086675919,,,,0.55884772
1994-10-09,2.142336794,-0.01086675919,,,,0.5527601657
1994-10-10,2.041701314,-0.1724408164,,,,0.5466691172
1994-10-11,2.025616315,-0.178250611,,,,0.440539878
1994-10-12,2.009823726,-0.1841170975,,,,-0.154409658
1994-10-13,1.994314281,-0.1900418785,,,,0.3247049651
1994-10-14,1.979079123,-0.1960266156,,,,0.5168302346
1994-10-15,1.964109776,-0.03688297997,,,,-0.2859378672
1994-10-16,1.94939813,-0.03688297997,,,,-0.2822573909
1994-10-17,0.7817826408,-2.303917567,,,,-0.2785753439
1994-10-18,0.7811858739,-2.275358755,,,,0.4564155792
1994-10-19,0.7805896128,-2.247637299,,,,0.3674891499
1994-10-20,0.7799938566,-2.220711026,,,,0.6394805673
1994-10-21,0.7793986045,-2.194540687,,,,1.072986528
1994-10-22,0.7788038553,-0.003556657074,,,,1.027265944
1994-10-23,0.7782096082,-0.003556657074,,,,1.02236566
1994-10-24,0.300474201,-0.9004221176,,,,1.017496659
1994-10-25,0.3020554065,-0.8956859476,,,,1.542143982
1994-10-26,0.3036394171,-0.8909768428,,,,1.110268386
1994-10-27,0.3052262511,-0.8862944293,,,,0.8875726249
1994-10-28,0.3068159267,-0.8816383399,,,,0.8674411234
1994-10-29,0.3084084626,0.01288694123,,,,0.3105575142
1994-10-30,0.3100038772,0.01288694123,,,,0.3108665219
1994-10-31,0.5520797811,0.4596024218,,,,0.3111756167
1994-11-01,0.5524980503,0.4574207751,,,,0.3114847987
1994-11-02,0.5529165506,0.4552428267,,,,0.4493203498
1994-11-03,0.5533352824,0.4530685428,,,,0.6968002765
1994-11-04,0.5537542458,0.4508978895,,,,0.8184898517
1994-11-05,0.5541734414,0.002918000417,,,,1.396825547
1994-11-06,0.5545928694,0.002918000417,,,,1.38807139
1994-11-07,-0.9888556366,-2.817777929,,,,1.379415705
1994-11-08,-0.9825330151,-2.771297963,,,,1.673602144
1994-11-09,-0.9762571425,-2.726744588,,,,1.142995068
1994-11-10,-0.9700271913,-2.683984086,,,,1.200657886
1994-11-11,-0.9638423522,-2.642895416,,,,0.9949891908
1994-11-12,-0.9577018336,0.03861846888,,,,1.239427357
1994-11-13,-0.9516048612,0.03861846888,,,,1.237094385
1994-11-14,-1.076342571,-0.1921203925,,,,1.234769168
1994-11-15,-1.070213025,-0.1934038457,,,,1.314078809
1994-11-16,-1.064131016,-0.1946886844,,,,1.302127153
1994-11-17,-1.058095753,-0.1959749173,,,,0.7603336429
1994-11-18,-1.052106462,-0.1972625527,,,,0.9340779536
1994-11-19,-1.046162386,0.03267410008,,,,0.9744683796
1994-11-20,-1.040262785,0.03267410008,,,,0.9707860733
1994-11-21,-1.241390707,-0.3386615641,,,,0.9671219316
1994-11-22,-1.235062913,-0.3398538878,,,,1.032551831
1994-11-23,-1.228788219,-0.3410478088,,,,1.562416213
1994-11-24,-1.222565753,-0.3422433346,,,,2.10476267
1994-11-25,-1.216394661,-0.3434404731,,,,2.077392154
1994-11-26,-1.210274109,0.02760399577,,,,1.598251054
1994-11-27,-1.204203282,0.02760399577,,,,1.582899055
1994-11-28,-1.152315718,0.1138111713,,,,1.567821248
1994-11-29,-1.143108687,0.1226512842,,,,1.271727489
1994-11-30,-1.133995789,0.1316648866,,,,0.9458337561
1994-12-01,-1.124974742,0.1408610139,,,,0.8453289721
1994-12-02,-1.116043329,0.1502493639,,,,1.183125993
1994-12-03,-1.107199401,0.06919669941,,,,1.109691317
1994-12-04,-1.098440865,0.06919669941,,,,1.101795889
1994-12-05,-1.368461993,-0.4710264039,,,,1.093973838
1994-12-06,-1.356569841,-0.468348422,,,,0.8816201338
1994-12-07,-1.344841756,-0.4656755004,,,,0.859915272
1994-12-08,-1.333273067,-0.4630075787,,,,0.9772117845
1994-12-09,-1.321859278,-0.460344597,,,,1.874232049
1994-12-10,-1.310596059,0.08152433079,,,,0.9011490399
1994-12-11,-1.299479238,0.08152433079,,,,0.9249743651
1994-12-12,-2.292318996,-1.900846422,,,,0.9499770236
1994-12-13,-2.25984371,-1.879168192,,,,0.7120729468
1994-12-14,-2.228439372,-1.858009891,,,,0.2110130171
1994-12-15,-2.198045298,-1.837349137,,,,-0.5448581288
1994-12-16,-2.168605533,-1.81716487,,,,-0.6232704166
1994-12-17,-2.140068378,0.1200119355,,,,-0.6595197833
1994-12-18,-2.112385991,0.1200119355,,,,-0.6533419629
1994-12-19,-2.169342304,-0.05548488837,,,,-0.6471758328
1994-12-20,-2.140118694,-0.05687937696,,,,-0.5178414986
1994-12-21,-2.11178138,-0.05827486805,,,,-0.5335739647
1994-12-22,-2.084283456,-0.0596713711,,,,-1.028699644
1994-12-23,-2.057581419,-0.06106889563,,,,-0.8213913285
1994-12-24,-2.031634859,0.1133127903,,,,-1.138064501
1994-12-25,-2.006406182,0.1133127903,,,,-1.129058088
1994-12-26,-1.75753979,0.5958802496,,,,-1.120142701
1994-12-27,-1.740029753,0.5898478997,,,,-1.113088165
1994-12-28,-1.722873758,0.5838194418,,,,-0.9699135345
1994-12-29,-1.706058787,0.5777939833,,,,-0.5589037541
1994-12-30,-1.689572478,0.5717706178,,,,-0.5269734864
1994-12-31,-1.673403089,0.07450562589,,,,-0.3362697251
1995-01-01,-1.657539451,0.07450562589,,,,-0.3326519777
1995-01-02,-1.618406602,0.1348665657,,,,-0.3290351164
1995-01-03,-1.609512895,0.1275394958,,,,-0.3266895445
1995-01-04,-1.600719617,0.1201142276,,,,0.2509669092
1995-01-05,-1.592024717,0.1125858043,,,,-0.1451903851
1995-01-06,-1.583426199,0.1049489439,,,,-0.1595542564
1995-01-07,-1.574922125,0.03463382542,,,,-0.3619916369
1995-01-08,-1.566510611,0.03463382542,,,,-0.3604985405
1995-01-09,-1.351182503,0.5423751718,,,,-0.359006949
1995-01-10,-1.350285399,0.5370015501,,,,-0.2471406088
1995-01-11,-1.349389441,0.5316336442,,,,-0.6897372456
1995-01-12,-1.348494627,0.5262709238,,,,-0.8873754133
1995-01-13,-1.347600954,0.5209128555,,,,-0.509937889
1995-01-14,-1.34670842,0.003897658377,,,,-1.447034461
1995-01-15,-1.345817022,0.003897658377,,,,-1.433997371
1995-01-16,-1.73949759,-0.9606626028,,,,-1.421158174
1995-01-17,-1.731828229,-0.954508184,,,,-1.38812345
1995-01-18,-1.724232533,-0.9483972998,,,,-1.026284682
1995-01-19,-1.716709242,-0.9423291896,,,,-1.13673328
1995-01-20,-1.709257124,-0.9363031091,,,,-0.9713922384
1995-01-21,-1.70187498,0.02601783441,,,,-0.8079583848
1995-01-22,-1.694561637,0.02601783441,,,,-0.8021596573
1995-01-23,-1.356425844,0.8423886554,,,,-0.7963919518
1995-01-24,-1.348474394,0.8500174412,,,,-0.4454879545
1995-01-25,-1.340605106,0.8577499686,,,,-0.9004741146
1995-01-26,-1.332816358,0.8655890372,,,,-1.15569207
1995-01-27,-1.325106573,0.8735375539,,,,-1.263988903
1995-01-28,-1.317474214,0.04506564116,,,,-1.257175814
1995-01-29,-1.309917788,0.04506564116,,,,-1.250423809
1995-01-30,-0.8314915921,1.258273929,,,,-1.243731817
1995-01-31,-0.8276877925,1.253631611,,,,-0.7003978741
1995-02-01,-0.8239015328,1.24901888,,,,-0.858097139
1995-02-02,-0.8201326119,1.244435374,,,,-0.9781882687
1995-02-03,-0.8163808315,1.239880737,,,,-1.291577211
1995-02-04,-0.8126459961,0.03439526517,,,,-1.36390484
1995-02-05,-0.8089279132,0.03439526517,,,,-1.356574823
1995-02-06,-1.13028534,-0.80414503,,,,-1.349315429
1995-02-07,-1.12198481,-0.7974947419,,,,-1.217384189
1995-02-08,-1.113764745,-0.7908756357,,,,-1.236158423
1995-02-09,-1.105623385,-0.7842868172,,,,-1.100204007
1995-02-10,-1.097559022,-0.7777274017,,,,-0.9865447671
1995-02-11,-1.089569993,0.07325336775,,,,-1.165302464
1995-02-12,-1.081654681,0.07325336775,,,,-1.161388176
1995-02-13,-1.089914714,0.03476136031,,,,-1.157495149
1995-02-14,-1.08123922,0.04094944211,,,,-1.084231018
1995-02-15,-1.072643736,0.04720009986,,,,-1.06821025
1995-02-16,-1.064126351,0.05351543504,,,,-1.015904249
1995-02-17,-1.055685204,0.05989763894,,,,-0.9644381124
1995-02-18,-1.047318483,0.1056187224,,,,-0.9097331135
1995-02-19,-1.039024426,0.1056187224,,,,-0.906538454
1995-02-20,-0.9709232208,0.2651312891,,,,-0.9033573617
1995-02-21,-0.964255503,0.258951714,,,,-0.9026010037
1995-02-22,-0.9576371633,0.252728789,,,,-0.7297484377
1995-02-23,-0.9510672665,0.2464605472,,,,-1.067867266
1995-02-24,-0.9445448985,0.2401449329,,,,-1.190646469
1995-02-25,-0.9380691653,0.07001446918,,,,-1.342748159
1995-02-26,-0.9316391927,0.07001446918,,,,-1.33590766
1995-02-27,-0.7445411516,0.5794344375,,,,-1.32912913
1995-02-28,-0.7390793902,0.5797522179,,,,-0.4768499736
1995-03-01,-0.7336424618,0.5800701337,,,,-0.8566716962
1995-03-02,-0.728229876,0.5803881847,,,,-0.9013848698
1995-03-03,-0.7228411494,0.5807063714,,,,-0.7089307232
1995-03-04,-0.7174758057,0.0712384234,,,,-0.9908777214
1995-03-05,-0.7121333751,0.0712384234,,,,-0.9839766172
1995-03-06,-0.8686339767,-0.3820907572,,,,-0.9771497583
1995-03-07,-0.861717961,-0.3753093776,,,,-0.6022286176
1995-03-08,-0.8548431653,-0.368468301,,,,0.4528474138
1995-03-09,-0.8480086421,-0.3615634462,,,,0.1972912338
1995-03-10,-0.8412134626,-0.3545904176,,,,0.01539429861
1995-03-11,-0.8344567164,0.1323610297,,,,-0.4854862608
1995-03-12,-0.8277375107,0.1323610297,,,,-0.4814900845
1995-03-13,-0.1503512532,2.082754612,,,,-0.4775009091
1995-03-14,-0.1466064719,2.061718536,,,,-0.5914477419
1995-03-15,-0.1428538165,2.041273888,,,,-0.6118439274
1995-03-16,-0.1390930651,2.021398054,,,,-0.4424731302
1995-03-17,-0.1353239926,2.002069923,,,,-0.6803296027
1995-03-18,-0.1315463708,0.05691738166,,,,-0.7538313359
1995-03-19,-0.1277599682,0.05691738166,,,,-0.7500020763
1995-03-20,0.4748373509,1.756560928,,,,-0.7461890122
1995-03-21,0.4763480195,1.738192316,,,,-0.9758185071
1995-03-22,0.4778617948,1.720207947,,,,-0.8732143998
1995-03-23,0.479378694,1.70259309,,,,-0.9922428963
1995-03-24,0.4808987348,1.685333788,,,,-0.9198778067
1995-03-25,0.4824219349,0.01615244754,,,,-1.042194135
1995-03-26,0.4839483119,0.01615244754,,,,-1.041817023
1995-03-27,0.3633952354,-0.3207096425,,,,-1.041440123
1995-03-28,0.3646974391,-0.3209249676,,,,-0.715693943
1995-03-29,0.3660016484,-0.3211403351,,,,-0.9701165653
1995-03-30,0.3673078736,-0.3213557452,,,,-0.3691623323
1995-03-31,0.3686161248,-0.3215711979,,,,-0.3152210822
1995-04-01,0.3699264126,0.01518876156,,,,0.06456709134
1995-04-02,0.3712387473,0.01518876156,,,,0.06031915635
1995-04-03,0.2713423163,-0.2633197418,,,,0.0560542044
1995-04-04,0.273007161,-0.2622529871,,,,0.1190794653
1995-04-05,0.2746750087,-0.2611868091,,,,-0.3375524857
1995-04-06,0.2763458802,-0.2601212041,,,,-0.164095832
1995-04-07,0.2780197969,-0.2590561682,,,,-0.2434643656
1995-04-08,0.2796967801,0.02032900692,,,,-0.2268307303
1995-04-09,0.2813768512,0.02032900692,,,,-0.2309271882
1995-04-10,1.359496899,2.926629529,,,,-0.2350477831
1995-04-11,1.353378232,2.867638404,,,,-0.270312951
1995-04-12,1.347309709,2.811616616,,,,-0.305334524
1995-04-13,1.341290556,2.75831519,,,,-0.6689495789
1995-04-14,1.335320016,2.707513492,,,,-0.9600404438
1995-04-15,1.329397346,-0.03217688769,,,,-0.9569934001
1995-04-16,1.32352182,-0.03217688769,,,,-0.9539590444
1995-04-17,1.379253739,0.1320569369,,,,-0.950937264
1995-04-18,1.368689385,0.1252670487,,,,-0.5072787028
1995-04-19,1.358262313,0.1184021771,,,,-0.1795438566
1995-04-20,1.347969033,0.1114589964,,,,-0.1142715485
1995-04-21,1.337806175,0.1044339986,,,,-0.6312982676
1995-04-22,1.327770484,-0.07214604869,,,,-0.7594174839
1995-04-23,1.317858814,-0.07214604869,,,,-0.7621930311
1995-04-24,1.334305002,-0.0006729189332,,,,-0.7649809884
1995-04-25,1.323307115,-0.004444398552,,,,-0.7330553752
1995-04-26,1.312452537,-0.008229672258,,,,-0.4788675551
1995-04-27,1.301737447,-0.01202901718,,,,-0.5493541247
1995-04-28,1.291158156,-0.01584271548,,,,-0.7330391112
1995-04-29,1.280711105,-0.09176369587,,,,-0.8244478062
1995-04-30,1.27039286,-0.09176369587,,,,-0.8211953311
1995-05-01,1.189465754,-0.2933730665,,,,-0.8179561187
1995-05-02,1.180030907,-0.2941638946,,,,-0.6122791332
1995-05-03,1.170697826,-0.294955327,,,,-0.7488951124
1995-05-04,1.161464039,-0.2957473658,,,,-0.8488739359
1995-05-05,1.152327151,-0.2965400129,,,,-0.3525770843
1995-05-06,1.143284839,-0.09544548226,,,,-0.6563308154
1995-05-07,1.134334847,-0.09544548226,,,,-0.655949552
1995-05-08,0.6585371214,-1.431900629,,,,-0.6555684841
1995-05-09,0.6545993417,-1.419202853,,,,-0.5728675305
1995-05-10,0.6506756975,-1.406694354,,,,-0.2987577184
1995-05-11,0.6467659925,-1.394369526,,,,-0.1277610374
1995-05-12,0.6428700333,-1.38222299,,,,-0.1829111885
1995-05-13,0.6389876284,-0.0485389748,,,,-0.7848797123
1995-05-14,0.6351185889,-0.0485389748,,,,-0.7864552866
1995-05-15,0.02019069163,-1.794035682,,,,-0.7880347119
1995-05-16,0.0225550672,-1.786054449,,,,-0.5057732666
1995-05-17,0.02492313632,-1.778529864,,,,-0.6025069757
1995-05-18,0.02729495119,-1.77147032,,,,-0.5193847718
1995-05-19,0.02967056442,-1.764885784,,,,-0.1143679448
1995-05-20,0.03205002908,0.03418338079,,,,-0.2833678401
1995-05-21,0.03443339869,0.03418338079,,,,-0.2826784191
1995-05-22,-0.0055378488,-0.08854127287,,,,-0.2819893046
1995-05-23,-0.002469046498,-0.08651353033,,,,-0.8749454807
1995-05-24,0.0006070340385,-0.08448471674,,,,-0.9375507942
1995-05-25,0.003690520005,-0.0824548046,,,,-1.084456086
1995-05-26,0.006781540187,-0.08042376635,,,,-0.8884523252
1995-05-27,0.009880224992,0.04455222771,,,,-0.5864558914
1995-05-28,0.01298670649,0.04455222771,,,,-0.5848866753
1995-05-29,-0.1462102258,-0.4229537685,,,,-0.5833202357
1995-05-30,-0.1410546975,-0.4172285336,,,,-0.5811513887
1995-05-31,-0.1358720031,-0.4114895035,,,,-0.4090045753
1995-06-01,-0.1306612754,-0.4057356879,,,,-0.2321330358
1995-06-02,-0.1254216215,-0.3999660691,,,,-0.565293149
1995-06-03,-0.1201521217,0.08188514135,,,,-0.1570069537
1995-06-04,-0.1148518278,0.08188514135,,,,-0.1538943069
1995-06-05,0.03446016148,0.4941242702,,,,-0.1507782284
1995-06-06,0.04153809073,0.4985396739,,,,0.09956305631
1995-06-07,0.04870861813,0.5029877082,,,,-0.1357151425
1995-06-08,0.05597548787,0.5074689409,,,,-0.2193448709
1995-06-09,0.06334264558,0.5119839534,,,,-0.1907150085
1995-06-10,0.07081425299,0.09849720869,,,,-0.2563190695
1995-06-11,0.07839470393,0.09849720869,,,,-0.2532504504
1995-06-12,0.1096053542,0.1629012239,,,,-0.2501815546
1995-06-13,0.1189395985,0.1660332361,,,,-0.6936450562
1995-06-14,0.1284756427,0.1691766398,,,,-1.0156005
1995-06-15,0.1382249307,0.1723315972,,,,-1.008016702
1995-06-16,0.1481998267,0.1754982733,,,,-1.032747471
1995-06-17,0.158413715,0.1137416714,,,,-1.278900677
1995-06-18,0.1688811127,0.1137416714,,,,-1.268254722
1995-06-19,0.4945819919,0.9255942136,,,,-1.257739672
1995-06-20,0.5071802075,0.9201380548,,,,-1.004584552
1995-06-21,0.5201355137,0.9147167606,,,,-1.024132941
1995-06-22,0.5334693327,0.9093297829,,,,-0.9317859141
1995-06-23,0.5472049446,0.903976584,,,,-0.8610756003
1995-06-24,0.561367701,0.09342452817,,,,-1.024414776
1995-06-25,0.5759852712,0.09342452817,,,,-1.017710571
1995-06-26,1.251942088,1.695360558,,,,-1.011059327
1995-06-27,1.255189492,1.688173121,,,,-0.6461334866
1995-06-28,1.25845287,1.681395644,,,,-0.3404730563
1995-06-29,1.261732369,1.675037209,,,,-0.6679349988
1995-06-30,1.265028137,1.669108358,,,,-0.7411349016
1995-07-01,1.268340324,0.01441367278,,,,-0.84626607
1995-07-02,1.271669083,0.01441367278,,,,-0.8396513448
1995-07-03,1.155869549,-0.2704721419,,,,-0.8330781418
1995-07-04,1.155853389,-0.273887078,,,,-0.7254557491
1995-07-05,1.155837229,-0.2773181166,,,,-0.719309744
1995-07-06,1.155821071,-0.280765492,,,,-0.4242910623
1995-07-07,1.155804912,-0.2842294426,,,,-0.7356635222
1995-07-08,1.155788754,-8.472777301e-05,,,,-0.592749014
1995-07-09,0.2211199407,-2.271538524,,,,-0.5872956998
1995-07-10,0.2265087684,-2.238893349,,,,-0.5818529514
1995-07-11,0.2319453965,-2.207324188,,,,-0.3455435293
1995-07-12,0.2374310226,-2.176769612,,,,-0.3074284327
1995-07-13,0.2429668843,-2.147172997,,,,-0.26856589
1995-07-14,0.24855426,0.0532761954,,,,-0.1235242579
1995-07-15,0.2541944711,0.0532761954,,,,-0.3849676995
1995-07-16,0.2598888841,0.0532761954,,,,-0.3782543301
1995-07-17,0.0987466067,-0.3302619136,,,,-0.3714857653
1995-07-18,0.09859993852,-0.3483713822,,,,-0.2599414441
1995-07-19,0.09845327588,-0.3674360425,,,,-0.006427405102
1995-07-20,0.09830661878,-0.387565597,,,,0.4819483648
1995-07-21,0.09815996721,-0.4088885686,,,,0.06799948777
1995-07-22,0.09801332116,-0.00183951567,,,,-0.1696246893
1995-07-23,0.09786668063,-0.00183951567,,,,-0.1614567543
1995-07-24,0.7493200527,1.639282175,,,,-0.1531419343
1995-07-25,0.7452851349,1.623245893,,,,-0.03195417291
1995-07-26,0.7412676605,1.607507853,,,,0.1172229795
1995-07-27,0.737267406,1.592057662,,,,0.3863978271
1995-07-28,0.733284151,1.57688542,,,,0.396832872
1995-07-29,0.7293176781,-0.03963643811,,,,0.4079525668
1995-07-30,0.7253677732,-0.03963643811,,,,0.4193513875
1995-07-31,0.5134388556,-0.5577542656,,,,0.4310448016
1995-08-01,0.5101388178,-0.5574948763,,,,0.6510628675
1995-08-02,0.506846235,-0.5572355711,,,,0.7218469344
1995-08-03,0.5035609966,-0.5569763498,,,,0.8297983245
1995-08-04,0.5002829929,-0.5567172126,,,,0.9604049852
1995-08-05,0.497012115,-0.03861653904,,,,0.5699906568
1995-08-06,0.4937482549,-0.03861653904,,,,0.5993338658
1995-08-07,-0.8154350304,-3.223594408,,,,0.63107412
1995-08-08,-0.8122010063,-3.14634639,,,,0.5690363282
1995-08-09,-0.808980014,-3.073793895,,,,0.5565585794
1995-08-10,-0.805771925,-3.005467274,,,,0.314389062
1995-08-11,-0.8025766128,-2.940960247,,,,0.5534621838
1995-08-12,-0.7993939521,0.02556044874,,,,0.4919984138
1995-08-13,-0.7962238194,0.02556044874,,,,0.5195719215
1995-08-14,-0.9013016912,-0.2215103376,,,,0.5493813301
1995-08-15,-0.8986446054,-0.2230184095,,,,0.904985262
1995-08-16,-0.895997104,-0.2245286493,,,,0.05486577388
1995-08-17,-0.8933591113,-0.2260410717,,,,0.175689732
1995-08-18,-0.890730552,-0.2275556915,,,,-0.1409617588
1995-08-19,-0.8881113519,0.01869094409,,,,-0.2438811654
1995-08-20,-0.8855014374,0.01869094409,,,,-0.2347023857
1995-08-21,-0.3453956186,1.27033997,,,,-0.2252422421
1995-08-22,-0.3511346059,1.264949626,,,,1.587735029
1995-08-23,-0.3569315996,1.259792433,,,,0.539381788
1995-08-24,-0.3627880649,1.25487604,,,,1.292413448
1995-08-25,-0.368705517,1.250209005,,,,0.9873584808
1995-08-26,-0.3746855242,-0.05178407245,,,,0.1830949612
1995-08-27,-0.3807297095,-0.05178407245,,,,0.1857329248
1995-08-28,-1.052597039,-1.584599022,,,,0.1883785448
1995-08-29,-1.057852169,-1.57168041,,,,0.3911840013
1995-08-30,-1.063152273,-1.558964951,,,,0.6199934086
1995-08-31,-1.068498089,-1.546446729,,,,-0.2059200937
1995-09-01,-1.073890372,-1.534120066,,,,-0.8794288929
1995-09-02,-1.079329894,-0.02458940231,,,,-1.179885508
1995-09-03,-1.084817446,-0.02458940231,,,,-1.174375709
1995-09-04,-1.212246897,-0.2999110723,,,,-1.168906564
1995-09-05,-1.214097935,-0.2966974869,,,,-1.163477476
1995-09-06,-1.215954138,-0.2934846062,,,,-0.6860816572
1995-09-07,-1.217815533,-0.2902723257,,,,-0.6803538433
1995-09-08,-1.219682148,-0.2870605407,,,,-0.4120769524
1995-09-09,-1.221554011,-0.007939013814,,,,-1.312243241
1995-09-10,-1.223431149,-0.007939013814,,,,-1.302108701
1995-09-11,-1.377270585,-0.346072718,,,,-1.292114181
1995-09-12,-1.377186057,-0.3443426231,,,,-0.822982339
1995-09-13,-1.377101539,-0.34261427,,,,-0.8872563616
1995-09-14,-1.377017032,-0.3408876424,,,,-1.02869627
1995-09-15,-1.376932535,-0.3391627241,,,,-1.358098321
1995-09-16,-1.376848048,0.0003215325645,,,,-0.7012567247
1995-09-17,-1.376763572,0.0003215325645,,,,-0.6949780951
1995-09-18,-0.3370799267,2.273212713,,,,-0.6887167956
1995-09-19,-0.3409771655,2.244737721,,,,0.3579938895
1995-09-20,-0.34489756,2.21709953,,,,0.8105263899
1995-09-21,-0.3488414865,2.190255798,,,,0.3695268083
1995-09-22,-0.3528093296,2.164167134,,,,0.5782765175
1995-09-23,-0.356801482,-0.03272677581,,,,0.5174155221
1995-09-24,-0.3608183448,-0.03272677581,,,,0.5115945725
1995-09-25,-0.5753631617,-0.465671284,,,,0.5057700594
1995-09-26,-0.5824267512,-0.4687339429,,,,1.548190328
1995-09-27,-0.589583565,-0.47181093,,,,1.095847183
1995-09-28,-0.596836256,-0.4749024147,,,,1.087172913
1995-09-29,-0.6041875839,-0.4780085688,,,,0.4752730092
1995-09-30,-0.6116404201,-0.04439690259,,,,0.8579275942
1995-10-01,-0.619197754,-0.04439690259,,,,0.8534523237
1995-10-02,-0.863293838,-0.5250958148,,,,0.8490006937
1995-10-03,-0.8667689092,-0.5202032773,,,,2.481531934
1995-10-04,-0.8702637394,-0.5153180606,,,,3.152569622
1995-10-05,-0.8737785561,-0.510439795,,,,3.529627985
1995-10-06,-0.8773135904,-0.505568111,,,,4.475307377
1995-10-07,-0.8808690771,-0.01803124984,,,,2.239029301
1995-10-08,-0.884445255,-0.01803124984,,,,2.209638658
1995-10-09,-0.6551991292,0.445035001,,,,2.181161869
1995-10-10,-0.6555382036,0.4493816722,,,,3.17007794
1995-10-11,-0.65587744,0.4537594911,,,,3.230900757
1995-10-12,-0.6562168385,0.4581690023,,,,2.708227967
1995-10-13,-0.6565563993,0.4626107631,,,,2.29420468
1995-10-14,-0.6568961227,-0.002366471849,,,,1.623877749
1995-10-15,-0.6572360088,-0.002366471849,,,,1.610199105
1995-10-16,-0.8406713607,-0.3713296434,,,,1.596786307
1995-10-17,-0.8429967671,-0.3738965762,,,,2.642652294
1995-10-18,-0.8453307827,-0.3764725958,,,,1.951052695
1995-10-19,-0.8476734735,-0.3790577949,,,,1.950784868
1995-10-20,-0.8500249057,-0.3816522674,,,,1.376427374
1995-10-21,-0.8523851466,-0.01280483299,,,,1.265202104
1995-10-22,-0.8547542641,-0.01280483299,,,,1.255034262
1995-10-23,-0.5088103095,0.6897762686,,,,1.244991582
1995-10-24,-0.512784258,0.6861489847,,,,2.015955456
1995-10-25,-0.5167840972,0.6825351522,,,,1.643536805
1995-10-26,-0.5208102254,0.6789346092,,,,2.319555095
1995-10-27,-0.5248630496,0.6753471962,,,,3.433110921
1995-10-28,-0.528942985,-0.02761948767,,,,2.36428204
1995-10-29,-0.5330504559,-0.02761948767,,,,2.32887276
1995-10-30,-0.9770665795,-0.8963474404,,,,2.294705186
1995-10-31,-0.9785016813,-0.8908340965,,,,1.886540761
1995-11-01,-0.9799399779,-0.8853549819,,,,1.427719451
1995-11-02,-0.9813814836,-0.8799095435,,,,0.985781977
1995-11-03,-0.9828262124,-0.8744972385,,,,0.751824837
1995-11-04,-0.9842741787,-0.006865467324,,,,-0.2193368712
1995-11-05,-0.985725397,-0.006865467324,,,,-0.2265005725
1995-11-06,-1.408190493,-0.834997207,,,,-0.2337628085
1995-11-07,-1.402916408,-0.8289728803,,,,0.2714283197
1995-11-08,-1.397679861,-0.8229828333,,,,0.5931486268
1995-11-09,-1.392480357,-0.8170264012,,,,-0.3483368165
1995-11-10,-1.387317407,-0.8111029315,,,,-0.0332990524
1995-11-11,-1.382190535,0.01956534833,,,,0.5002817405
1995-11-12,-1.37709927,0.01956534833,,,,0.494872089
1995-11-13,-0.874663724,1.007007591,,,,0.4894631166
1995-11-14,-0.876399027,0.9996562603,,,,0.7290524477
1995-11-15,-0.8781390495,0.9923637943,,,,0.92833007
1995-11-16,-0.8798838178,0.9851289765,,,,0.4739443648
1995-11-17,-0.8816333584,0.97795062,,,,0.07059695272
1995-11-18,-0.883387698,-0.009059957729,,,,-0.01566039005
1995-11-19,-0.8851468637,-0.009059957729,,,,-0.01612906712
1995-11-20,0.6868687329,3.015241105,,,,-0.01659778086
1995-11-21,0.6827988874,2.975436345,,,,-0.1462669714
1995-11-22,0.6787447731,2.936997413,,,,-0.8197674147
1995-11-23,0.6747061718,2.899846018,,,,-0.7413501029
1995-11-24,0.6706828679,2.863910027,,,,-0.7404608999
1995-11-25,0.6666746488,-0.03201664138,,,,-0.6766953678
1995-11-26,0.6626813046,-0.03201664138,,,,-0.6771370815
1995-11-27,0.4196492428,-0.4769584459,,,,-0.6775790748
1995-11-28,0.4205674574,-0.4710345843,,,,-0.08281820216
1995-11-29,0.4214866941,-0.4650992515,,,,-1.006910684
1995-11-30,0.4224069565,-0.4591513455,,,,-0.9240896876
1995-12-01,0.4233282482,-0.4531897325,,,,-1.000757204
1995-12-02,0.4242505728,0.007112342808,,,,-1.505806788
1995-12-03,0.4251739339,0.007112342808,,,,-1.504710267
1995-12-04,0.1360062648,-0.5383209245,,,,-1.503615398
1995-12-05,0.1373087421,-0.5371781201,,,,-1.969165769
1995-12-06,0.1386124212,-0.5360367627,,,,-0.9144960378
1995-12-07,0.1399173104,-0.5348968465,,,,0.2077969918
1995-12-08,0.141223418,-0.5337583656,,,,0.2500456194
1995-12-09,0.1425307525,0.01174908062,,,,-1.469039604
1995-12-10,0.1438393222,0.01174908062,,,,-1.455841485
1995-12-11,0.2736629546,0.2525429483,,,,-1.442848831
1995-12-12,0.2738717491,0.2505540848,,,,-1.493077006
1995-12-13,0.2740805789,0.248566216,,,,-1.925791865
1995-12-14,0.274289444,0.2465793182,,,,-2.179011014
1995-12-15,0.2744983445,0.2445933679,,,,-1.426669333
1995-12-16,0.2747072804,0.001807261958,,,,-1.034990399
1995-12-17,0.2749162517,0.001807261958,,,,-1.027391268
1995-12-18,0.7487500992,0.8933700408,,,,-1.019855991
1995-12-19,0.7570081024,0.9137519385,,,,2.163860485
1995-12-20,0.765392369,0.9349758002,,,,0.7394616954
1995-12-21,0.7739068057,0.9571086401,,,,-0.2424284603
1995-12-22,0.7825554905,0.9802252577,,,,-1.694866476
1995-12-23,0.7913426834,0.04192226312,,,,-0.9415180261
1995-12-24,0.8002728365,0.04192226312,,,,-0.9417489713
1995-12-25,0.5015317984,-0.5523412416,,,,-0.9419799971
1995-12-26,0.5113720421,-0.548966495,,,,-0.9370366807
1995-12-27,0.5214134647,-0.5456005003,,,,-0.9502727288
1995-12-28,0.5316649192,-0.5422431373,,,,-0.4483401513
1995-12-29,0.5421358148,-0.5388942866,,,,-0.1745961342
1995-12-30,0.5528361628,0.05729659118,,,,0.09722075302
1995-12-31,0.5637766281,0.05729659118,,,,0.09461784632
1996-01-01,0.5439216534,0.000557183359,,,,0.09201229202
1996-01-02,0.5556649893,0.001095317811,,,,0.0896345825
1996-01-03,0.5677050141,0.001633492647,,,,-0.2456671874
1996-01-04,0.5800574436,0.002171708341,,,,-0.3365647794
1996-01-05,0.5927391915,0.002709965371,,,,1.362736356
1996-01-06,0.6057684907,0.05999817084,,,,1.150375276
1996-01-07,0.6191650297,0.05999817084,,,,1.141167139
1996-01-08,1.056642047,0.7799978317,,,,1.132052852
1996-01-09,1.070400058,0.7754056828,,,,0.6528699108
1996-01-10,1.084493499,0.7708356942,,,,2.720656658
1996-01-11,1.098937827,0.766287546,,,,3.778544214
1996-01-12,1.113749526,0.7617609233,,,,2.097298125
1996-01-13,1.128946191,0.04127346353,,,,1.63952533
1996-01-14,1.144546629,0.04127346353,,,,1.623291773
1996-01-15,2.598804573,2.376139793,,,,1.607362267
1996-01-16,2.572720335,2.343785034,,,,2.291211647
1996-01-17,2.547295616,2.31252661,,,,1.438592791
1996-01-18,2.522502148,2.282303479,,,,1.576200592
1996-01-19,2.498313339,2.253059374,,,,0.9512736697
1996-01-20,2.474704142,-0.03197984151,,,,0.1334147136
1996-01-21,2.451650944,-0.03197984151,,,,0.1303625981
1996-01-22,3.101608254,1.139658777,,,,0.1273066778
1996-01-23,3.03418756,1.132477792,,,,0.7171707223
1996-01-24,2.970477114,1.125414048,,,,0.9148652054
1996-01-25,2.91013928,1.118467896,,,,-0.03035570202
1996-01-26,2.852878022,1.111639874,,,,0.3408874139
1996-01-27,2.79843253,-0.09206726154,,,,-0.5266950562
1996-01-28,2.746572001,-0.09206726154,,,,-0.5234838681
1996-01-29,2.970369777,0.4478191233,,,,-0.5202802825
1996-01-30,2.909079332,0.4450399524,,,,-0.3467554097
1996-01-31,2.850956995,0.4422655945,,,,-0.1371752774
1996-02-01,2.795730493,0.4394959837,,,,-0.03991534292
1996-02-02,2.743159297,0.436731054,,,,0.06808219715
1996-02-03,2.693030007,-0.1051441155,,,,0.6044958917
1996-02-04,2.645152544,-0.1051441155,,,,0.6004067335
1996-02-05,2.038619936,-1.317592733,,,,0.5963302054
1996-02-06,2.013610288,-1.310952387,,,,0.8048844824
1996-02-07,1.989273093,-1.304370579,,,,1.835279882
1996-02-08,1.965576444,-1.297846323,,,,1.382275766
1996-02-09,1.942490514,-1.291378653,,,,1.170847598
1996-02-10,1.919987384,-0.08902677571,,,,1.831899568
1996-02-11,1.898040887,-0.08902677571,,,,1.814259871
1996-02-12,2.159305708,0.5442636868,,,,1.796979375
1996-02-13,2.131174325,0.5430800254,,,,1.836051823
1996-02-14,2.10387107,0.541897922,,,,2.036253819
1996-02-15,2.077353446,0.5407173702,,,,2.569173086
1996-02-16,2.051581951,0.5395383634,,,,2.977006526
1996-02-17,2.026519809,-0.09364835502,,,,2.289795535
1996-02-18,2.002132737,-0.09364835502,,,,2.257627305
1996-02-19,1.604204748,-0.976448859,,,,2.226506511
1996-02-20,1.589684987,-0.9708670583,,,,2.195507946
1996-02-21,1.575415626,-0.9653231919,,,,3.295290454
1996-02-22,1.561388608,-0.959816663,,,,1.393823555
1996-02-23,1.547596234,-0.9543468869,,,,1.454267609
1996-02-24,1.534031138,-0.07417550888,,,,1.619426769
1996-02-25,1.520686271,-0.07417550888,,,,1.606851785
1996-02-26,1.044798795,-1.183422509,,,,1.594539493
1996-02-27,1.039592683,-1.173859732,,,,2.83631229
1996-02-28,1.034421712,-1.164399437,,,,2.975467294
1996-02-29,1.029285375,-1.155039083,,,,2.983767188
1996-03-01,1.024183175,-1.145776205,,,,3.157863178
1996-03-02,1.019114627,-0.03657271783,,,,2.859773075
1996-03-03,1.014079251,-0.03657271783,,,,2.808159869
1996-03-04,0.9228653716,-0.247846248,,,,2.758941214
1996-03-05,0.9224707937,-0.2420427932,,,,2.672957727
1996-03-06,0.9220764464,-0.2362053649,,,,2.227505278
1996-03-07,0.9216823295,-0.2303325611,,,,2.515710435
1996-03-08,0.9212884427,-0.2244229266,,,,2.428108897
1996-03-09,0.9208947858,-0.00263421259,,,,5.089944006
1996-03-10,0.9205013583,-0.00263421259,,,,4.834989455
1996-03-11,0.7520318689,-0.4140425169,,,,4.613296617
1996-03-12,0.7520808806,-0.4133549832,,,,3.701579955
1996-03-13,0.7521298957,-0.4126678983,,,,3.422702896
1996-03-14,0.7521789144,-0.411981261,,,,2.807241593
1996-03-15,0.7522279365,-0.4112950701,,,,2.092715017
1996-03-16,0.7522769621,0.0003810996266,,,,1.849837775
1996-03-17,0.7480617477,-0.008053001313,,,,1.829418479
1996-03-18,0.8186328873,0.1702023253,,,,1.809467626
1996-03-19,0.8138892672,0.1624620183,,,,2.20929834
1996-03-20,0.80917031,0.1546020637,,,,2.733406457
1996-03-21,0.8044756582,0.1466154343,,,,2.843976495
1996-03-22,0.7998049602,0.145843555,,,,2.313154697
1996-03-23,0.7951578702,-0.04725798903,,,,1.922419776
1996-03-24,0.790534048,-0.04725798903,,,,1.900034652
1996-03-25,0.5700485458,-0.6069922378,,,,1.878200386
1996-03-26,0.5664138689,-0.6059894139,,,,2.258254606
1996-03-27,0.5627892402,-0.6049878233,,,,2.205982711
1996-03-28,0.5591745105,-0.6039874621,,,,2.220972419
1996-03-29,0.5555695324,-0.6029883259,,,,2.322517352
1996-03-30,0.5519741596,-0.04334507585,,,,2.635966882
1996-03-31,0.5483882475,-0.04334507585,,,,2.589557252
1996-04-01,0.7191172991,0.4106265248,,,,2.545127092
1996-04-02,0.7167496037,0.4164337409,,,,2.044631331
1996-04-03,0.7143887426,0.4223011351,,,,1.337447853
1996-04-04,0.7120346644,0.4282301969,,,,1.270082518
1996-04-05,0.7096873177,0.434222466,,,,1.189627661
1996-04-06,0.707346652,-0.02303620578,,,,1.180793059
1996-04-07,0.705012617,-0.02303620578,,,,1.172051377
1996-04-08,0.8212090299,0.2933884771,,,,1.163400506
1996-04-09,0.8171891701,0.2902843133,,,,2.326399212
1996-04-10,0.8131883613,0.2871809068,,,,1.656958784
1996-04-11,0.8092063715,0.2840781641,,,,2.938663868
1996-04-12,0.8052429721,0.2809759916,,,,2.630919281
1996-04-13,0.8012979381,-0.03915124161,,,,1.594808199
1996-04-14,0.7973710476,-0.03915124161,,,,1.579694066
1996-04-15,0.9025048287,0.2543687234,,,,1.564847078
1996-04-16,0.8952924804,0.2457126628,,,,1.310330351
1996-04-17,0.8881253776,0.2368424523,,,,1.133898685
1996-04-18,0.8810024081,0.2277358875,,,,1.394798849
1996-04-19,0.8739224788,0.2183672313,,,,1.096688364
1996-04-20,0.8668845158,-0.1188732624,,,,0.5273869843
1996-04-21,0.8598874629,-0.1188732624,,,,0.5234475259
1996-04-22,-0.01301898103,-2.659606577,,,,0.5195170397
1996-04-23,-0.01800219391,-2.614895927,,,,0.6293097456
1996-04-24,-0.02301781747,-2.57202671,,,,0.4629571803
1996-04-25,-0.02806669836,-2.530871039,,,,0.41509509
1996-04-26,-0.03314970834,-2.49131316,,,,0.3276741238
1996-04-27,-0.03826774529,-0.06854397708,,,,0.3365139432
1996-04-28,-0.04342173438,-0.06854397708,,,,0.3321891571
1996-04-29,-0.1306849537,-0.2934247492,,,,0.3278614525
1996-04-30,-0.1335636311,-0.2880107981,,,,0.6321633619
1996-05-01,-0.1364509707,-0.2825759661,,,,0.7933725944
1996-05-02,-0.1393470897,-0.2771193404,,,,0.8927092636
1996-05-03,-0.142252107,-0.2716399821,,,,1.9880593
1996-05-04,-0.145166143,-0.03750118959,,,,1.141656724
1996-05-05,-0.1480893199,-0.03750118959,,,,1.132506147
1996-05-06,-0.205795813,-0.1874080194,,,,1.123447528
1996-05-07,-0.2115851969,-0.1945317614,,,,1.208985594
1996-05-08,-0.2174315584,-0.2017523895,,,,1.17775296
1996-05-09,-0.2233364694,-0.2090734247,,,,0.7003881396
1996-05-10,-0.2293015593,-0.216498563,,,,1.214266202
1996-05-11,-0.2353285175,-0.06937693284,,,,0.6112571495
1996-05-12,-0.2414190969,-0.06937693284,,,,0.6053118498
1996-05-13,-0.0447353711,0.4855790723,,,,0.5993744064
1996-05-14,-0.05135445169,0.4820400264,,,,0.3977317744
1996-05-15,-0.05805001941,0.4785079176,,,,0.279110147
1996-05-16,-0.06482486664,0.4749826126,,,,0.5757673844
1996-05-17,-0.07168191899,0.4714639788,,,,0.6226681945
1996-05-18,-0.07862424396,-0.086605944,,,,0.3619672185
1996-05-19,-0.08565506026,-0.086605944,,,,0.3563041781
1996-05-20,-0.3760959539,-0.8284466453,,,,0.3506217748
1996-05-21,-0.3848358749,-0.8262363906,,,,0.6424197036
1996-05-22,-0.3937339705,-0.8240326767,,,,0.7251753695
1996-05-23,-0.4027967965,-0.8218354592,,,,0.4960763291
1996-05-24,-0.4120312932,-0.8196446942,,,,0.7897201991
1996-05-25,-0.4214448152,-0.07903614215,,,,0.5008769741
1996-05-26,-0.4310451646,-0.07903614215,,,,0.4951875583
1996-05-27,-0.7228964871,-0.7992788776,,,,0.4894948022
1996-05-28,-0.7246733631,-0.7953409354,,,,0.4844074059
1996-05-29,-0.726455127,-0.7915679794,,,,1.101922732
1996-05-30,-0.7282418082,-0.7879721846,,,,1.196389276
1996-05-31,-0.7300334366,-0.7845673253,,,,0.6787248134
1996-06-01,-0.7318300421,-0.01448474558,,,,0.6954400902
1996-06-02,-0.733631655,-0.01448474558,,,,0.6895114105
1996-06-03,-0.6328512556,0.2578903133,,,,0.6836024639
1996-06-04,-0.6365521801,0.2547948452,,,,1.034578457
1996-06-05,-0.6402757176,0.2516990695,,,,0.7201931963
1996-06-06,-0.6440221739,0.2486028906,,,,0.6512183795
1996-06-07,-0.6477918604,0.2455062126,,,,1.00638744
1996-06-08,-0.6515850943,-0.03064445077,,,,0.6648127338
1996-06-09,-0.6554021991,-0.03064445077,,,,0.6591627855
1996-06-10,-0.7499562357,-0.2644655891,,,,0.653530241
1996-06-11,-0.7553713436,-0.2661052846,,,,0.9561137957
1996-06-12,-0.7608373786,-0.2677478455,,,,0.9053067205
1996-06-13,-0.7663553289,-0.2693932917,,,,1.044239461
1996-06-14,-0.7719262098,-0.2710416433,,,,1.093905638
1996-06-15,-0.7775510643,-0.03808489861,,,,1.761072752
1996-06-16,-0.7832309644,-0.03808489861,,,,1.742478505
1996-06-17,-1.903487975,-2.860728441,,,,1.724276687
1996-06-18,-1.893899802,-2.803736061,,,,1.192928168
1996-06-19,-1.884421577,-2.749554417,,,,1.18086611
1996-06-20,-1.875051085,-2.697951829,,,,1.211805363
1996-06-21,-1.865786171,-2.648722558,,,,0.9547559914
1996-06-22,-1.856624742,0.02819839245,,,,0.4374799173
1996-06-23,-1.847564761,0.02819839245,,,,0.4338206957
1996-06-24,-1.6365968,0.530449822,,,,0.430166559
1996-06-25,-1.633733061,0.5266638336,,,,0.4760156069
1996-06-26,-1.630880122,0.5228867742,,,,0.2629093549
1996-06-27,-1.628037907,0.5191184801,,,,0.1730850388
1996-06-28,-1.625206345,0.5153587888,,,,-0.2848005445
1996-06-29,-1.622385365,0.009910583413,,,,-0.5093266869
1996-06-30,-1.619574896,0.009910583413,,,,-0.5098198067
1996-07-01,-1.202644743,1.027148534,,,,-0.5103132375
1996-07-02,-1.201586786,1.025415608,,,,-0.4655556195
1996-07-03,-1.200530459,1.023687018,,,,-0.2860353209
1996-07-04,-1.199475758,1.021962742,,,,-0.2767268142
1996-07-05,-1.198422677,1.020242759,,,,-0.2743384222
1996-07-06,-1.197371211,0.005420229478,,,,0.5491042591
1996-07-07,-1.196321356,0.005420229478,,,,0.5462423205
1996-07-08,-1.494757081,-0.7273290681,,,,0.5433874071
1996-07-09,-1.494646379,-0.7289561678,,,,0.6838701346
1996-07-10,-1.494535694,-0.7305873451,,,,0.2733299427
1996-07-11,-1.494425025,-0.7322226223,,,,0.2786303223
1996-07-12,-1.494314374,-0.7338620221,,,,1.277076371
1996-07-13,-1.49420374,0.0004206549978,,,,0.9542271721
1996-07-14,-1.494093123,0.0004206549978,,,,0.9466927371
1996-07-15,-1.406638769,0.2265391492,,,,0.9392120675
1996-07-16,-1.412890474,0.2222334833,,,,2.233962228
1996-07-17,-1.41920002,0.2179183851,,,,2.198984386
1996-07-18,-1.425568381,0.2135935061,,,,1.80055211
1996-07-19,-1.431996559,0.2092584918,,,,1.235316545
1996-07-20,-1.438485576,-0.02319098796,,,,0.9396852087
1996-07-21,-1.445036482,-0.02319098796,,,,0.9322712024
1996-07-22,-1.69003466,-0.6206573824,,,,0.9249084361
1996-07-23,-1.686564454,-0.6148149834,,,,2.247025266
1996-07-24,-1.683109844,-0.6089831404,,,,2.682642403
1996-07-25,-1.679670703,-0.6031611741,,,,2.591289428
1996-07-26,-1.67624691,-0.5973484029,,,,1.722094497
1996-07-27,-1.672838341,0.011647551,,,,0.9115585978
1996-07-28,-1.669444875,0.011647551,,,,0.9042929426
1996-07-29,-1.133651555,1.359877116,,,,0.8970739757
1996-07-30,-1.126190161,1.402741362,,,,1.970989776
1996-07-31,-1.118797206,1.448814977,,,,2.128277431
1996-08-01,-1.111471344,1.498546852,,,,1.673441177
1996-08-02,-1.104211263,1.552479661,,,,1.375344506
1996-08-03,-1.097015685,0.06486782914,,,,0.3134544833
1996-08-04,-1.089883364,0.06486782914,,,,0.3076538473
1996-08-05,-1.363037956,-0.7447912402,,,,0.3018254859
1996-08-06,-1.353376034,-0.7437621642,,,,0.782045147
1996-08-07,-1.34383118,-0.7427345335,,,,0.5966714641
1996-08-08,-1.334400637,-0.7417083432,,,,0.3015616422
1996-08-09,-1.325081738,-0.7406835885,,,,0.2110650533
1996-08-10,-1.315871899,0.0681656377,,,,0.08958550471
1996-08-11,-1.306768618,0.0681656377,,,,0.08229603627
1996-08-12,-0.4508540544,2.531754551,,,,0.07490875464
1996-08-13,-0.4505734665,2.489914669,,,,-0.02021696039
1996-08-14,-0.450292964,2.449731518,,,,0.3402165326
1996-08-15,-0.4500125469,2.411093636,,,,0.1373924597
1996-08-16,-0.4497322151,2.373899803,,,,-0.08792593645
1996-08-17,-0.4494519685,0.003265471812,,,,-0.3846925984
1996-08-18,-0.449171807,0.003265471812,,,,-0.3943524887
1996-08-19,-0.2006656935,0.6911280386,,,,-0.4042127919
1996-08-20,-0.2009775346,0.6891360736,,,,-0.2053308359
1996-08-21,-0.201289439,0.6871489651,,,,-0.4642445652
1996-08-22,-0.2016014069,0.6851666816,,,,-0.5755435714
1996-08-23,-0.2019134383,0.6831891922,,,,-0.9662266336
1996-08-24,-0.2022255333,-0.004109028008,,,,-0.7555482138
1996-08-25,-0.2025376921,-0.004109028008,,,,-0.766305896
1996-08-26,-0.3234790273,-0.3381359649,,,,-0.7772873791
1996-08-27,-0.3216024781,-0.333063045,,,,-0.201605695
1996-08-28,-0.3197276411,-0.3279791623,,,,-0.3363396764
1996-08-29,-0.3178544961,-0.3228837117,,,,-0.3487642171
1996-08-30,-0.3159830228,-0.3177760759,,,,0.1870315159
1996-08-31,-0.314113201,0.02546138131,,,,0.5695425
1996-09-01,-0.3122450109,0.02546138131,,,,0.5636378498
1996-09-02,-0.2053619935,0.3196321765,,,,0.5577402617
1996-09-03,-0.2049913811,0.3157974757,,,,0.5518494204
1996-09-04,-0.2046208384,0.3119619933,,,,1.290606227
1996-09-05,-0.2042503655,0.308125539,,,,1.370582511
1996-09-06,-0.2038799621,0.3042879214,,,,2.309876737
1996-09-07,-0.203509628,0.005040546107,,,,0.5519167271
1996-09-08,-0.203139363,0.005040546107,,,,0.5458087639
1996-09-09,-1.007491661,-2.239578125,,,,0.5396953932
1996-09-10,-1.002043805,-2.20904803,,,,0.1456087324
1996-09-11,-0.9966332101,-2.179473904,,,,0.07985332373
1996-09-12,-0.9912593103,-2.150803908,,,,-0.02969783406
1996-09-13,-0.9859215501,-2.122990063,,,,-0.0828641237
1996-09-14,-0.9806193852,0.04651409902,,,,-0.5020377575
1996-09-15,-0.975352282,0.04651409902,,,,-0.5071703685
1996-09-16,-1.571420074,-1.596689227,,,,-0.5123487462
1996-09-17,-1.556892412,-1.581398084,,,,-0.3944598708
1996-09-18,-1.54261335,-1.566380661,,,,-0.2264741111
1996-09-19,-1.528574833,-1.551627752,,,,-0.1597647705
1996-09-20,-1.514769163,-1.537130573,,,,-0.06991523577
1996-09-21,-1.501188976,0.09476339184,,,,-0.2813709244
1996-09-22,-1.487827225,0.09476339184,,,,-0.2850530191
1996-09-23,-2.075367001,-1.595396877,,,,-0.2887545876
1996-09-24,-2.051151639,-1.596570432,,,,0.1538683497
1996-09-25,-2.027597827,-1.598546444,,,,0.1435792065
1996-09-26,-2.004675364,-1.601389089,,,,0.01229810269
1996-09-27,-1.982356009,-1.605171758,,,,-0.05436195762
1996-09-28,-1.960613326,0.1948808272,,,,-0.06793536133
1996-09-29,-1.939422539,0.1948808272,,,,-0.07608432453
1996-09-30,-1.598268419,1.20360127,,,,-0.08437264846
1996-10-01,-1.587116479,1.209243371,,,,0.3931276801
1996-10-02,-1.576224917,1.214935415,,,,0.4443527099
1996-10-03,-1.565590406,1.220678227,,,,0.2821541444
1996-10-04,-1.55521002,1.226472653,,,,0.2695522261
1996-10-05,-1.545081235,0.2081237363,,,,-0.8975615112
1996-10-06,-1.535201927,0.2081237363,,,,-0.9145962261
1996-10-07,-1.623745604,-0.08437358881,,,,-0.9322004099
1996-10-08,-1.615420052,-0.080573672,,,,-0.7605532924
1996-10-09,-1.60742228,-0.07676272219,,,,-0.4861743869
1996-10-10,-1.599755978,-0.07294048159,,,,-0.1814806773
1996-10-11,-1.592425702,-0.06910668821,,,,-0.08501671406
1996-10-12,-1.58543694,0.2296397877,,,,-0.8479706003
1996-10-13,-1.578796171,0.2296397877,,,,-0.8583936137
1996-10-14,-1.436064437,0.6196776586,,,,-0.8690185272
1996-10-15,-1.426697478,0.6136389291,,,,-0.8395264102
1996-10-16,-1.417530269,0.6076078144,,,,-0.3891856351
1996-10-17,-1.408561537,0.6015834835,,,,-0.5449215401
1996-10-18,-1.399790307,0.5955650969,,,,-0.6761731768
1996-10-19,-1.391215908,0.1934825732,,,,-0.8951232166
1996-10-20,-1.382837975,0.1934825732,,,,-0.8974016919
1996-10-21,-1.657159437,-0.6376395906,,,,-0.8996884105
1996-10-22,-1.649153552,-0.6318419472,,,,-0.3107025573
1996-10-23,-1.641506053,-0.6260575621,,,,-0.0371190877
1996-10-24,-1.634222264,-0.6202858035,,,,-0.006282589723
1996-10-25,-1.627308563,-0.6145260396,,,,0.2831712649
1996-10-26,-1.620772462,0.2284236548,,,,0.5433286849
1996-10-27,-1.614622702,0.2284236548,,,,0.5385400498
1996-10-28,-1.106903056,1.654957603,,,,0.5337605918
1996-10-29,-1.100736268,1.638766913,,,,1.220152265
1996-10-30,-1.094705089,1.622883671,,,,1.173387999
1996-10-31,-1.08881211,1.607297151,,,,1.295270161
1996-11-01,-1.083060271,1.591997142,,,,1.042813409
1996-11-02,-1.077452893,0.1732216938,,,,0.890158259
1996-11-03,-1.071993711,0.1732216938,,,,0.8830271396
1996-11-04,-0.9749830048,0.4114974353,,,,0.8759393994
1996-11-05,-0.9679565233,0.4059011568,,,,0.9693138523
1996-11-06,-0.9609967763,0.400292413,,,,0.7075954307
1996-11-07,-0.9541031745,0.3946703205,,,,0.2569388896
1996-11-08,-0.947275192,0.3890339736,,,,0.4152205473
1996-11-09,-0.9405123678,0.1411619047,,,,-0.5280262462
1996-11-10,-0.9338143087,0.1411619047,,,,-0.5252790198
1996-11-11,-1.700793752,-1.936719324,,,,-0.5225380621
1996-11-12,-1.686830253,-1.915484809,,,,-1.655738181
1996-11-13,-1.673170815,-1.894752405,,,,-0.7859350789
1996-11-14,-1.65980778,-1.874501028,,,,-1.087401694
1996-11-15,-1.646733962,-1.854710814,,,,-1.788901518
1996-11-16,-1.63394263,0.1706966954,,,,-1.417062726
1996-11-17,-1.621427487,0.1706966954,,,,-1.416500564
1996-11-18,-0.6007979413,2.748953805,,,,-1.416521538
1996-11-19,-0.5947230795,2.697205308,,,,-0.8992514614
1996-11-20,-0.5886519712,2.647841977,,,,-0.8185563452
1996-11-21,-0.5825836861,2.600679019,,,,-0.3302103043
1996-11-22,-0.5765172779,2.555551123,,,,-0.4429918376
1996-11-23,-0.5704517837,0.1006575834,,,,-1.016377163
1996-11-24,-0.564386222,0.1006575834,,,,-1.009949213
1996-11-25,-0.6998685394,-0.230389907,,,,-1.003570522
1996-11-26,-0.6937048723,-0.2282136782,,,,-0.3287115959
1996-11-27,-0.6875612931,-0.22603809,,,,0.3954018262
1996-11-28,-0.6814371521,-0.2238631109,,,,0.394956043
1996-11-29,-0.675331811,-0.2216887099,,,,0.3976323628
1996-11-30,-0.6692446423,0.1117204332,,,,0.5205597619
1996-12-01,-0.6631750304,0.1117204332,,,,0.5202527561
1996-12-02,-1.128683464,-0.9604274408,,,,0.5199458627
1996-12-03,-1.120634642,-0.9574898414,,,,1.060101254
1996-12-04,-1.112681836,-0.9545640861,,,,1.566106599
1996-12-05,-1.104823854,-0.9516500732,,,,1.054274118
1996-12-06,-1.097059588,-0.9487477025,,,,1.197639817
1996-12-07,-1.089388019,0.1195362534,,,,1.662091152
1996-12-08,-1.081808218,0.1195362534,,,,1.662709973
1996-12-09,-1.628067873,-1.106596825,,,,1.663329304
1996-12-10,-1.617200703,-1.09791491,,,,0.9336544325
1996-12-11,-1.606613914,-1.089315601,,,,1.016459063
1996-12-12,-1.596304941,-1.080796966,,,,2.212192217
1996-12-13,-1.586271691,-1.072357126,,,,2.681104311
1996-12-14,-1.576512555,0.1529955372,,,,3.036374366
1996-12-15,-1.56702641,0.1529955372,,,,2.970004024
1996-12-16,-0.8053371824,1.773615232,,,,2.907271792
1996-12-17,-0.8001517295,1.758466918,,,,3.398909822
1996-12-18,-0.79505245,1.743590398,,,,2.6019033
1996-12-19,-0.7900428715,1.728976923,,,,1.787511151
1996-12-20,-0.785126945,1.714618134,,,,1.396627734
1996-12-21,-0.7803090952,0.124027101,,,,1.437080969
1996-12-22,-0.7755942788,0.124027101,,,,1.428470856
1996-12-23,-0.3663032209,0.9152452378,,,,1.419956406
1996-12-24,-0.3593317654,0.912229659,,,,1.797161056
1996-12-25,-0.3522870491,0.909226303,,,,1.292072897
1996-12-26,-0.345163771,0.9062350607,,,,1.284237029
1996-12-27,-0.3379561547,0.9032558246,,,,1.221373901
1996-12-28,-0.3306578842,0.1140013516,,,,1.530072193
1996-12-29,-0.3232620281,0.1140013516,,,,1.515830474
1996-12-30,-0.75766022,-0.6803587073,,,,1.501826186
1996-12-31,-0.7512658075,-0.694540937,,,,1.709129074
1997-01-01,-0.744897639,-0.70914841,,,,2.499939637
1997-01-02,-0.7385549499,-0.7242067543,,,,2.460733313
1997-01-03,-0.7322369848,-0.7397438326,,,,2.545948346
1997-01-04,-0.7259429978,0.08480434334,,,,1.38510418
1997-01-05,-0.7196722519,0.08480434334,,,,1.373404942
1997-01-06,-0.9209197791,-0.2939496757,,,,1.361872088
1997-01-07,-0.9139183125,-0.2933978204,,,,1.775222617
1997-01-08,-0.906969315,-0.2928461787,,,,1.456033132
1997-01-09,-0.9000719485,-0.2922947501,,,,1.934902492
1997-01-10,-0.8932254106,-0.2917435338,,,,2.285800297
1997-01-11,-0.8864289345,0.08733820752,,,,1.560588879
1997-01-12,-0.8796817892,0.08733820752,,,,1.54671796
1997-01-13,-0.5653559845,0.6330520873,,,,1.533076485
1997-01-14,-0.5593219613,0.6297786898,,,,1.632957287
1997-01-15,-0.5532868588,0.6265156517,,,,1.312755192
1997-01-16,-0.5472496847,0.6232628552,,,,1.371267075
1997-01-17,-0.5412094253,0.6200201837,,,,1.472857757
1997-01-18,-0.5351650436,0.07314813245,,,,0.9376261055
1997-01-19,-0.529115478,0.07314813245,,,,0.9304426344
1997-01-20,-1.279222241,-1.221036044,,,,0.9233094809
1997-01-21,-1.27211443,-1.211067191,,,,0.8999862379
1997-01-22,-1.265182675,-1.2012112,,,,0.4699948786
1997-01-23,-1.258428992,-1.191465206,,,,0.07905960527
1997-01-24,-1.251855781,-1.181826436,,,,0.8168660263
1997-01-25,-1.245465852,0.1093079029,,,,1.269727972
1997-01-26,-1.239262457,0.1093079029,,,,1.259227908
1997-01-27,-0.4242650047,1.428005297,,,,1.248855537
1997-01-28,-0.4181553012,1.415255652,,,,1.677159435
1997-01-29,-0.4120217437,1.402695204,,,,1.962937813
1997-01-30,-0.4058627793,1.39031831,,,,1.675150898
1997-01-31,-0.3996767929,1.378119549,,,,1.263228197
1997-02-01,-0.3934621022,0.06681282893,,,,1.252700692
1997-02-02,-0.3872169532,0.06681282893,,,,1.242299673
1997-02-03,-0.5655035124,-0.2224286545,,,,1.232021807
1997-02-04,-0.5596309188,-0.224362575,,,,1.278822067
1997-02-05,-0.5537606216,-0.2263003815,,,,1.191783381
1997-02-06,-0.5478918107,-0.2282421071,,,,2.017255632
1997-02-07,-0.5420236646,-0.2301877849,,,,1.536928163
1997-02-08,-0.5361553486,0.05826062948,,,,0.881151191
1997-02-09,-0.5302860147,0.05826062948,,,,0.8746098586
1997-02-10,-0.1268663303,0.665870308,,,,0.8681095613
1997-02-11,-0.120728278,0.6640417688,,,,1.749005712
1997-02-12,-0.1145375028,0.6622172743,,,,1.389400203
1997-02-13,-0.1082919976,0.6603968002,,,,1.130942345
1997-02-14,-0.1019896673,0.6585803224,,,,0.9971820148
1997-02-15,-0.09562832322,0.05119614689,,,,0.9644974822
1997-02-16,-0.089205677,0.05119614689,,,,0.9572278267
1997-02-17,-0.07818579796,0.05773915266,,,,0.9500121086
1997-02-18,-0.07216077661,0.05684082044,,,,0.943643857
1997-02-19,-0.06608339123,0.05594244252,,,,1.196815808
1997-02-20,-0.05995178387,0.05504401668,,,,1.63882868
1997-02-21,-0.0537640187,0.05414554072,,,,2.014305864
1997-02-22,-0.04751807746,0.04670232116,,,,1.576896518
1997-02-23,-0.04121185453,0.04670232116,,,,1.566661067
1997-02-24,0.5866531,0.9451279289,,,,1.556557538
1997-02-25,0.582841477,0.9429904092,,,,1.200245459
1997-02-26,0.5790409918,0.9411780499,,,,1.259784015
1997-02-27,0.5752514734,0.9397188416,,,,1.615587787
1997-02-28,0.5714727521,0.9386447266,,,,1.761676045
1997-03-01,0.5677046602,-0.0269208752,,,,1.752477961
1997-03-02,0.5639470316,-0.0269208752,,,,1.734043399
1997-03-03,1.302759952,1.116157239,,,,1.715995618
1997-03-04,1.293376229,1.111640403,,,,1.600393619
1997-03-05,1.284101738,1.107151282,,,,1.459477687
1997-03-06,1.274933939,1.102689535,,,,0.9187088247
1997-03-07,1.265870371,1.098254823,,,,1.376262073
1997-03-08,1.256908652,-0.03839018023,,,,0.8215406057
1997-03-09,1.248046472,-0.03839018023,,,,0.8154834172
1997-03-10,2.336072309,1.69077667,,,,0.8094776843
1997-03-11,2.306884958,1.682422317,,,,0.6495315901
1997-03-12,2.278565521,1.674155879,,,,0.764229942
1997-03-13,2.251069757,1.665975699,,,,0.9325193103
1997-03-14,2.224356529,1.657880163,,,,1.013384082
1997-03-15,2.198387527,-0.05017402149,,,,1.015152157
1997-03-16,2.173127023,-0.05017402149,,,,1.007187896
1997-03-17,1.884764661,-0.4889468667,,,,0.9992880622
1997-03-18,1.864793881,-0.4907476547,,,,1.541736857
1997-03-19,1.845272831,-0.4925530132,,,,1.676247623
1997-03-20,1.826183426,-0.4943629725,,,,1.888359701
1997-03-21,1.807508581,-0.4961775636,,,,1.621993587
1997-03-22,1.789232143,-0.05721814671,,,,0.8806120116
1997-03-23,1.771338825,-0.05721814671,,,,0.8745555261
1997-03-24,1.412181431,-0.6524683918,,,,0.8685369542
1997-03-25,1.402089531,-0.6486203716,,,,1.04587978
1997-03-26,1.392125387,-0.6447858803,,,,0.6653493159
1997-03-27,1.382285902,-0.6409647342,,,,0.2165147083
1997-03-28,1.372568085,-0.6371567519,,,,1.253697665
1997-03-29,1.362969041,-0.04030629114,,,,1.243899337
1997-03-30,1.353485972,-0.04030629114,,,,1.234214967
1997-03-31,1.470659054,0.1847569454,,,,1.224641763
1997-04-01,1.457992327,0.1814840569,,,,1.988786802
1997-04-02,1.445517483,0.178207789,,,,1.379661369
1997-04-03,1.433228898,0.1749280149,,,,1.598073278
1997-04-04,1.421121171,0.1716446067,,,,1.5368507
1997-04-05,1.409189113,-0.05768484119,,,,0.6096518652
1997-04-06,1.397427735,-0.05768484119,,,,0.6059438106
1997-04-07,0.9888210078,-0.7868450855,,,,0.6022473377
1997-04-08,0.9857411591,-0.7802604991,,,,0.2671035664
1997-04-09,0.9826743765,-0.7737046557,,,,0.2387131027
1997-04-10,0.9796205436,-0.7671766757,,,,0.2973587714
1997-04-11,0.9765795457,-0.7606756873,,,,0.5095960709
1997-04-12,0.9735512691,-0.01609744165,,,,0.857416285
1997-04-13,0.9705356017,-0.01609744165,,,,0.8506605319
1997-04-14,1.285523913,0.579049385,,,,0.8439437053
1997-04-15,1.276753518,0.5739829058,,,,0.5237742161
1997-04-16,1.268079791,0.5689276005,,,,0.1244192955
1997-04-17,1.259500609,0.5638830705,,,,-0.1668111961
1997-04-18,1.251013914,0.5588489187,,,,0.3351910397
1997-04-19,1.242617706,-0.04312034173,,,,0.349246887
1997-04-20,1.234310045,-0.04312034173,,,,0.3443318695
1997-04-21,0.3657070784,-1.695770525,,,,0.3394089811
1997-04-22,0.3707738454,-1.688656337,,,,0.9756372615
1997-04-23,0.3758840122,-1.681954856,,,,0.6930340776
1997-04-24,0.3810385163,-1.675675462,,,,1.142248773
1997-04-25,0.3862383225,-1.66982902,,,,1.298821582
1997-04-26,0.3914844241,0.03744875402,,,,1.44067335
1997-04-27,0.3967778438,0.03744875402,,,,1.430024929
1997-04-28,0.0798843427,-0.5760515029,,,,1.419563955
1997-04-29,0.08714439598,-0.5710692501,,,,1.498050386
1997-04-30,0.09450501849,-0.5660981879,,,,0.7600431129
1997-05-01,0.101970273,-0.5611379399,,,,0.873803247
1997-05-02,0.1095444441,-0.5561881307,,,,0.7768592689
1997-05-03,0.1172320541,0.06382064591,,,,-0.3813645213
1997-05-04,0.1250378812,0.06382064591,,,,-0.3909158825
1997-05-05,-1.021769972,-2.021261207,,,,-0.4006625301
1997-05-06,-1.014804124,-1.998476477,,,,0.8982962207
1997-05-07,-1.007920503,-1.976260481,,,,1.24936294
1997-05-08,-1.00111893,-1.95458826,,,,1.483738435
1997-05-09,-0.9943993298,-1.93343636,,,,1.431085
1997-05-10,-0.9877617366,0.0950109088,,,,0.8490495352
1997-05-11,-0.9812062966,0.0950109088,,,,0.8425286811
1997-05-12,0.1838773527,2.046409249,,,,0.8360453988
1997-05-13,0.1927064507,2.023576003,,,,0.8990458803
1997-05-14,0.2017054148,2.001312526,,,,1.170881593
1997-05-15,0.2108825251,1.979593903,,,,1.301097226
1997-05-16,0.2202466302,1.958396723,,,,0.7172559292
1997-05-17,0.2298071996,0.05922865608,,,,1.527560353
1997-05-18,0.2395743818,0.05922865608,,,,1.513229658
1997-05-19,0.7114902425,0.7829908376,,,,1.499137558
1997-05-20,0.7120119184,0.7774817225,,,,1.442148777
1997-05-21,0.7125339915,0.7720375124,,,,0.3480713969
1997-05-22,0.7130564626,0.766660144,,,,0.3525951869
1997-05-23,0.7135793322,0.7613518055,,,,0.09598437098
1997-05-24,0.7141026012,0.002726292535,,,,-0.252351977
1997-05-25,0.7146262701,0.002726292535,,,,-0.2594785528
1997-05-26,-0.3016863148,-1.631080846,,,,-0.2667025283
1997-05-27,-0.3014683681,-1.631907273,,,,-0.2733536943
1997-05-28,-0.301250459,-1.632734618,,,,0.367895185
1997-05-29,-0.3010325872,-1.633562882,,,,0.321617571
1997-05-30,-0.3008147529,-1.634392068,,,,0.1837601178
1997-05-31,-0.300596956,0.001618593889,,,,0.2647083634
1997-06-01,-0.3003791964,0.001618593889,,,,0.2587106563
1997-06-02,-0.2608564504,0.0667870865,,,,0.2526751355
1997-06-03,-0.2660956477,0.05987935768,,,,1.10467682
1997-06-04,-0.2713802001,0.0528889548,,,,0.6629369615
1997-06-05,-0.276711183,0.04581235081,,,,0.7034147628
1997-06-06,-0.2820897055,0.03864582551,,,,0.8320683201
1997-06-07,-0.2875169117,-0.03570210852,,,,0.08503615041
1997-06-08,-0.2929939824,-0.03570210852,,,,0.0794412148
1997-06-09,0.6491408295,1.49469807,,,,0.07380567764
1997-06-10,0.6437064304,1.488769037,,,,0.343878046
1997-06-11,0.6382885189,1.48288662,,,,0.117606469
1997-06-12,0.6328866106,1.477050146,,,,0.01254737341
1997-06-13,0.6275002247,1.471258959,,,,-0.1722057177
1997-06-14,0.6221288838,-0.04559357347,,,,0.2252339397
1997-06-15,0.6167721132,-0.04559357347,,,,0.2177530119
1997-06-16,0.445406672,-0.3110399287,,,,0.2101675534
1997-06-17,0.4403545635,-0.3111460348,,,,0.477946937
1997-06-18,0.4353015146,-0.3112521509,,,,0.6929303795
1997-06-19,0.4302470454,-0.3113582767,,,,0.8419263739
1997-06-20,0.4251906708,-0.3114644124,,,,0.6405580875
1997-06-21,0.4201319002,-0.04608264086,,,,0.6910591783
1997-06-22,0.4150702371,-0.04608264086,,,,0.6856285822
1997-06-23,0.3278434086,-0.1749647585,,,,0.6802488707
1997-06-24,0.323655706,-0.1729506293,,,,1.24426683
1997-06-25,0.3194655605,-0.1709365313,,,,0.977371473
1997-06-26,0.3152727085,-0.1689224395,,,,1.411864805
1997-06-27,0.3110768838,-0.1669083287,,,,1.590678068
1997-06-28,0.3068778177,-0.03589693056,,,,1.234446143
1997-06-29,0.3026752391,-0.03589693056,,,,1.230568297
1997-06-30,-1.836335441,-3.313732065,,,,1.22698107
1997-07-01,-1.828895603,-3.238009206,,,,1.405330262
1997-07-02,-1.82152364,-3.166740325,,,,1.077747485
1997-07-03,-1.814218459,-3.099495304,,,,0.2832265406
1997-07-04,-1.806978991,-3.035900138,,,,-0.8675375918
1997-07-05,-1.799804191,0.01349685028,,,,-0.8699808862
1997-07-06,-1.792693037,0.01349685028,,,,-0.8724337086
1997-07-07,-1.042105594,1.097806949,,,,-0.8748961351
1997-07-08,-1.038011564,1.099276408,,,,-0.07284264728
1997-07-09,-1.033940179,1.100749175,,,,-0.3013991745
1997-07-10,-1.029891179,1.102225264,,,,0.701247012
1997-07-11,-1.025864307,1.103704689,,,,0.4023264681
1997-07-12,-1.021859312,0.01675053425,,,,-0.1292087447
1997-07-13,-1.017875944,0.01675053425,,,,-0.1322522102
1997-07-14,-2.21214215,-1.767350272,,,,-0.1353056582
1997-07-15,-2.183748096,-1.748796591,,,,0.1820371287
1997-07-16,-2.156193033,-1.730634495,,,,-0.179966132
1997-07-17,-2.129434029,-1.712848873,,,,0.03717372037
1997-07-18,-2.103431168,-1.69542541,,,,0.7641617282
1997-07-19,-2.07814729,0.0551293079,,,,1.837590213
1997-07-20,-2.053547742,0.0551293079,,,,1.827434213
1997-07-21,-0.9098305685,1.789216588,,,,1.817711505
1997-07-22,-0.9137795527,1.774625683,,,,2.592596289
1997-07-23,-0.9177541602,1.760388531,,,,1.484677034
1997-07-24,-0.9217547219,1.746496444,,,,1.184270254
1997-07-25,-0.9257815748,1.732941346,,,,0.9697722846
1997-07-26,-0.9298350619,-0.01457328831,,,,0.8788609504
1997-07-27,-0.9339155328,-0.01457328831,,,,0.8823254257
1997-07-28,-0.4585294708,0.7072860575,,,,0.8868165803
1997-07-29,-0.4561053263,0.7205833923,,,,1.625131067
1997-07-30,-0.453685449,0.7342445248,,,,1.762260534
1997-07-31,-0.4512697934,0.7482893929,,,,1.29536921
1997-08-01,-0.4488583144,0.7627395111,,,,1.364108862
1997-08-02,-0.4464509671,0.01768775407,,,,1.99378517
1997-08-03,-0.4440477069,0.01768775407,,,,2.011166757
1997-08-04,-1.560141023,-1.750310664,,,,2.031272026
1997-08-05,-1.546833235,-1.734350836,,,,1.753459762
1997-08-06,-1.533739033,-1.718690656,,,,0.6859753795
1997-08-07,-1.520851995,-1.70331996,,,,0.1910905392
1997-08-08,-1.508165966,-1.688229058,,,,-0.05245476194
1997-08-09,-1.495675043,0.04527752242,,,,2.201773529
1997-08-10,-1.483373557,0.04527752242,,,,2.186052434
1997-08-11,-2.25215046,-1.21457793,,,,2.170998791
1997-08-12,-2.225584115,-1.212378437,,,,2.402444307
1997-08-13,-2.199754118,-1.210185864,,,,3.152444148
1997-08-14,-2.174625306,-1.208000169,,,,3.683688848
1997-08-15,-2.150164827,-1.205821312,,,,2.507364904
1997-08-16,-2.126341954,0.04973975649,,,,3.48170503
1997-08-17,-2.103127902,0.04973975649,,,,3.389500287
1997-08-18,-0.9354284908,1.988979063,,,,3.303592974
1997-08-19,-0.9385249944,1.966308062,,,,3.17704276
1997-08-20,-0.9416369382,1.944217314,,,,1.880247109
1997-08-21,-0.9447644753,1.92268136,,,,0.7312921132
1997-08-22,-0.9479077609,1.901676312,,,,2.702240271
1997-08-23,-0.9510669523,-0.01225748339,,,,3.283308624
1997-08-24,-0.9542422092,-0.01225748339,,,,3.207948472
1997-08-25,-0.2032191795,1.205427236,,,,3.137026398
1997-08-26,-0.2039970106,1.208802901,,,,2.663306991
1997-08-27,-0.2047753013,1.212196053,,,,3.023147961
1997-08-28,-0.2055540534,1.215606861,,,,2.661017813
1997-08-29,-0.2063332686,1.219035497,,,,2.771258585
1997-08-30,-0.2071129488,-0.005973576852,,,,2.873579635
1997-08-31,-0.2078930956,-0.005973576852,,,,2.81735141
1997-09-01,-1.056047489,-1.384785912,,,,2.763869186
1997-09-02,-1.04921251,-1.372668733,,,,2.711506249
1997-09-03,-1.042433684,-1.360722156,,,,2.529214808
1997-09-04,-1.035709969,-1.348941263,,,,2.731332025
1997-09-05,-1.029040346,-1.337321326,,,,2.86429437
1997-09-06,-1.02242382,0.03649695391,,,,2.26788838
1997-09-07,-1.015859421,0.03649695391,,,,2.235742818
1997-09-08,-0.314066496,1.171746193,,,,2.204646249
1997-09-09,-0.3142276161,1.162292525,,,,2.223917085
1997-09-10,-0.3143887594,1.152938397,,,,1.914829978
1997-09-11,-0.3145499259,1.143681352,,,,2.303155001
1997-09-12,-0.3147111155,1.134519006,,,,2.988483963
1997-09-13,-0.3148723284,-0.001179583702,,,,2.498969179
1997-09-14,-0.3150335644,-0.001179583702,,,,2.458638227
1997-09-15,-1.360319587,-1.689010692,,,,2.419862991
1997-09-16,-1.353013174,-1.674564972,,,,2.670322543
1997-09-17,-1.345776949,-1.660369032,,,,1.62860563
1997-09-18,-1.338609631,-1.646415016,,,,1.780399733
1997-09-19,-1.331509972,-1.632695409,,,,1.44984876
1997-09-20,-1.324476757,0.02509117933,,,,1.062285006
1997-09-21,-1.317508798,0.02509117933,,,,1.054209898
1997-09-22,-0.2294202707,1.759834594,,,,1.046206162
1997-09-23,-0.2294193561,1.745009019,,,,0.7045257221
1997-09-24,-0.2294184415,1.730444783,,,,0.6583418975
1997-09-25,-0.2294175269,1.716133612,,,,0.977155141
1997-09-26,-0.2294166123,1.702067591,,,,1.131222163
1997-09-27,-0.2294156977,6.794576934e-06,,,,0.7688377884
1997-09-28,-0.2294147831,6.794576934e-06,,,,0.762396691
1997-09-29,-1.51389573,-2.004733268,,,,0.7559825359
1997-09-30,-1.507441824,-1.990262419,,,,0.734350861
1997-10-01,-1.501042736,-1.976031617,,,,1.073983397
1997-10-02,-1.494697612,-1.962033904,,,,0.7658778872
1997-10-03,-1.48840562,-1.948262606,,,,0.7337330578
1997-10-04,-1.482165945,0.01725066303,,,,0.3526562149
1997-10-05,-1.475977789,0.01725066303,,,,0.3484740356
1997-10-06,1.390248504,4.312198722,,,,0.3442909141
1997-10-07,1.37879737,4.158076603,,,,0.3775569248
1997-10-08,1.367503777,4.018416973,,,,-0.3050251285
1997-10-09,1.356363428,3.891062298,,,,-0.05762347188
1997-10-10,1.345372185,3.774280956,,,,0.7340553078
1997-10-11,1.334526058,-0.04180608522,,,,-0.5924859884
1997-10-12,1.323821202,-0.04180608522,,,,-0.5932897763
1997-10-13,2.352736114,1.395654965,,,,-0.5940944689
1997-10-14,2.317271499,1.383943089,,,,-0.3313124726
1997-10-15,2.283050397,1.372394889,,,,-0.4728885757
1997-10-16,2.249997744,1.361005815,,,,-0.4394914724
1997-10-17,2.218044677,1.349771487,,,,-0.1911699687
1997-10-18,2.18712789,-0.07341394706,,,,0.4060090697
1997-10-19,2.157189068,-0.07341394706,,,,0.400999106
1997-10-20,1.442848325,-1.070630843,,,,0.3959850499
1997-10-21,1.430773453,-1.06279485,,,,-0.1105422878
1997-10-22,1.418874154,-1.055028469,,,,-0.7304598118
1997-10-23,1.407145468,-1.047330221,,,,-0.5593574983
1997-10-24,1.395582622,-1.039698668,,,,1.066058119
1997-10-25,1.384181026,-0.04432254562,,,,1.150600225
1997-10-26,1.37293626,-0.04432254562,,,,1.141339507
1997-10-27,0.5289049906,-1.26112485,,,,1.132173143
1997-10-28,0.5259112823,-1.252311735,,,,4.985204501
1997-10-29,0.5229246179,-1.243595194,,,,4.781589206
1997-10-30,0.5199449121,-1.234973084,,,,5.569951661
1997-10-31,0.5169720799,-1.226443328,,,,6.780901492
1997-11-01,0.5140060374,-0.01959090687,,,,5.209607501
1997-11-02,0.5110467012,-0.01959090687,,,,4.929960887
1997-11-03,-0.4309545225,-1.368065686,,,,4.689158867
1997-11-04,-0.4280817767,-1.356206022,,,,3.555141494
1997-11-05,-0.4252136172,-1.344509818,,,,3.501458438
1997-11-06,-0.4223499718,-1.332972435,,,,3.387075844
1997-11-07,-0.419490769,-1.321589404,,,,3.414169814
1997-11-08,-0.4166359374,0.01972052134,,,,4.367041369
1997-11-09,-0.4137854062,0.01972052134,,,,4.193544229
1997-11-10,-0.3788684052,0.06604184632,,,,4.037980064
1997-11-11,-0.3745255172,0.06890594125,,,,3.987945392
1997-11-12,-0.3701822922,0.07177740926,,,,3.790765888
1997-11-13,-0.3658384477,0.0746563582,,,,4.019887765
1997-11-14,-0.3614936995,0.07754289727,,,,3.603775863
1997-11-15,-0.3571477614,0.03382107413,,,,2.812642811
1997-11-16,-0.352800345,0.03382107413,,,,2.758369
1997-11-17,-1.106407059,-1.038233573,,,,2.706681174
1997-11-18,-1.09889014,-1.030123767,,,,2.18577858
1997-11-19,-1.091471034,-1.022083355,,,,2.149324511
1997-11-20,-1.084149202,-1.014110778,,,,1.754702121
1997-11-21,-1.076924217,-1.00620452,,,,1.143772568
1997-11-22,-1.069795767,0.07826320881,,,,0.9821092589
1997-11-23,-1.062763659,0.07826320881,,,,0.9746935292
1997-11-24,-0.6444725843,0.647306324,,,,0.9673346895
1997-11-25,-0.6383219246,0.64339738,,,,1.672533863
1997-11-26,-0.6321808462,0.6395020647,,,,1.465602437
1997-11-27,-0.6260484695,0.6356201874,,,,1.45301613
1997-11-28,-0.6199239054,0.6317515596,,,,1.440317362
1997-11-29,-0.6138062548,0.06084438198,,,,1.089301922
1997-11-30,-0.6076946066,0.06084438198,,,,1.080780128
1997-12-01,-1.335601777,-0.9270795095,,,,1.072337155
1997-12-02,-1.325252675,-0.9233641339,,,,0.7482504543
1997-12-03,-1.315051077,-0.9196668104,,,,0.6642907413
1997-12-04,-1.304993803,-0.9159873435,,,,0.2696282819
1997-12-05,-1.295077816,-0.9123255404,,,,0.2487735098
1997-12-06,-1.285300216,0.07205775713,,,,-0.02056460743
1997-12-07,-1.27565824,0.07205775713,,,,-0.02249418644
1997-12-08,-1.271799195,0.06570239673,,,,-0.02442582084
1997-12-09,-1.262810117,0.06633858628,,,,0.1028939049
1997-12-10,-1.253955112,0.06697492016,,,,0.1321967227
1997-12-11,-1.245232438,0.0676113992,,,,0.39716863
1997-12-12,-1.236640492,0.06824802424,,,,1.082506545
1997-12-13,-1.228177811,0.07524266176,,,,1.138423227
1997-12-14,-1.219843073,0.07524266176,,,,1.129286282
1997-12-15,-1.2793965,-0.01749970183,,,,1.120240644
1997-12-16,-1.26940688,-0.01907823513,,,,0.9892617007
1997-12-17,-1.259546763,-0.02065790117,,,,0.7011916684
1997-12-18,-1.249813268,-0.02223871348,,,,0.7442107853
1997-12-19,-1.240203631,-0.0238206857,,,,0.929665675
1997-12-20,-1.230715198,0.06750134706,,,,1.363846843
1997-12-21,-1.22134542,0.06750134706,,,,1.35201535
1997-12-22,-1.17138907,0.1238252461,,,,1.340346147
1997-12-23,-1.163595059,0.1252185632,,,,1.1925921
1997-12-24,-1.155916301,0.1266132355,,,,1.468432543
1997-12-25,-1.148352253,0.1280092735,,,,1.545613565
1997-12-26,-1.140902509,0.1294066872,,,,1.531390069
1997-12-27,-1.133566813,0.07436516092,,,,1.29960268
1997-12-28,-1.126345058,0.07436516092,,,,1.288789264
1997-12-29,-0.7983831801,0.4800142528,,,,1.278112951
1997-12-30,-0.7918705646,0.4748363625,,,,0.726676868
1997-12-31,-0.785388997,0.4696595821,,,,0.1924713201
1998-01-01,-0.77893765,0.4644834083,,,,0.1079537196
1998-01-02,-0.7725157064,0.4593073334,,,,0.1052426593
1998-01-03,-0.7661223585,0.04501955464,,,,-0.02696043111
1998-01-04,-0.7597568081,0.04501955464,,,,-0.02896550396
1998-01-05,0.1732190894,1.229037119,,,,-0.03097294349
1998-01-06,0.1754813376,1.21941147,,,,0.1742358707
1998-01-07,0.177748724,1.209894657,,,,0.4570271713
1998-01-08,0.1800213019,1.200484034,,,,0.3223552842
1998-01-09,0.182299125,1.191177037,,,,0.5256760512
1998-01-10,0.1845822474,0.01327528134,,,,1.111532005
1998-01-11,0.186870724,0.01327528134,,,,1.103150571
1998-01-12,-0.03447376469,-0.268563453,,,,1.094855943
1998-01-13,-0.0357032294,-0.2736938221,,,,0.9382888782
1998-01-14,-0.03693332144,-0.2788674049,,,,0.3004043333
1998-01-15,-0.038164047,-0.2840851968,,,,-0.01797760884
1998-01-16,-0.03939541233,-0.2893482235,,,,-0.08682219436
1998-01-17,-0.04062742367,-0.007808068154,,,,-0.4899991575
1998-01-18,-0.04186008727,-0.007808068154,,,,-0.4918094624
1998-01-19,-0.9896060554,-1.21835426,,,,-0.4936243929
1998-01-20,-0.9819795234,-1.208971392,,,,-0.4952686865
1998-01-21,-0.9744121247,-1.199700802,,,,-0.4962337665
1998-01-22,-0.9669025424,-1.190540114,,,,-0.3006830185
1998-01-23,-0.95944949,-1.181487044,,,,-0.162696417
1998-01-24,-0.9520517104,0.04273309543,,,,-0.1284238703
1998-01-25,-0.9447079751,0.04273309543,,,,-0.1300489138
1998-01-26,-0.7259720121,0.3177024869,,,,-0.1316759717
1998-01-27,-0.7197030805,0.3187641151,,,,0.01216014684
1998-01-28,-0.7134557657,0.3198269416,,,,-0.3734420728
1998-01-29,-0.7072292908,0.3208909717,,,,-0.4240091042
1998-01-30,-0.7010228828,0.3219562106,,,,-0.5202495197
1998-01-31,-0.6948357716,0.04748678727,,,,-0.5656380796
1998-02-01,-0.6886671895,0.04748678727,,,,-0.5703545042
1998-02-02,0.7576022481,1.876887762,,,,-0.5751090287
1998-02-03,0.7551787598,1.856492854,,,,-0.6049385981
1998-02-04,0.7527626586,1.836573779,,,,-0.7648510476
1998-02-05,0.7503538882,1.817111081,,,,-0.794358771
1998-02-06,0.7479523932,1.798086418,,,,-0.627880194
1998-02-07,0.7455581183,-0.01074583407,,,,-0.8092236971
1998-02-08,0.7431710091,-0.01074583407,,,,-0.8113728774
1998-02-09,1.387279435,0.8061125815,,,,-0.8135293707
1998-02-10,1.378203403,0.8020140636,,,,-0.5746400738
1998-02-11,1.369232476,0.7979348751,,,,-0.7809096465
1998-02-12,1.360364327,0.7938747738,,,,-0.8459713933
1998-02-13,1.351596701,0.7898335215,,,,-0.9948934691
1998-02-14,1.342927412,-0.02593298669,,,,-0.9712040756
1998-02-15,1.334354338,-0.02593298669,,,,-0.972895414
1998-02-16,0.9366626643,-0.5309300143,,,,-0.9745912152
1998-02-17,0.9377029458,-0.5257123585,,,,-0.97528801
1998-02-18,0.9387448941,-0.5205005395,,,,-0.7651533824
1998-02-19,0.9397885143,-0.5152940824,,,,-1.021672437
1998-02-20,0.9408338121,-0.5100925107,,,,-0.9732999114
1998-02-21,0.9418807927,0.00344106093,,,,-1.177114705
1998-02-22,0.9429294617,0.00344106093,,,,-1.17652928
1998-02-23,0.8020566982,-0.178508844,,,,-1.175944359
1998-02-24,0.8030317675,-0.1784623254,,,,-1.17662441
1998-02-25,0.8040082845,-0.1784158078,,,,-1.091563816
1998-02-26,0.804986254,-0.1783692914,,,,-1.256811913
1998-02-27,0.8059656805,-0.1783227761,,,,-1.251313683
1998-02-28,0.8069465688,0.003666527395,,,,-1.266207231
1998-03-01,0.8079289233,0.003666527395,,,,-1.262641151
1998-03-02,0.9899782949,0.2361500062,,,,-1.259092828
1998-03-03,0.9891806345,0.2348657508,,,,-1.108380667
1998-03-04,0.9883839121,0.2335821197,,,,-1.139577822
1998-03-05,0.9875881255,0.2322991064,,,,-1.012687547
1998-03-06,0.9867932724,0.2310167045,,,,-0.7026309073
1998-03-07,0.9859993507,-0.002640231303,,,,-1.108296733
1998-03-08,0.9852063581,-0.002640231303,,,,-1.104595488
1998-03-09,1.240255087,0.3305811747,,,,-1.100913235
1998-03-10,1.230000395,0.3236322558,,,,-0.850967871
1998-03-11,1.219865021,0.3166120922,,,,-1.030216219
1998-03-12,1.20984587,0.3095162122,,,,-1.151235637
1998-03-13,1.199939951,0.3023398129,,,,-1.297544716
1998-03-14,1.190144368,-0.05478343216,,,,-1.195144935
1998-03-15,1.180456315,-0.05478343216,,,,-1.197199516
1998-03-16,0.235456611,-1.326297161,,,,-1.199260499
1998-03-17,0.2334965817,-1.314972016,,,,-1.243434025
1998-03-18,0.2315373485,-1.303794927,,,,-1.209068714
1998-03-19,0.229578889,-1.292761812,,,,-1.288782927
1998-03-20,0.2276211804,-1.281868734,,,,-1.404033806
1998-03-21,0.2256642002,-0.01322468255,,,,-1.192478296
1998-03-22,0.2237079257,-0.01322468255,,,,-1.191687952
1998-03-23,-0.476620766,-0.9524244571,,,,-1.190898522
1998-03-24,-0.4810302554,-0.9556192378,,,,-0.8995505354
1998-03-25,-0.485472164,-0.9588304489,,,,-0.7819056774
1998-03-26,-0.4899470596,-0.9620582574,,,,-0.325126948
1998-03-27,-0.4944555234,-0.9653028327,,,,-0.2661194052
1998-03-28,-0.4989981508,-0.02100421656,,,,-0.1171218239
1998-03-29,-0.5035755513,-0.02100421656,,,,-0.1182283552
1998-03-30,-0.3738550767,0.1563098938,,,,-0.1193356381
1998-03-31,-0.3735241959,0.1614703701,,,,0.1504851144
1998-04-01,-0.3731934167,0.1666720235,,,,0.04814800933
1998-04-02,-0.3728627391,0.171915871,,,,-0.1473964144
1998-04-03,-0.372532163,0.1772029614,,,,-0.4653372082
1998-04-04,-0.3722016881,0.001989372514,,,,-0.5030058375
1998-04-05,-0.3718713145,0.001989372514,,,,-0.5041942378
1998-04-06,0.7670297711,1.539699144,,,,-0.5053845506
1998-04-07,0.7635247579,1.529455243,,,,-0.3575849488
1998-04-08,0.7600340085,1.519343695,,,,-0.08724708395
1998-04-09,0.7565573671,1.509361346,,,,-0.2009811448
1998-04-10,0.7530946802,1.499505146,,,,-0.5806547422
1998-04-11,0.7496457962,-0.01748084199,,,,-0.5797445451
1998-04-12,0.7462105653,-0.01748084199,,,,-0.578835344
1998-04-13,2.614874881,2.506986303,,,,-0.5779271359
1998-04-14,2.570378272,2.469729036,,,,-0.2909022335
1998-04-15,2.527725436,2.433856387,,,,-0.557203373
1998-04-16,2.486787525,2.399283312,,,,-0.7230560325
1998-04-17,2.447447999,2.365932023,,,,-0.4581190893
1998-04-18,2.409601145,-0.08995687293,,,,-0.753813435
1998-04-19,2.373150821,-0.08995687293,,,,-0.7516183446
1998-04-20,2.408228066,-0.0002408035356,,,,-0.7494293959
1998-04-21,2.376825522,-0.004192921216,,,,-0.8308273178
1998-04-22,2.346498787,-0.008160898585,,,,-0.9352897874
1998-04-23,2.317190003,-0.01214506753,,,,-1.035599321
1998-04-24,2.288845821,-0.01614576648,,,,-0.7687048493
1998-04-25,2.261416974,-0.1107415948,,,,-0.4550989802
1998-04-26,2.234857895,-0.1107415948,,,,-0.4526893544
1998-04-27,2.295060339,0.03255314138,,,,-0.4502839121
1998-04-28,2.261757856,0.03778133606,,,,0.4827134809
1998-04-29,2.229570036,0.0430477553,,,,0.04592248698
1998-04-30,2.198432424,0.04835343917,,,,-0.2710727068
1998-05-01,2.168285671,0.05369946125,,,,-0.6313548966
1998-05-02,2.139075024,-0.08686338604,,,,-1.041607288
1998-05-03,2.110749878,-0.08686338604,,,,-1.034603108
1998-05-04,2.328086761,0.3149334026,,,,-1.027656463
1998-05-05,2.294002692,0.3173608537,,,,-0.8023609046
1998-05-06,2.26107857,0.3197958752,,,,-0.542544178
1998-05-07,2.229246398,0.3222385421,,,,-0.2419770764
1998-05-08,2.198443639,0.3246889304,,,,-0.1060020655
1998-05-09,2.168612664,-0.0770749704,,,,-0.7359288554
1998-05-10,2.139700267,-0.0770749704,,,,-0.7314700897
1998-05-11,1.583148632,-1.001072159,,,,-0.7270309666
1998-05-12,1.567903127,-1.002084473,,,,-0.6156525476
1998-05-13,1.55292717,-1.00309836,,,,-0.6277241661
1998-05-14,1.53821167,-1.004113826,,,,-0.7439456312
1998-05-15,1.523747953,-1.005130875,,,,-0.9166263596
1998-05-16,1.509527736,-0.07972749988,,,,-0.7336721284
1998-05-17,1.495543105,-0.07972749988,,,,-0.7294913538
1998-05-18,0.5802786183,-1.661304761,,,,-0.7253284823
1998-05-19,0.5765036619,-1.644686182,,,,-0.4443371631
1998-05-20,0.572739507,-1.628386127,,,,-0.729948038
1998-05-21,0.5689859873,-1.612393203,,,,-0.8358825019
1998-05-22,0.5652429382,-1.59669657,,,,-0.9421836971
1998-05-23,0.5615101971,-0.03005639029,,,,-1.021376039
1998-05-24,0.5577876023,-0.03005639029,,,,-1.014097827
1998-05-25,0.3522519187,-0.380892792,,,,-1.006878951
1998-05-26,0.3473124606,-0.385864803,,,,-0.9994322866
1998-05-27,0.3423650749,-0.3908785083,,,,-0.3192724438
1998-05-28,0.337409244,-0.3959347826,,,,-0.2033944493
1998-05-29,0.3324444417,-0.4010345254,,,,-0.6080550149
1998-05-30,0.3274701323,-0.04946939837,,,,-0.4789577723
1998-05-31,0.3224857703,-0.04946939837,,,,-0.4775265361
1998-06-01,0.0303640122,-0.5454925946,,,,-0.4760972565
1998-06-02,0.02895908728,-0.5396388882,,,,-0.1448058205
1998-06-03,0.02755362876,-0.533784939,,,,-0.3273051301
1998-06-04,0.02614762771,-0.5279299071,,,,-0.1405957101
1998-06-05,0.0247410752,-0.5220729383,,,,-0.4972578944
1998-06-06,0.02333396224,-0.01236677406,,,,-0.8106314919
1998-06-07,0.02192627984,-0.01236677406,,,,-0.8075304583
1998-06-08,-0.5064005486,-0.9359548487,,,,-0.8044414707
1998-06-09,-0.5109410373,-0.9425927728,,,,-0.627390055
1998-06-10,-0.5155163294,-0.9493060693,,,,-0.6379444493
1998-06-11,-0.5201270461,-0.9560964091,,,,-0.4271556137
1998-06-12,-0.5247738242,-0.9629655156,,,,0.02869704451
1998-06-13,-0.5294573159,-0.02765049762,,,,-0.1451779282
1998-06-14,-0.5341781897,-0.02765049762,,,,-0.1462987701
1998-06-15,-1.20453452,-1.2311068,,,,-0.1474204793
1998-06-16,-1.194693416,-1.246212632,,,,0.5403296796
1998-06-17,-1.184961094,-1.264002082,,,,0.2871894585
1998-06-18,-1.1753348,-1.285000575,,,,-0.1330256668
1998-06-19,-1.165811868,-1.309888262,,,,-0.2404892558
1998-06-20,-1.156389713,0.08469867269,,,,-0.347953063
1998-06-21,-1.147065829,0.08469867269,,,,-0.3502323846
1998-06-22,-0.52694015,1.359428873,,,,-0.3525185036
1998-06-23,-0.5208192007,1.365011495,,,,-0.349861574
1998-06-24,-0.5146884525,1.370640739,,,,-0.7396050849
1998-06-25,-0.5085466182,1.376317319,,,,-0.7725754867
1998-06-26,-0.5023923678,1.382041964,,,,-0.721590812
1998-06-27,-0.4962243243,0.09480501139,,,,-0.9141600513
1998-06-28,-0.4900410606,0.09480501139,,,,-0.9109080626
1998-06-29,-0.5086234496,0.04142156295,,,,-0.907670125
1998-06-30,-0.5029112878,0.03683383638,,,,-0.8600122624
1998-07-01,-0.4971963943,0.03222311887,,,,-0.8296198531
1998-07-02,-0.4914779753,0.02758883151,,,,-1.20059044
1998-07-03,-0.4857552231,0.02293038086,,,,-1.264106441
1998-07-04,-0.4800273145,0.07239568675,,,,-1.255384056
1998-07-05,-0.4742934103,0.07239568675,,,,-1.246756679
1998-07-06,-0.4147910581,0.1776229929,,,,-1.238222225
1998-07-07,-0.4109440733,0.1718189295,,,,-1.023766164
1998-07-08,-0.4071008753,0.165975175,,,,-1.018926187
1998-07-09,-0.4032612892,0.1600902425,,,,-1.188191608
1998-07-10,-0.3994251402,0.1541625877,,,,-1.117793252
1998-07-11,-0.3955922534,0.04072110572,,,,-1.169782148
1998-07-12,-0.3917624541,0.04072110572,,,,-1.168544186
1998-07-13,0.3755099999,1.593752897,,,,-1.167748148
1998-07-14,0.3729648173,1.582175216,,,,-1.083431186
1998-07-15,0.3704227167,1.570851805,,,,-1.166795259
1998-07-16,0.3678836483,1.559778575,,,,-1.159232053
1998-07-17,0.3653475624,1.548951806,,,,-1.371943031
1998-07-18,0.3628144095,-0.02545214064,,,,-1.554677481
1998-07-19,0.3602841404,-0.02545214064,,,,-1.562312151
1998-07-20,0.2471608044,-0.2519062406,,,,-1.571347333
1998-07-21,0.2452256337,-0.2507441369,,,,-1.302355153
1998-07-22,0.2432913955,-0.2495826445,,,,-0.5920335636
1998-07-23,0.241358068,-0.2484217587,,,,-0.5335427704
1998-07-24,0.2394256294,-0.2472614745,,,,0.2213105609
1998-07-25,0.237494058,-0.01978374252,,,,0.2381552327
1998-07-26,0.2355633321,-0.01978374252,,,,0.2558916289
1998-07-27,0.3757198939,0.2708392866,,,,0.2746271646
1998-07-28,0.3710222464,0.2650875408,,,,0.3260604039
1998-07-29,0.3663212381,0.2593052123,,,,0.996469321
1998-07-30,0.3616164751,0.2534909979,,,,0.8692746534
1998-07-31,0.3569075595,0.2476435472,,,,0.208361955
1998-08-01,0.3521940881,-0.05494921163,,,,0.8877701259
1998-08-02,0.3474756531,-0.05494921163,,,,0.8925511261
1998-08-03,-0.6733690984,-2.135257301,,,,0.8973704291
1998-08-04,-0.6730784152,-2.107159016,,,,1.289085329
1998-08-05,-0.6727878477,-2.079888216,,,,2.896090514
1998-08-06,-0.6724973957,-2.053402284,,,,2.496503396
1998-08-07,-0.6722070592,-2.027661615,,,,1.983433467
1998-08-08,-0.6719168379,0.00200961957,,,,1.609630676
1998-08-09,-0.6716267318,0.00200961957,,,,1.611555156
1998-08-10,-1.405651477,-1.459394801,,,,1.61348467
1998-08-11,-1.404012864,-1.457204213,,,,2.149409628
1998-08-12,-1.402378011,-1.455020237,,,,3.092081616
1998-08-13,-1.400746899,-1.452842836,,,,2.022515484
1998-08-14,-1.399119515,-1.450671976,,,,2.41234143
1998-08-15,-1.397495842,0.005637354935,,,,3.65081816
1998-08-16,-1.395875864,0.005637354935,,,,3.544620307
1998-08-17,-0.3798230659,2.012252999,,,,3.446396175
1998-08-18,-0.3844535184,1.98831328,,,,2.694096715
1998-08-19,-0.3891192831,1.964995764,,,,1.71201336
1998-08-20,-0.3938210433,1.942271879,,,,1.778141029
1998-08-21,-0.3985594999,1.920114856,,,,2.12743911
1998-08-22,-0.4033353722,-0.03351294942,,,,2.9471696
1998-08-23,-0.4081493986,-0.03351294942,,,,2.90510314
1998-08-24,-1.258750298,-1.611647489,,,,2.864581835
1998-08-25,-1.25993527,-1.597652931,,,,2.482787658
1998-08-26,-1.261122323,-1.583893379,,,,2.078375246
1998-08-27,-1.262311464,-1.570361525,,,,2.265902502
1998-08-28,-1.263502701,-1.557050375,,,,4.044502596
1998-08-29,-1.264696039,-0.004063934685,,,,4.169387064
1998-08-30,-1.265891486,-0.004063934685,,,,4.042715861
1998-08-31,-0.3056946544,1.736395231,,,,3.926231675
1998-09-01,-0.3109176745,1.7194766,,,,4.774834699
1998-09-02,-0.3161864918,1.702890633,,,,3.009955833
1998-09-03,-0.3215021631,1.68662541,,,,3.025318223
1998-09-04,-0.3268657776,1.670669599,,,,3.913868821
1998-09-05,-0.3322784583,-0.03653904607,,,,4.159605543
1998-09-06,-0.3377413637,-0.03653904607,,,,4.025620938
1998-09-07,-1.611988692,-2.213631946,,,,3.903001135
1998-09-08,-1.605756151,-2.182851079,,,,3.781794202
1998-09-09,-1.599573986,-2.153040613,,,,2.726404777
1998-09-10,-1.593441464,-2.124147302,,,,2.982626491
1998-09-11,-1.587357864,-2.096121903,,,,3.858671707
1998-09-12,-1.581322482,0.01611438012,,,,3.486633961
1998-09-13,-1.575334628,0.01611438012,,,,3.392079954
1998-09-14,-0.8883476092,1.166084365,,,,3.304106768
1998-09-15,-0.8847774838,1.16785179,,,,2.426902688
1998-09-16,-0.8812237711,1.169623964,,,,2.083012901
1998-09-17,-0.877686298,1.171400912,,,,1.959409368
1998-09-18,-0.8741648934,1.173182656,,,,2.441476389
1998-09-19,-0.870659389,0.01977254402,,,,2.319361023
1998-09-20,-0.8671696184,0.01977254402,,,,2.29165918
1998-09-21,0.4055644542,2.164331493,,,,2.264745394
1998-09-22,0.4021381799,2.135200117,,,,2.230225258
1998-09-23,0.3987159344,2.106949546,,,,1.914877524
1998-09-24,0.3952975966,2.07953325,,,,1.286409687
1998-09-25,0.3918830454,2.052908069,,,,1.597178962
1998-09-26,0.3884721605,-0.02832302478,,,,1.565937526
1998-09-27,0.3850648216,-0.02832302478,,,,1.551227894
1998-09-28,0.440388812,0.06559726656,,,,1.536771359
1998-09-29,0.4347910947,0.06024093978,,,,1.568400746
1998-09-30,0.4291842307,0.05484840373,,,,1.725822419
1998-10-01,0.4235673899,0.04941855944,,,,2.390748103
1998-10-02,0.4179397238,0.04395027135,,,,2.700172295
1998-10-03,0.4123003637,-0.0571179102,,,,2.244445773
1998-10-04,0.4066484197,-0.0571179102,,,,2.213062368
1998-10-05,1.397336104,1.557313154,,,,2.182683157
1998-10-06,1.38567146,1.54479878,,,,2.461589301
1998-10-07,1.374176686,1.532475831,,,,2.212761354
1998-10-08,1.362847263,1.520338857,,,,2.479454346
1998-10-09,1.351678853,1.50838262,,,,2.720776124
1998-10-10,1.340667293,-0.08161863633,,,,2.228216726
1998-10-11,1.329808582,-0.08161863633,,,,2.196967813
1998-10-12,2.149976896,1.279581118,,,,2.166715401
1998-10-13,2.121942965,1.286827378,,,,1.875557941
1998-10-14,2.094732262,1.294155135,,,,1.873791526
1998-10-15,2.068302592,1.301566084,,,,1.697505903
1998-10-16,2.04261473,1.30906197,,,,0.9924702617
1998-10-17,2.017632154,-0.07111497856,,,,1.166525311
1998-10-18,1.993320812,-0.07111497856,,,,1.1572348
1998-10-19,2.060615473,0.08865544944,,,,1.148041332
1998-10-20,2.037771294,0.09174674611,,,,0.9329458092
1998-10-21,2.015496554,0.09484762832,,,,0.9234951995
1998-10-22,1.993766422,0.0979582412,,,,0.9286905142
1998-10-23,1.972557562,0.101078732,,,,0.7165967811
1998-10-24,1.951848016,-0.05670640232,,,,0.8012388534
1998-10-25,1.931617101,-0.05670640232,,,,0.7950122801
1998-10-26,1.737178708,-0.3829778002,,,,0.7888174246
1998-10-27,1.720251523,-0.3841327451,,,,0.7960680263
1998-10-28,1.70365732,-0.3852892788,,,,0.8595030515
1998-10-29,1.687384165,-0.3864474086,,,,0.7882419159
1998-10-30,1.671420711,-0.3876071414,,,,0.4257524994
1998-10-31,1.655756164,-0.06168839163,,,,0.2437036386
1998-11-01,1.640380245,-0.06168839163,,,,0.2396239921
1998-11-02,1.273611711,-0.7430471801,,,,0.2355380222
1998-11-03,1.264147726,-0.7404245908,,,,0.1343240252
1998-11-04,1.254793076,-0.7378104075,,,,0.1921850481
1998-11-05,1.245545181,-0.7352045606,,,,0.1399256472
1998-11-06,1.236401541,-0.7326069815,,,,-0.03215788248
1998-11-07,1.227359736,-0.05187666604,,,,-0.07426647102
1998-11-08,1.218417421,-0.05187666604,,,,-0.07793608062
1998-11-09,0.4520026226,-1.526684349,,,,-0.08162057621
1998-11-10,0.4500531652,-1.512946493,,,,0.2124051765
1998-11-11,0.4481067626,-1.499432178,,,,0.2182204004
1998-11-12,0.44616339,-1.486134444,,,,0.2516802115
1998-11-13,0.4442230229,-1.473046629,,,,0.3492627289
1998-11-14,0.4422856371,-0.0168372167,,,,0.3134695585
1998-11-15,0.4403512081,-0.0168372167,,,,0.3090157514
1998-11-16,0.8263165034,0.725262669,,,,0.3045564261
1998-11-17,0.822715627,0.7231885064,,,,0.2841701166
1998-11-18,0.8191306342,0.7211197453,,,,0.1603694208
1998-11-19,0.8155613521,0.7190563499,,,,0.05277324436
1998-11-20,0.81200761,0.7169982848,,,,-0.1574935239
1998-11-21,0.8084692397,-0.02421093638,,,,-0.5444966114
1998-11-22,0.8049460751,-0.02421093638,,,,-0.5472090262
1998-11-23,1.044550605,0.4453026785,,,,-0.5499327953
1998-11-24,1.03666608,0.4396124693,,,,-0.6327821881
1998-11-25,1.028849168,0.4339119122,,,,-0.4521917479
1998-11-26,1.021098394,0.4282001005,,,,-0.59956821
1998-11-27,1.013412317,0.4224761054,,,,-0.6029899957
1998-11-28,1.005789538,-0.06075157811,,,,-0.6133018508
1998-11-29,0.9982286879,-0.06075157811,,,,-0.6159279806
1998-11-30,1.090467671,0.1340050755,,,,-0.6185649312
1998-12-01,1.081833971,0.1295719664,,,,-0.1168021482
1998-12-02,1.073280347,0.1251227465,,,,-0.2535962236
1998-12-03,1.064804912,0.1206569635,,,,-0.1957593695
1998-12-04,1.056405834,0.1161741552,,,,0.2240320532
1998-12-05,1.048081327,-0.08523224322,,,,-0.2154064463
1998-12-06,1.039829654,-0.08523224322,,,,-0.2164198016
1998-12-07,0.5657386495,-1.013164567,,,,-0.217434018
1998-12-08,0.5602435781,-1.006717104,,,,-0.2706424283
1998-12-09,0.5547557143,-1.000318985,,,,-0.1833451019
1998-12-10,0.5492744953,-0.9939693288,,,,-0.1742294556
1998-12-11,0.5437993558,-0.9876672747,,,,-0.02777500157
1998-12-12,0.5383297273,-0.06245826954,,,,0.08724091198
1998-12-13,0.5328650386,-0.06245826954,,,,0.08427934935
1998-12-14,0.5979817778,0.07821707967,,,,0.0813132311
1998-12-15,0.5942135399,0.08443046845,,,,0.5435029549
1998-12-16,0.5904567069,0.09070877245,,,,0.2948791324
1998-12-17,0.5867111115,0.09705411641,,,,0.3616970208
1998-12-18,0.5829765884,0.1034687152,,,,0.0983184946
1998-12-19,0.5792529739,-0.03435902049,,,,-0.2840040045
1998-12-20,0.575540106,-0.03435902049,,,,-0.2860999751
1998-12-21,-0.01919593535,-1.236384675,,,,-0.2882011382
1998-12-22,-0.01481864754,-1.235872513,,,,-0.442986483
1998-12-23,-0.01042059416,-1.23587889,,,,-0.5849022691
1998-12-24,-0.006001287283,-1.236446307,,,,-0.9201031821
1998-12-25,-0.001560227632,-1.237623191,,,,-0.7537317446
1998-12-26,0.00290309586,0.04720643082,,,,-0.7543312981
1998-12-27,0.00738920644,0.04720643082,,,,-0.7549313855
1998-12-28,-0.5162391926,-1.061220603,,,,-0.7555320078
1998-12-29,-0.5106375049,-1.054065474,,,,-0.4936359676
1998-12-30,-0.5050358186,-1.046970889,,,,-0.6682127587
1998-12-31,-0.4994334398,-1.039935674,,,,-0.5190975942
1999-01-01,-0.4938296651,-1.032958683,,,,-0.3798612105
1999-01-02,-0.4882237808,0.07080764219,,,,-0.3814033246
1999-01-03,-0.4826150622,0.07080764219,,,,-0.3829483978
1999-01-04,-0.2449160756,0.5453359731,,,,-0.3844964481
1999-01-05,-0.2394379256,0.543827398,,,,-0.1541579812
1999-01-06,-0.233933312,0.5423212532,,,,-0.3794494149
1999-01-07,-0.2284011957,0.5408175259,,,,-0.5272832772
1999-01-08,-0.2228405046,0.539316203,,,,-0.3937198972
1999-01-09,-0.2172501317,0.0644240011,,,,-0.5403467486
1999-01-10,-0.2116289332,0.0644240011,,,,-0.5433142162
1999-01-11,-0.3939573115,-0.3078985509,,,,-0.5462954557
1999-01-12,-0.3878271063,-0.3046964588,,,,-0.2606376163
1999-01-13,-0.3816686376,-0.3014953617,,,,0.08626293793
1999-01-14,-0.3754802432,-0.2982951572,,,,0.3496153742
1999-01-15,-0.369260191,-0.2950957425,,,,0.7257000991
1999-01-16,-0.3630066737,0.08114887803,,,,0.2246005474
1999-01-17,-0.3567178039,0.08114887803,,,,0.2203817048
1999-01-18,-0.9995699593,-1.16703736,,,,0.2161542123
1999-01-19,-0.9917787314,-1.165322427,,,,0.2121228315
1999-01-20,-0.9840496945,-1.163611747,,,,0.208053863
1999-01-21,-0.9763814741,-1.1619053,,,,0.1182375405
1999-01-22,-0.96877273,-1.160203066,,,,0.4243179198
1999-01-23,-0.9612221556,0.08461335175,,,,0.5573692763
1999-01-24,-0.9537284763,0.08461335175,,,,0.5519726164
1999-01-25,-1.422117139,-0.8348691534,,,,0.5465831004
1999-01-26,-1.409812133,-0.8424558581,,,,0.4312950206
1999-01-27,-1.397686293,-0.8501453017,,,,0.1701849301
1999-01-28,-1.385734443,-0.8579402504,,,,0.2331257244
1999-01-29,-1.373951609,-0.8658435764,,,,0.008617878256
1999-01-30,-1.362333005,0.06821033378,,,,-0.2491227557
1999-01-31,-1.350874028,0.06821033378,,,,-0.2538033435
1999-02-01,-0.7031067559,1.339164568,,,,-0.2585180571
1999-02-02,-0.6989929663,1.328080675,,,,-0.06851963359
1999-02-03,-0.6948956895,1.317142235,,,,-0.004372671719
1999-02-04,-0.6908146979,1.306345345,,,,-0.04593762436
1999-02-05,-0.6867497676,1.295686243,,,,0.1705485693
1999-02-06,-0.6827006771,0.03404995838,,,,0.1925927841
1999-02-07,-0.6786672083,0.03404995838,,,,0.1883376316
1999-02-08,-1.547643071,-1.692657982,,,,0.1840716917
1999-02-09,-1.534628773,-1.67948829,,,,0.2637045165
1999-02-10,-1.52181946,-1.666528976,,,,0.4108291684
1999-02-11,-1.509209074,-1.653773964,,,,0.2800386991
1999-02-12,-1.496791806,-1.641217416,,,,-0.1465949691
1999-02-13,-1.484562076,0.05568847174,,,,0.1756289049
1999-02-14,-1.472514528,0.05568847174,,,,0.1705763274
1999-02-15,-1.505561134,-0.03283429054,,,,0.1655004678
1999-02-16,-1.49603913,-0.03659734669,,,,0.1607632001
1999-02-17,-1.486632621,-0.04037513338,,,,0.1404431223
1999-02-18,-1.477339014,-0.04416793455,,,,0.2776323743
1999-02-19,-1.468155793,-0.04797603943,,,,0.2455663413
1999-02-20,-1.459080522,0.03759887151,,,,0.07844117637
1999-02-21,-1.450110839,0.03759887151,,,,0.07486367013
1999-02-22,-1.687098664,-0.4695211987,,,,0.07127698898
1999-02-23,-1.679961444,-0.4740318931,,,,-0.4186086687
1999-02-24,-1.672888925,-0.478576654,,,,-0.3311525859
1999-02-25,-1.665880057,-0.4831560954,,,,-0.2310223386
1999-02-26,-1.658933814,-0.4877708462,,,,-0.1199379004
1999-02-27,-1.652049194,0.02202246365,,,,-0.142234791
1999-02-28,-1.645225215,0.02202246365,,,,-0.1459159136
1999-03-01,-0.6945709655,2.032329925,,,,-0.1496137836
1999-03-02,-0.6937996709,2.018456569,,,,-0.08281693853
1999-03-03,-0.6930291762,2.004803012,,,,0.03489680379
1999-03-04,-0.6922594795,1.991363181,,,,0.003635380463
1999-03-05,-0.6914905787,1.97813124,,,,-0.3457460446
1999-03-06,-0.6907224719,0.005577162827,,,,-0.7283816086
1999-03-07,-0.6899551569,0.005577162827,,,,-0.7332931952
1999-03-08,-0.3809623368,0.6473949408,,,,-0.7382462296
1999-03-09,-0.3818845594,0.6441279956,,,,-0.675501123
1999-03-10,-0.3828077619,0.6408716784,,,,-0.6096637663
1999-03-11,-0.3837319477,0.6376258705,,,,-0.6507091325
1999-03-12,-0.3846571204,0.6343904549,,,,-0.7206213322
1999-03-13,-0.3855832836,-0.008071269475,,,,-0.6579678383
1999-03-14,-0.3865104407,-0.008071269475,,,,-0.6656759816
1999-03-15,1.114739987,3.043934643,,,,-0.6734953768
1999-03-16,1.106102728,2.977936471,,,,-0.619523843
1999-03-17,1.097548655,2.915535319,,,,-0.6400839268
1999-03-18,1.089075848,2.856406237,,,,-0.5837009574
1999-03-19,1.080682444,2.800264028,,,,-0.8129530506
1999-03-20,1.07236663,-0.06239228985,,,,-0.7914891303
1999-03-21,1.064126643,-0.06239228985,,,,-0.7995448197
1999-03-22,0.178757619,-1.743636638,,,,-0.8077187484
1999-03-23,0.1783570219,-1.72658656,,,,-0.7087431716
1999-03-24,0.1779564933,-1.709889679,,,,-0.3583090822
1999-03-25,0.177556033,-1.693533486,,,,-0.4733942114
1999-03-26,0.1771556408,-1.677506118,,,,-0.8470900655
1999-03-27,0.1767553166,-0.003702896617,,,,-0.9057692332
1999-03-28,0.1763550601,-0.003702896617,,,,-0.9179841189
1999-03-29,-0.4438240806,-1.173528955,,,,-0.930476385
1999-03-30,-0.4419505803,-1.166466562,,,,-1.023412413
1999-03-31,-0.440079885,-1.159467799,,,,-1.162407107
1999-04-01,-0.4382119728,-1.152531489,,,,-1.078927097
1999-04-02,-0.4363468219,-1.145656484,,,,-1.277546443
1999-04-03,-0.4344844106,0.01588699744,,,,-1.275953705
1999-04-04,-0.4326247173,0.01588699744,,,,-1.2743646
1999-04-05,-2.065213754,-3.020953351,,,,-1.272779113
1999-04-06,-2.039405942,-2.955329308,,,,-1.249621419
1999-04-07,-2.014309193,-2.89327536,,,,-1.169520274
1999-04-08,-1.989889018,-2.834469199,,,,-1.140205628
1999-04-09,-1.966113225,-2.778627919,,,,-1.176558085
1999-04-10,-1.942951724,0.07541958985,,,,-1.307691259
1999-04-11,-1.920376355,0.07541958985,,,,-1.302958406
1999-04-12,-1.126066876,1.500552178,,,,-1.298256228
1999-04-13,-1.122207387,1.488317197,,,,-1.266110997
1999-04-14,-1.118368515,1.476291097,,,,-1.12651269
1999-04-15,-1.114550042,1.464468649,,,,-0.7602857076
1999-04-16,-1.110751752,1.452844882,,,,-0.9213636291
1999-04-17,-1.106973431,0.0176231443,,,,-0.9229870825
1999-04-18,-1.10321487,0.0176231443,,,,-0.9197220882
1999-04-19,-1.778537021,-1.237058211,,,,-0.9164713101
1999-04-20,-1.770066624,-1.235189046,,,,-0.5045573318
1999-04-21,-1.76168495,-1.233324892,,,,-0.7273210192
1999-04-22,-1.753390352,-1.231465724,,,,-0.9999673009
1999-04-23,-1.74518122,-1.229611517,,,,-1.104524278
1999-04-24,-1.73705599,0.02140673212,,,,-1.073297887
1999-04-25,-1.729013135,0.02140673212,,,,-1.064808834
1999-04-26,-1.456330135,0.5191077867,,,,-1.056395996
1999-04-27,-1.446272468,0.5251134131,,,,-0.9255322655
1999-04-28,-1.436342471,0.5311842144,,,,-0.9480333661
1999-04-29,-1.426537092,0.5373217764,,,,-0.7770686113
1999-04-30,-1.416853379,0.5435277392,,,,-0.6673000701
1999-05-01,-1.407288476,0.04172005846,,,,-0.6605014185
1999-05-02,-1.397839619,0.04172005846,,,,-0.6553263205
1999-05-03,-0.7838393484,1.239726018,,,,-0.6501690163
1999-05-04,-0.7849661822,1.229851672,,,,-0.792261585
1999-05-05,-0.7860949544,1.220094993,,,,-0.5532302591
1999-05-06,-0.7872256722,1.210453184,,,,-0.6180299869
1999-05-07,-0.7883583428,1.200923544,,,,-0.2516687395
1999-05-08,-0.7894929734,-0.006561337747,,,,-0.5802860617
1999-05-09,-0.7906295714,-0.006561337747,,,,-0.5741886641
1999-05-10,-0.6512553692,0.267281981,,,,-0.5680909268
1999-05-11,-0.649190817,0.2727498863,,,,-0.3550832999
1999-05-12,-0.6471312207,0.2782683163,,,,-0.5149506648
1999-05-13,-0.6450765465,0.2838385273,,,,-0.4246254459
1999-05-14,-0.6430267608,0.2894618169,,,,-0.6037195702
1999-05-15,-0.6409818303,0.0159204131,,,,-0.2871396114
1999-05-16,-0.638941722,0.0159204131,,,,-0.2795413659
1999-05-17,-1.156777079,-1.028734782,,,,-0.2718281314
1999-05-18,-1.156725335,-1.03658561,,,,-0.190025764
1999-05-19,-1.156673594,-1.044540699,,,,-0.1871524176
1999-05-20,-1.156621858,-1.052602695,,,,-0.5688789398
1999-05-21,-1.156570125,-1.060774343,,,,-0.6773094282
1999-05-22,-1.156518396,0.0002265084995,,,,-0.6847642504
1999-05-23,-1.156466672,0.0002265084995,,,,-0.6814735592
1999-05-24,-1.605437559,-0.9343523434,,,,-0.6784072827
1999-05-25,-1.594810243,-0.9269332588,,,,-0.05371084358
1999-05-26,-1.584324277,-0.9195645048,,,,0.2005436261
1999-05-27,-1.573976235,-0.9122448751,,,,-0.05160599189
1999-05-28,-1.563762805,-0.9049731872,,,,0.06501024411
1999-05-29,-1.553680786,0.03918120148,,,,-0.4669795574
1999-05-30,-1.543727083,0.03918120148,,,,-0.4606804652
1999-05-31,-0.8144405028,1.575813826,,,,-0.4543556983
1999-06-01,-0.8090938072,1.581750998,,,,-0.4480026973
1999-06-02,-0.8037759594,1.587737474,,,,-0.1895918306
1999-06-03,-0.7984864755,1.593773988,,,,-0.269426669
1999-06-04,-0.7932248797,1.599861293,,,,-0.2656828905
1999-06-05,-0.7879907046,0.04759351836,,,,-0.8329247471
1999-06-06,-0.7827834906,0.04759351836,,,,-0.8262465738
1999-06-07,-0.3522542448,0.9665260255,,,,-0.8196054613
1999-06-08,-0.349387101,0.9614875885,,,,-0.7400824005
1999-06-09,-0.3465226437,0.9564808541,,,,-0.6836784755
1999-06-10,-0.3436608021,0.9515053685,,,,-0.7059375207
1999-06-11,-0.3408015055,0.9465606869,,,,-0.3954767084
1999-06-12,-0.3379446835,0.03082529834,,,,-0.2596891849
1999-06-13,-0.3350902657,0.03082529834,,,,-0.2512865093
1999-06-14,-0.5980954847,-0.538370661,,,,-0.2426981704
1999-06-15,-0.5923883475,-0.5323621861,,,,-0.0884090352
1999-06-16,-0.5866902489,-0.5263490373,,,,-0.2224827218
1999-06-17,-0.5810005559,-0.5203301722,,,,-1.095263114
1999-06-18,-0.5753186327,-0.5143045226,,,,-1.239980905
1999-06-19,-0.5696438403,0.07318188896,,,,-1.312168539
1999-06-20,-0.5639755363,0.07318188896,,,,-1.334941655
1999-06-21,-1.384908974,-1.703508484,,,,-1.361902025
1999-06-22,-1.375762291,-1.688004731,,,,-1.362630793
1999-06-23,-1.366794789,-1.672815912,,,,-1.41897326
1999-06-24,-1.35800519,-1.657932055,,,,-1.557929917
1999-06-25,-1.349392463,-1.643343705,,,,-0.9958646384
1999-06-26,-1.34095583,0.1331284726,,,,-1.416147842
1999-06-27,-1.33269477,0.1331284726,,,,-1.416870851
1999-06-28,-1.367757133,0.04375308068,,,,-1.418275134
1999-06-29,-1.359981472,0.04469409112,,,,-1.122458828
1999-06-30,-1.352404972,0.04563542858,,,,-1.159507588
1999-07-01,-1.345029049,0.04657709577,,,,-1.640316748
1999-07-02,-1.33785552,0.04751909541,,,,-2.103617231
1999-07-03,-1.330886625,0.1379042149,,,,-2.434362949
1999-07-04,-1.324125063,0.1379042149,,,,-2.411813041
1999-07-05,-1.283969136,0.2032880217,,,,-2.390163729
1999-07-06,-1.276814513,0.2018299503,,,,-2.370054256
1999-07-07,-1.269836727,0.2003723866,,,,-1.657628967
1999-07-08,-1.263037728,0.1989153211,,,,-1.780871374
1999-07-09,-1.25641985,0.1974587447,,,,-1.80141569
1999-07-10,-1.249985837,0.1306251776,,,,-2.545347897
1999-07-11,-1.243738867,0.1306251776,,,,-2.503785691
1999-07-12,-0.1532919417,2.229720727,,,,-2.463864284
1999-07-13,-0.1464764549,2.198436875,,,,-1.851433167
1999-07-14,-0.1395861198,2.168151521,,,,-1.759465434
1999-07-15,-0.132617519,2.138809275,,,,-1.81831498
1999-07-16,-0.1255670429,2.110358958,,,,-2.127819556
1999-07-17,-0.1184308744,0.07254664966,,,,-2.495722325
1999-07-18,-0.1112049725,0.07254664966,,,,-2.4551531
1999-07-19,-0.1273103805,0.02990219728,,,,-2.41615373
1999-07-20,-0.1223763134,0.02490529327,,,,-1.876969897
1999-07-21,-0.1174180028,0.01987769725,,,,-1.01968763
1999-07-22,-0.1124347231,0.01481857504,,,,-1.113767961
1999-07-23,-0.1074257287,0.009727067896,,,,-0.6115892024
1999-07-24,-0.1023902534,0.04800734407,,,,-0.5213842557
1999-07-25,-0.09732750975,0.04800734407,,,,-0.515667954
1999-07-26,-1.09996491,-1.735709667,,,,-0.5099505235
1999-07-27,-1.092436985,-1.717549904,,,,0.01869893883
1999-07-28,-1.085004481,-1.699765493,,,,-0.5298611797
1999-07-29,-1.077666796,-1.682342132,,,,-0.6449956651
1999-07-30,-1.070423436,-1.665266266,,,,-0.1145120098
1999-07-31,-1.063274015,0.09502244457,,,,-0.07930054367
1999-08-01,-1.056218259,0.09502244457,,,,-0.08212866778
1999-08-02,0.1588039661,2.122617069,,,,-0.08496416062
1999-08-03,0.1676261936,2.09859476,,,,0.212834461
1999-08-04,0.1766189887,2.07519337,,,,0.4257982694
1999-08-05,0.1857908431,2.052384977,,,,0.7795532159
1999-08-06,0.1951508439,2.03014339,,,,0.6495646599
1999-08-07,0.204708729,0.06025041914,,,,0.5136477489
1999-08-08,0.2144749499,0.06025041914,,,,0.5085430513
1999-08-09,0.587538839,0.6119986716,,,,0.5034433713
1999-08-10,0.6005892957,0.6100810228,,,,0.8397333567
1999-08-11,0.6140092906,0.6081675002,,,,1.085398657
1999-08-12,0.6278203803,0.6062580772,,,,0.1091494917
1999-08-13,0.6420459384,0.604352727,,,,-0.001066414072
1999-08-14,0.6567113585,0.05244705784,,,,-0.8661626993
1999-08-15,0.6718442867,0.05244705784,,,,-0.8610945907
1999-08-16,-0.2306262877,-1.234248116,,,,-0.8560555255
1999-08-17,-0.2235300204,-1.229787089,,,,-0.6112126634
1999-08-18,-0.2163503803,-1.225353464,,,,-1.049620998
1999-08-19,-0.2090828463,-1.220946915,,,,-0.5287112277
1999-08-20,-0.2017225936,-1.216567124,,,,-0.1797500568
1999-08-21,-0.1942644648,0.06196036295,,,,-0.6316254596
1999-08-22,-0.1867029378,0.06196036295,,,,-0.6260984752
1999-08-23,0.7481645434,1.274871508,,,,-0.6205858344
1999-08-24,0.7613512546,1.266475448,,,,-0.7422759528
1999-08-25,0.7748884337,1.258168669,,,,-0.7838441719
1999-08-26,0.7887945912,1.249949282,,,,-1.238573192
1999-08-27,0.8030896463,1.241815451,,,,-1.148664953
1999-08-28,0.8177950694,0.03933775291,,,,-0.943065777
1999-08-29,0.8329340409,0.03933775291,,,,-0.9373312639
1999-08-30,-0.3944426416,-1.456562646,,,,-0.9316351225
1999-08-31,-0.3882854595,-1.450776498,,,,-0.03489163764
1999-09-01,-0.3820991796,-1.445035033,,,,-0.0948099151
1999-09-02,-0.3758820858,-1.439337615,,,,-0.5881556927
1999-09-03,-0.3696323881,-1.433683622,,,,-0.07692820662
1999-09-04,-0.3633482174,0.04934491396,,,,-1.221245258
1999-09-05,-0.3570276194,0.04934491396,,,,-1.21971201
1999-09-06,1.041152548,1.647773181,,,,-1.218182155
1999-09-07,1.041467558,1.631388897,,,,-1.211788784
1999-09-08,1.041782718,1.615314433,,,,-0.4236046563
1999-09-09,1.042098028,1.599538813,,,,-0.3020982933
1999-09-10,1.042413488,1.584051586,,,,-0.5604763257
1999-09-11,1.042729099,0.0008459104763,,,,-0.8711252526
1999-09-12,1.04304486,0.0008459104763,,,,-0.8667946923
1999-09-13,-0.3842679056,-1.604595278,,,,-0.862486815
1999-09-14,-0.3785618826,-1.589130799,,,,-0.5829710819
1999-09-15,-0.3728379873,-1.573944364,,,,-0.3005123488
1999-09-16,-0.3670951709,-1.559026519,,,,-0.04938270757
1999-09-17,-0.3613323529,-1.544368248,,,,0.170287776
1999-09-18,-0.3555484194,0.03902915132,,,,-0.45370393
1999-09-19,-0.3497422211,0.03902915132,,,,-0.4537346115
1999-09-20,0.1211689949,0.5371740862,,,,-0.4537652941
1999-09-21,0.1259719491,0.5338664495,,,,-0.2183596912
1999-09-22,0.1308079563,0.5305669535,,,,0.3038050109
1999-09-23,0.1356777831,0.5272754852,,,,0.1635254401
1999-09-24,0.1405822175,0.5239919328,,,,1.03782149
1999-09-25,0.1455220699,0.02365978687,,,,1.025809335
1999-09-26,0.1504981745,0.02365978687,,,,1.030159418
1999-09-27,1.047428915,0.9626156808,,,,1.034540136
1999-09-28,1.043082896,0.955039866,,,,0.583217428
1999-09-29,1.038762215,0.9475191146,,,,0.4770848563
1999-09-30,1.034466564,0.9400521447,,,,0.624174173
1999-10-01,1.030195642,0.932637702,,,,0.2746499591
1999-10-02,1.02594915,-0.01289458239,,,,0.1244830288
1999-10-03,1.021726796,-0.01289458239,,,,0.1356582156
1999-10-04,3.388373142,2.557229327,,,,0.1471616873
1999-10-05,3.300069433,2.514315273,,,,-0.007507660463
1999-10-06,3.21764404,2.47313175,,,,0.1156096029
1999-10-07,3.140457145,2.433560344,,,,-0.8455348938
1999-10-08,3.067962548,2.395493707,,,,-0.298563263
1999-10-09,2.999690746,-0.0734523527,,,,-1.390679506
1999-10-10,2.935235606,-0.0734523527,,,,-1.378478562
1999-10-11,2.937290542,0.002221271096,,,,-1.366450643
1999-10-12,2.879619133,0.005317714078,,,,-1.306109801
1999-10-13,2.824788969,0.00842182612,,,,-0.517766232
1999-10-14,2.772566996,0.0115337399,,,,0.5946857909
1999-10-15,2.722746135,0.01465358981,,,,0.6354281205
1999-10-16,2.675141669,-0.05838025144,,,,1.607819161
1999-10-17,2.629588229,-0.05838025144,,,,1.612900099
1999-10-18,2.71986657,0.1215589442,,,,1.618016643
1999-10-19,2.669665384,0.1164856968,,,,1.426613812
1999-10-20,2.621728482,0.1113853122,,,,0.852409983
1999-10-21,2.57588399,0.1062569641,,,,-0.1158192981
1999-10-22,2.531977798,0.1010998021,,,,-0.06648192281
1999-10-23,2.489871265,-0.08681897936,,,,-0.9464273883
1999-10-24,2.449439272,-0.08681897936,,,,-0.9410001225
1999-10-25,1.309658734,-1.69430802,,,,-0.9356839487
1999-10-26,1.298587847,-1.678663594,,,,-0.1831922207
1999-10-27,1.287658518,-1.663307773,,,,0.07890157545
1999-10-28,1.276866906,-1.648230822,,,,0.06645350102
1999-10-29,1.266209306,-1.633423459,,,,-1.052399582
1999-10-30,1.255682142,-0.05427427664,,,,-0.7058435316
1999-10-31,1.245281961,-0.05427427664,,,,-0.700294976
1999-11-01,2.258461559,1.421020232,,,,-0.6947935753
1999-11-02,2.227237612,1.408619461,,,,-0.7335365201
1999-11-03,2.197014921,1.396399813,,,,-0.3182403715
1999-11-04,2.167738281,1.384356017,,,,-0.2882750231
1999-11-05,2.139356673,1.372483005,,,,-0.3474534638
1999-11-06,2.111822869,-0.08897605707,,,,-0.8914673635
1999-11-07,2.085093071,-0.08897605707,,,,-0.8848802884
1999-11-08,1.118298099,-1.492041366,,,,-0.8783469344
1999-11-09,1.110902863,-1.479310394,,,,-0.7850637766
1999-11-10,1.103574396,-1.466787211,,,,-0.4312311156
1999-11-11,1.09631139,-1.454466025,,,,-0.6116812237
1999-11-12,1.089112569,-1.4423413,,,,-0.6865722009
1999-11-13,1.081976689,-0.03420872884,,,,-0.8609229267
1999-11-14,1.074902538,-0.03420872884,,,,-0.8556013969
1999-11-15,0.9251298184,-0.2487376523,,,,-0.8503108491
1999-11-16,0.9207959664,-0.2462033411,,,,-0.3828518483
1999-11-17,0.9164858435,-0.2436696465,,,,-1.229117595
1999-11-18,0.912199152,-0.2411365187,,,,-1.12260566
1999-11-19,0.9079355985,-0.2386039077,,,,-1.615734705
1999-11-20,0.9036948947,-0.0213123412,,,,-1.868356676
1999-11-21,0.899476757,-0.0213123412,,,,-1.847149414
1999-11-22,1.971144347,1.616236038,,,,-1.826440544
1999-11-23,1.964167278,1.623975236,,,,-1.452774776
1999-11-24,1.957247987,1.631797708,,,,-1.02367949
1999-11-25,1.950385636,1.639705061,,,,-1.317498637
1999-11-26,1.943579407,1.647698944,,,,-1.306890032
1999-11-27,1.936828495,-0.01197385064,,,,-0.4544895346
1999-11-28,1.930132112,-0.01197385064,,,,-0.4511851387
1999-11-29,2.038586766,0.1845522831,,,,-0.4478864286
1999-11-30,2.018818236,0.17926327,,,,0.06290399544
1999-12-01,1.99948456,0.1739470634,,,,0.319786898
1999-12-02,1.980569024,0.1686027251,,,,-0.4785574363
1999-12-03,1.962055803,0.1632292884,,,,-0.6642192087
1999-12-04,1.943929899,-0.04199272078,,,,-1.660190376
1999-12-05,1.926177089,-0.04199272078,,,,-1.643793974
1999-12-06,1.847495202,-0.1443310423,,,,-1.627708729
1999-12-07,1.828295434,-0.1478307196,,,,-1.107588425
1999-12-08,1.809514548,-0.1513451233,,,,-0.8966139102
1999-12-09,1.791136145,-0.1548744918,,,,-0.8274069773
1999-12-10,1.773144712,-0.1584190677,,,,-0.8494875861
1999-12-11,1.755525558,-0.0586636409,,,,-0.7308871575
1999-12-12,1.73826476,-0.0586636409,,,,-0.7295395182
1999-12-13,1.566289908,-0.351439076,,,,-0.7281942891
1999-12-14,1.552815728,-0.3649348852,,,,-0.630317834
1999-12-15,1.539581955,-0.3788872685,,,,-0.09035530834
1999-12-16,1.526581772,-0.3933302542,,,,-0.5044919013
1999-12-17,1.513808685,-0.40830157,,,,-0.5515523416
1999-12-18,1.501256507,-0.1090808025,,,,-0.7762773787
1999-12-19,1.488919344,-0.1090808025,,,,-0.7752445059
1999-12-20,0.3917478112,-2.162625404,,,,-0.7742131126
1999-12-21,0.3876599188,-2.135891461,,,,0.2011990367
1999-12-22,0.3835738296,-2.109939214,,,,-0.2497979401
1999-12-23,0.3794893231,-2.084730321,,,,-0.3386487421
1999-12-24,0.3754061779,-2.060229087,,,,-0.860978319
1999-12-25,0.3713241719,-0.04024745346,,,,-0.8553975518
1999-12-26,0.3672430821,-0.04024745346,,,,-0.8498498627
1999-12-27,1.10523087,1.321074609,,,,-0.8443346944
1999-12-28,1.096875806,1.310286491,,,,-0.0573988454
1999-12-29,1.088605967,1.299641218,,,,-0.0944487459
1999-12-30,1.080419719,1.289135175,,,,-0.04577829442
1999-12-31,1.072315489,1.278764881,,,,0.6228250274
2000-01-01,1.06429176,-0.08958928019,,,,0.5712011276
2000-01-02,1.056347079,-0.08958928019,,,,0.5678731654
2000-01-03,-0.02673428245,-2.020003977,,,,0.5645543182
2000-01-04,-0.03146950744,-1.995009514,,,,0.3906340352
2000-01-05,-0.03623315522,-1.97068592,,,,1.502425225
2000-01-06,-0.04102591951,-1.947001276,,,,1.255926717
2000-01-07,-0.04584851293,-1.923925745,,,,0.9828805272
2000-01-08,-0.05070166776,-0.04044917917,,,,-0.6092324198
2000-01-09,-0.05558613671,-0.04044917917,,,,-0.6041311514
2000-01-10,-0.05326350943,-0.02836440581,,,,-0.5990435397
2000-01-11,-0.05568381797,-0.0243716807,,,,-0.5989039508
2000-01-12,-0.05810858364,-0.02036365554,,,,-0.2796099422
2000-01-13,-0.0605378653,-0.01633999516,,,,-0.1403330234
2000-01-14,-0.06297172238,-0.01230035784,,,,-0.5858750938
2000-01-15,-0.06541021484,-0.02048831032,,,,-1.397029759
2000-01-16,-0.06785340322,-0.02048831032,,,,-1.384813712
2000-01-17,0.1215869869,0.3088488553,,,,-1.372772289
2000-01-18,0.119034933,0.3084212228,,,,-1.362072726
2000-01-19,0.116480903,0.30799373,,,,-0.6220175434
2000-01-20,0.1139248397,0.3075663766,,,,-0.5284114469
2000-01-21,0.1113666856,0.3071391622,,,,-0.511572248
2000-01-22,0.1088063831,-0.02245653833,,,,-0.8776047071
2000-01-23,0.106243874,-0.02245653833,,,,-0.8708506594
2000-01-24,0.774137046,1.121635503,,,,-0.8641428706
2000-01-25,0.7676720546,1.112656439,,,,0.4596041954
2000-01-26,0.7612346731,1.103764681,,,,0.03909226658
2000-01-27,0.7548240764,1.094958116,,,,0.04659625609
2000-01-28,0.7484394469,1.086234688,,,,0.257584005
2000-01-29,0.7420799742,-0.06237845692,,,,1.318943749
2000-01-30,0.7357448541,-0.06237845692,,,,1.312538537
2000-01-31,1.196638216,0.7241538534,,,,1.306188022
2000-02-01,1.188277078,0.7182208926,,,,0.8306820639
2000-02-02,1.180030649,0.712311114,,,,0.2275749326
2000-02-03,1.171897666,0.706423892,,,,0.09876979427
2000-02-04,1.163876981,0.700558607,,,,-0.3583213134
2000-02-05,1.155967566,-0.0935876337,,,,-0.5510690443
2000-02-06,1.148168512,-0.0935876337,,,,-0.5455532054
2000-02-07,0.5486752266,-1.07253908,,,,-0.5400426629
2000-02-08,0.5434008287,-1.064143523,,,,-0.005633649761
2000-02-09,0.5381336262,-1.055824322,,,,-0.6540533867
2000-02-10,0.5328731359,-1.047579746,,,,0.0562520454
2000-02-11,0.5276188735,-1.039408115,,,,0.1350516341
2000-02-12,0.522370353,-0.04928885337,,,,0.7141067632
2000-02-13,0.5171270865,-0.04928885337,,,,0.7118123495
2000-02-14,1.325651654,1.299197988,,,,0.7095243614
2000-02-15,1.31445153,1.293694609,,,,0.690920794
2000-02-16,1.303397387,1.288232216,,,,0.06606656725
2000-02-17,1.292485247,1.282810227,,,,0.3202432189
2000-02-18,1.281711274,1.277428071,,,,0.1782465836
2000-02-19,1.271071768,-0.0606025552,,,,1.396522128
2000-02-20,1.260563156,-0.0606025552,,,,1.396022057
2000-02-21,1.65207476,0.6138219959,,,,1.395522342
2000-02-22,1.635718111,0.6091759724,,,,1.398235482
2000-02-23,1.619671673,0.6045441401,,,,1.338146265
2000-02-24,1.603924489,0.5999261992,,,,0.4863678475
2000-02-25,1.588466131,0.5953218524,,,,0.6928052664
2000-02-26,1.57328667,-0.08321229859,,,,1.038065589
2000-02-27,1.558376643,-0.08321229859,,,,1.030395635
2000-02-28,1.936860996,0.586162611,,,,1.022790542
2000-02-29,1.919729841,0.58010626,,,,0.7945102961
2000-03-01,1.903052188,0.5740516665,,,,0.2312497178
2000-03-02,1.886814474,0.5679978762,,,,-0.5099293284
2000-03-03,1.871004061,0.5619439163,,,,-0.7540169145
2000-03-04,1.85560919,-0.1272032891,,,,-1.534253261
2000-03-05,1.840618936,-0.1272032891,,,,-1.523438851
2000-03-06,1.383249061,-0.9086935358,,,,-1.512770863
2000-03-07,1.374875317,-0.904458249,,,,-0.543623561
2000-03-08,1.366694253,-0.9002454906,,,,0.6386718746
2000-03-09,1.358706084,-0.8960549824,,,,0.4277741273
2000-03-10,1.350911356,-0.8918864506,,,,-0.256635611
2000-03-11,1.34331096,-0.1121966723,,,,-0.675208523
2000-03-12,1.335906156,-0.1121966723,,,,-0.6832418057
2000-03-13,1.280785863,-0.1928897044,,,,-0.6913963841
2000-03-14,1.273849596,-0.1923407956,,,,-0.005860410682
2000-03-15,1.267095139,-0.1917920169,,,,0.6639789427
2000-03-16,1.260524993,-0.1912433676,,,,-0.2372183565
2000-03-17,1.25414208,-0.1906948474,,,,-0.9210786232
2000-03-18,1.247949778,-0.1094799912,,,,-0.2350661049
2000-03-19,1.241951958,-0.1094799912,,,,-0.2450364503
2000-03-20,1.243075192,-0.0847229912,,,,-0.2552355899
2000-03-21,1.233003811,-0.07836352274,,,,0.002940796391
2000-03-22,1.223051367,-0.07194183439,,,,-0.5677994819
2000-03-23,1.213214901,-0.06545553561,,,,-0.6678610407
2000-03-24,1.203491554,-0.05890212402,,,,-0.3286248103
2000-03-25,1.193878561,-0.07786300904,,,,0.1406804357
2000-03-26,1.184373248,-0.07786300904,,,,0.1316533328
2000-03-27,0.9868342972,-0.3955360645,,,,0.1224170111
2000-03-28,0.9790882389,-0.3942869436,,,,0.6948385295
2000-03-29,0.9714017585,-0.3930390807,,,,0.8458739933
2000-03-30,0.9637734949,-0.391792469,,,,0.4789291777
2000-03-31,0.9562021186,-0.3905471019,,,,1.125080988
2000-04-01,0.9486863306,-0.07207887132,,,,0.4762064757
2000-04-02,0.9412248617,-0.07207887132,,,,0.474511076
2000-04-03,0.1649612127,-1.355926359,,,,0.4728182757
2000-04-04,0.1571288771,-1.358950047,,,,0.4371101777
2000-04-05,0.1491714864,-1.361987182,,,,1.886481457
2000-04-06,0.1410815817,-1.365037874,,,,2.455413616
2000-04-07,0.1328511046,-1.368102234,,,,1.85120015
2000-04-08,0.1244713317,-0.0776494405,,,,0.5715262656
2000-04-09,0.1159327985,-0.0776494405,,,,0.5721531447
2000-04-10,-0.707054301,-1.34944983,,,,0.5727805595
2000-04-11,-0.7106470728,-1.340509924,,,,1.313707519
2000-04-12,-0.7142611647,-1.33173661,,,,1.890661151
2000-04-13,-0.7178968477,-1.323128702,,,,2.669826719
2000-04-14,-0.7215543973,-1.314685238,,,,2.829933962
2000-04-15,-0.7252340941,-0.01673944722,,,,4.50556027
2000-04-16,-0.7289362237,-0.01673944722,,,,4.340218499
2000-04-17,-0.2277805127,0.7688880513,,,,4.19088479
2000-04-18,-0.2310170638,0.7672699272,,,,2.318918988
2000-04-19,-0.2342671321,0.7656553044,,,,1.17572501
2000-04-20,-0.237530908,0.7640441651,,,,1.537516384
2000-04-21,-0.240808585,0.7624364915,,,,1.056256987
2000-04-22,-0.2441003598,-0.02211158408,,,,1.048523761
2000-04-23,-0.2474064324,-0.02211158408,,,,1.040857727
2000-04-24,-0.6365523188,-0.6119195332,,,,1.033257466
2000-04-25,-0.6445174983,-0.6157195465,,,,1.635209737
2000-04-26,-0.6526028824,-0.6195434458,,,,0.7683360471
2000-04-27,-0.6608122676,-0.6233915664,,,,1.455298321
2000-04-28,-0.6691496202,-0.6272642499,,,,1.136036336
2000-04-29,-0.6776190865,-0.03458699811,,,,1.132022474
2000-04-30,-0.6862250035,-0.03458699811,,,,1.124071255
2000-05-01,-1.020711018,-0.5282583678,,,,1.116195655
2000-05-02,-1.021203091,-0.5227310922,,,,0.9817407505
2000-05-03,-1.021695531,-0.5172062815,,,,1.998862994
2000-05-04,-1.022188339,-0.5116833087,,,,3.158882108
2000-05-05,-1.022681516,-0.50616154,,,,2.771668462
2000-05-06,-1.023175062,-0.001788099182,,,,1.519159798
2000-05-07,-1.023668978,-0.001788099182,,,,1.504966186
2000-05-08,-1.170556074,-0.2136722604,,,,1.491006689
2000-05-09,-1.180945891,-0.2195876754,,,,1.728958401
2000-05-10,-1.191513796,-0.2255634637,,,,1.981245432
2000-05-11,-1.202265491,-0.2316013278,,,,2.297140636
2000-05-12,-1.213206941,-0.2377030341,,,,1.507338562
2000-05-13,-1.224344383,-0.02719053208,,,,0.8721307794
2000-05-14,-1.235684349,-0.02719053208,,,,0.8651428455
2000-05-15,-0.4656554998,1.119891725,,,,0.8581957308
2000-05-16,-0.4689233352,1.124732032,,,,0.4154625914
2000-05-17,-0.4722077139,1.129609655,,,,0.22251269
2000-05-18,-0.4755088451,1.134525141,,,,0.08962961499
2000-05-19,-0.4788269421,1.139479047,,,,0.08088189588
2000-05-20,-0.4821622212,-0.01791707648,,,,0.6213028557
2000-05-21,-0.4855149028,-0.01791707648,,,,0.616345526
2000-05-22,-0.747350639,-0.3933963613,,,,0.6114029929
2000-05-23,-0.7603093589,-0.4008769693,,,,0.8123502797
2000-05-24,-0.7736055086,-0.4084665299,,,,0.7605410199
2000-05-25,-0.7872565612,-0.4161687265,,,,0.1909280677
2000-05-26,-0.801281293,-0.4239874166,,,,0.2876389647
2000-05-27,-0.8156999123,-0.04526242377,,,,0.2454479794
2000-05-28,-0.830534203,-0.04526242377,,,,0.243727652
2000-05-29,-1.126355038,-0.4470688348,,,,0.2420082073
2000-05-30,-1.136909862,-0.4433373252,,,,0.2413409101
2000-05-31,-1.147651738,-0.4396112479,,,,-0.06839913695
2000-06-01,-1.158586892,-0.4358904466,,,,-0.05513329221
2000-06-02,-1.169721847,-0.4321747656,,,,-0.5243157104
2000-06-03,-1.181063438,-0.026357382,,,,-0.8429811232
2000-06-04,-1.192618834,-0.026357382,,,,-0.8362854986
2000-06-05,-2.038822231,-1.184371668,,,,-0.8296289265
2000-06-06,-2.027401093,-1.174821092,,,,-0.3657314106
2000-06-07,-2.016129949,-1.165373379,,,,-0.234485634
2000-06-08,-2.005005368,-1.156025995,,,,-0.4427688441
2000-06-09,-1.994024027,-1.146776487,,,,-0.330264805
2000-06-10,-1.983182708,0.0173488882,,,,-0.5624948824
2000-06-11,-1.972478295,0.0173488882,,,,-0.5582538732
2000-06-12,0.03011711033,2.816406802,,,,-0.5540237788
2000-06-13,0.03281647125,2.818731806,,,,-0.4831734644
2000-06-14,0.03552144711,2.821061939,,,,-0.721872007
2000-06-15,0.03823212174,2.823397219,,,,-0.7917621326
2000-06-16,0.0409485799,2.825737666,,,,-1.084594059
2000-06-17,0.04367090722,0.01869895951,,,,-1.151903204
2000-06-18,0.04639919028,0.01869895951,,,,-1.151937826
2000-06-19,1.216196316,1.639480943,,,,-1.15197245
2000-06-20,1.21236659,1.624741865,,,,-1.10338279
2000-06-21,1.208557287,1.610261156,,,,-1.005151818
2000-06-22,1.204768196,1.596030456,,,,-1.09705333
2000-06-23,1.200999111,1.582041772,,,,-0.5735437101
2000-06-24,1.197249827,-0.0117719314,,,,-0.4403526076
2000-06-25,1.193520142,-0.0117719314,,,,-0.4340077287
2000-06-26,1.441600025,0.336450705,,,,-0.4276320366
2000-06-27,1.435913555,0.3358434091,,,,-0.379336437
2000-06-28,1.430270365,0.3352364058,,,,-0.6229834548
2000-06-29,1.424669845,0.3346296943,,,,-1.195162168
2000-06-30,1.419111399,0.3340232738,,,,-1.40950198
2000-07-01,1.413594442,-0.01454815936,,,,-1.462488859
2000-07-02,1.4081184,-0.01454815936,,,,-1.454404957
2000-07-03,0.9327128988,-0.6778494906,,,,-1.446405964
2000-07-04,0.9261066889,-0.6863746263,,,,-1.326342644
2000-07-05,0.9195465003,-0.6950378527,,,,-1.315450429
2000-07-06,0.9130314415,-0.703843775,,,,-0.8101532039
2000-07-07,0.9065606403,-0.7127972172,,,,-0.8917158284
2000-07-08,0.9001332427,-0.0383536862,,,,-1.526081726
2000-07-09,0.893748413,-0.0383536862,,,,-1.515176862
2000-07-10,0.8928544234,-0.03161253006,,,,-1.50442067
2000-07-11,1.122859053,0.3162703643,,,,-1.088451174
2000-07-12,1.119905788,0.3238167848,,,,-1.162262213
2000-07-13,1.116964846,0.3314752668,,,,-1.183852149
2000-07-14,1.114036125,0.3392498318,,,,-1.176269878
2000-07-15,1.111119526,0.3377893695,,,,-1.4283107
2000-07-16,1.10821495,-0.01075089007,,,,-1.420092127
2000-07-17,0.644013344,-0.7118907761,,,,-1.411961214
2000-07-18,0.6395231997,-0.7198300594,,,,-1.356908771
2000-07-19,0.6350486619,-0.7278864383,,,,-1.240378128
2000-07-20,0.630589455,-0.7360634483,,,,-1.268893658
2000-07-21,0.6261453067,-0.7443647767,,,,-1.513271257
2000-07-22,0.6217159478,-0.03239553725,,,,-1.503467362
2000-07-23,0.6173011119,-0.03239553725,,,,-1.493785438
2000-07-24,0.7386239526,0.1629936866,,,,-1.484222677
2000-07-25,0.7330161351,0.1611394158,,,,-1.130558691
2000-07-26,0.7274330137,0.1592851915,,,,-1.31311809
2000-07-27,0.7218740622,0.1574309942,,,,-1.210506117
2000-07-28,0.7163387614,0.1555768042,,,,-1.234567033
2000-07-29,0.7108265991,-0.04180867908,,,,-0.8031564648
2000-07-30,0.70533707,-0.04180867908,,,,-0.8077568762
2000-07-31,0.2560796131,-0.7388086196,,,,-0.8123930685
2000-08-01,0.257981261,-0.7331539429,,,,-0.8498047295
2000-08-02,0.2598868796,-0.7275477532,,,,-0.9161011846
2000-08-03,0.2617965009,-0.7219911749,,,,-1.110353895
2000-08-04,0.2637101573,-0.7164855047,,,,-1.113066787
2000-08-05,0.2656278814,0.01370584635,,,,-1.585545953
2000-08-06,0.2675497061,0.01370584635,,,,-1.572758788
2000-08-07,-0.1370160767,-0.6393771299,,,,-1.560171065
2000-08-08,-0.1332366182,-0.6353196214,,,,-1.405174753
2000-08-09,-0.1294484325,-0.6312760606,,,,-1.475211914
2000-08-10,-0.1256512849,-0.6272462381,,,,-1.331353876
2000-08-11,-0.1218449374,-0.623229947,,,,-1.320244623
2000-08-12,-0.1180291484,0.03182985057,,,,-1.537228044
2000-08-13,-0.1142036725,0.03182985057,,,,-1.533907865
2000-08-14,-1.546465952,-2.23408695,,,,-1.5306025
2000-08-15,-1.53190977,-2.20386224,,,,-1.748224318
2000-08-16,-1.517600747,-2.174576566,,,,-1.701429274
2000-08-17,-1.503530824,-2.146179396,,,,-1.67520016
2000-08-18,-1.489692297,-2.118623929,,,,-1.841345435
2000-08-19,-1.4760778,0.07142492023,,,,-1.965410374
2000-08-20,-1.462680281,0.07142492023,,,,-1.945591927
2000-08-21,-1.123473072,0.5786721957,,,,-1.926214759
2000-08-22,-1.114596952,0.5750166213,,,,-1.81052241
2000-08-23,-1.10580759,0.5713714423,,,,-1.753232123
2000-08-24,-1.097102931,0.5677365066,,,,-1.765602324
2000-08-25,-1.088480975,0.5641116635,,,,-1.856438394
2000-08-26,-1.079939778,0.05449168095,,,,-1.998437012
2000-08-27,-1.071477452,0.05449168095,,,,-1.977571381
2000-08-28,-1.36907554,-0.4301860421,,,,-1.957189886
2000-08-29,-1.363463333,-0.4421689016,,,,-1.930880341
2000-08-30,-1.357893594,-0.4544798443,,,,-1.803084468
2000-08-31,-1.35236572,-0.4671383378,,,,-1.542750581
2000-09-01,-1.34687912,-0.4801655171,,,,-1.788190433
2000-09-02,-1.341433215,0.01865404825,,,,-1.565930277
2000-09-03,-1.336027437,0.01865404825,,,,-1.55472542
2000-09-04,-0.9117722168,0.7256884184,,,,-1.543676951
2000-09-05,-0.9058566297,0.7330025724,,,,-1.529883688
2000-09-06,-0.8999796939,0.7404143868,,,,-0.837462195
2000-09-07,-0.8941407416,0.7479265321,,,,-0.5436132579
2000-09-08,-0.8883391185,0.755541782,,,,-0.9468634317
2000-09-09,-0.8825741834,0.03877570337,,,,-1.224148621
2000-09-10,-0.8768453077,0.03877570337,,,,-1.214169792
2000-09-11,-0.5170017359,0.6631442802,,,,-1.204304412
2000-09-12,-0.5206969201,0.6581537601,,,,-1.212334442
2000-09-13,-0.5244141954,0.6532384602,,,,-1.147172582
2000-09-14,-0.5281538749,0.6484034654,,,,-1.217570955
2000-09-15,-0.5319162773,0.6436545605,,,,-1.225263542
2000-09-16,-0.5357017277,-0.0234899015,,,,-1.141489477
2000-09-17,-0.5395105574,-0.0234899015,,,,-1.134884534
2000-09-18,-1.33539038,-1.452691019,,,,-1.128335444
2000-09-19,-1.33380751,-1.440931525,,,,-0.6169550153
2000-09-20,-1.332228195,-1.429340513,,,,-0.8212470841
2000-09-21,-1.330652422,-1.417913343,,,,-0.7026227112
2000-09-22,-1.329080174,-1.406645548,,,,-0.6270161484
2000-09-23,-1.327511438,0.005216899602,,,,-0.4644032596
2000-09-24,-1.325946199,0.005216899602,,,,-0.4660282591
2000-09-25,-1.481413291,-0.2796229265,,,,-0.4676568593
2000-09-26,-1.475293534,-0.2768050976,,,,-0.273034752
2000-09-27,-1.469223438,-0.2739881822,,,,-0.1351742074
2000-09-28,-1.463202263,-0.2711721116,,,,-0.1969195591
2000-09-29,-1.457229283,-0.2683568168,,,,-0.8406004607
2000-09-30,-1.451303788,0.0196707982,,,,-0.516932803
2000-10-01,-1.445425083,0.0196707982,,,,-0.5165686857
2000-10-02,-0.7878288261,1.209769625,,,,-0.5162047249
2000-10-03,-0.7839300856,1.213553493,,,,-0.3190958966
2000-10-04,-0.7800487784,1.217359396,,,,-0.1355308404
2000-10-05,-0.7761846949,1.221187576,,,,-0.224898515
2000-10-06,-0.7723376286,1.225038277,,,,-0.3718520353
2000-10-07,-0.7685073757,0.02694878939,,,,0.126201378
2000-10-08,-0.7646937356,0.02694878939,,,,0.1305450691
2000-10-09,-0.5923698992,0.3407135227,,,,0.1349141509
2000-10-10,-0.5877724298,0.3445089326,,,,0.5243480769
2000-10-11,-0.5831877875,0.3483261535,,,,0.7709160969
2000-10-12,-0.5786156822,0.3521655292,,,,1.269234497
2000-10-13,-0.5740558258,0.3560274107,,,,2.394356194
2000-10-14,-0.5695079329,0.0425586829,,,,1.531202354
2000-10-15,-0.56497172,0.0425586829,,,,1.517342449
2000-10-16,-0.7163221105,-0.2510552773,,,,1.503709679
2000-10-17,-0.713322094,-0.2561311719,,,,1.261986091
2000-10-18,-0.7103323953,-0.2612488173,,,,1.548613187
2000-10-19,-0.7073529154,-0.2664091722,,,,1.781998216
2000-10-20,-0.7043835564,-0.271613224,,,,0.7487205808
2000-10-21,-0.7014242216,0.02188482514,,,,0.5079997672
2000-10-22,-0.6984748153,0.02188482514,,,,0.5082574418
2000-10-23,-0.3860325928,0.6204940005,,,,0.5085151992
2000-10-24,-0.3815316508,0.6297765491,,,,0.6356528806
2000-10-25,-0.3770297608,0.6392286691,,,,0.5176132525
2000-10-26,-0.3725266005,0.6488568116,,,,1.182620597
2000-10-27,-0.3680218446,0.6586677769,,,,1.723145787
2000-10-28,-0.3635151653,0.04903689612,,,,1.117871374
2000-10-29,-0.3590062319,0.04903689612,,,,1.116730201
2000-10-30,-0.4814948396,-0.1982540522,,,,1.115590936
2000-10-31,-0.4756634517,-0.1937425452,,,,0.8333179527
2000-11-01,-0.4698233809,-0.1892175306,,,,0.3226683518
2000-11-02,-0.463973653,-0.184678563,,,,0.5048648376
2000-11-03,-0.458113269,-0.1801251878,,,,0.404290611
2000-11-04,-0.4522412042,0.074360381,,,,0.3360300961
2000-11-05,-0.4463564058,0.074360381,,,,0.3380589466
2000-11-06,-1.014036192,-1.025674959,,,,0.3400929563
2000-11-07,-1.008263689,-1.017583949,,,,0.5799818106
2000-11-08,-1.002608974,-1.009559594,,,,0.6876650249
2000-11-09,-0.9970748845,-1.001600337,,,,0.8931436682
2000-11-10,-0.9916646118,-0.9937046615,,,,1.315369814
2000-11-11,-0.9863817281,0.1161846135,,,,1.671438428
2000-11-12,-0.9812302266,0.1161846135,,,,1.654861725
2000-11-13,-0.9998233165,0.06430141739,,,,1.638605179
2000-11-14,-0.9926344647,0.0601173355,,,,1.766461244
2000-11-15,-0.9855162629,0.05591705052,,,,1.141123632
2000-11-16,-0.9784680195,0.05170017447,,,,0.955528829
2000-11-17,-0.9714891076,0.04746631135,,,,0.6499017518
2000-11-18,-0.9645789666,0.09568789042,,,,0.5799681147
2000-11-19,-0.957737104,0.09568789042,,,,0.5758844143
2000-11-20,-1.174417243,-0.3126279375,,,,0.5718122523
2000-11-21,-1.166370261,-0.3114157289,,,,1.28060345
2000-11-22,-1.158435001,-0.3102044126,,,,1.055045493
2000-11-23,-1.150610529,-0.308993983,,,,1.341598564
2000-11-24,-1.142896034,-0.3077844344,,,,1.330174381
2000-11-25,-1.135290829,0.1013523694,,,,0.8618294251
2000-11-26,-1.127794352,0.1013523694,,,,0.8566977713
2000-11-27,-1.240689712,-0.1132844024,,,,0.8515955421
2000-11-28,-1.232755049,-0.1123224229,,,,1.095529718
2000-11-29,-1.224959492,-0.1113605312,,,,1.27628462
2000-11-30,-1.21730279,-0.1103987247,,,,1.226302411
2000-12-01,-1.209784888,-0.1094370007,,,,1.78486611
2000-12-02,-1.202405938,0.1061717274,,,,1.200236759
2000-12-03,-1.195166306,0.1061717274,,,,1.192466834
2000-12-04,-1.743783524,-0.8699101006,,,,1.184772819
2000-12-05,-1.729259308,-0.8667355251,,,,1.256866803
2000-12-06,-1.715063209,-0.8635740645,,,,0.5234802577
2000-12-07,-1.701186656,-0.8604255943,,,,0.5432616242
2000-12-08,-1.68762162,-0.8572899917,,,,0.6143712924
2000-12-09,-1.674360581,0.1158428107,,,,-0.1535699396
2000-12-10,-1.661396517,0.1158428107,,,,-0.1518166604
2000-12-11,-0.2381834873,2.537462309,,,,-0.1500634163
2000-12-12,-0.2347790259,2.503460825,,,,0.1395674532
2000-12-13,-0.2313724069,2.470717063,,,,0.5029102583
2000-12-14,-0.227963494,2.439160292,,,,0.1794879876
2000-12-15,-0.2245521496,2.408725627,,,,0.5080759334
2000-12-16,-0.2211382355,0.03002279874,,,,0.9520400924
2000-12-17,-0.2177216124,0.03002279874,,,,0.9483380528
2000-12-18,0.3350822701,0.9488551498,,,,0.9446541774
2000-12-19,0.3323323567,0.9422283594,,,,1.243842835
2000-12-20,0.32958475,0.9356702721,,,,1.104522778
2000-12-21,0.3268393876,0.9291808313,,,,2.291817706
2000-12-22,0.3240962069,0.9227600712,,,,1.746240053
2000-12-23,0.3213551459,-0.02353284004,,,,1.215263347
2000-12-24,0.3186161422,-0.02353284004,,,,1.237159166
2000-12-25,-0.7714815283,-1.867358713,,,,1.259887573
2000-12-26,-0.7665820274,-1.847217189,,,,1.264182152
2000-12-27,-0.7617063296,-1.82754153,,,,1.577368192
2000-12-28,-0.7568540592,-1.808312868,,,,1.41380933
2000-12-29,-0.7520248465,-1.789513406,,,,0.98674074
2000-12-30,-0.7472183275,0.03420010756,,,,1.06045841
2000-12-31,-0.7424341439,0.03420010756,,,,1.058329925
2001-01-01,-0.1102756878,1.086286238,,,,1.056207937
2001-01-02,-0.1105858261,1.077693481,,,,1.057432153
2001-01-03,-0.1108960034,1.069179652,,,,1.888820103
2001-01-04,-0.1112062196,1.060742888,,,,0.9792710795
2001-01-05,-0.1115164749,1.052381377,,,,1.076963995
2001-01-06,-0.1118267694,-0.002544303477,,,,1.52583107
2001-01-07,-0.1121371031,-0.002544303477,,,,1.518441607
2001-01-08,-0.08942142287,0.03597319146,,,,1.511123262
2001-01-09,-0.09146678311,0.03320440799,,,,1.808279362
2001-01-10,-0.09351533358,0.03043092988,,,,1.320501899
2001-01-11,-0.09556710888,0.02765267264,,,,1.019190311
2001-01-12,-0.09762214388,0.02486955097,,,,0.7605938055
2001-01-13,-0.09968047369,-0.01659910949,,,,0.4340955573
2001-01-14,-0.1017421337,-0.01659910949,,,,0.4384451969
2001-01-15,-1.751118256,-2.735836876,,,,0.442825937
2001-01-16,-1.738592528,-2.68682903,,,,0.4483993776
2001-01-17,-1.726257001,-2.639982484,,,,0.6512268717
2001-01-18,-1.714106505,-2.59513708,,,,0.5646662609
2001-01-19,-1.702136069,-2.552148831,,,,0.1406485756
2001-01-20,-1.690340904,0.03073871714,,,,0.1079888176
2001-01-21,-1.6787164,0.03073871714,,,,0.1112450231
2001-01-22,-1.591981196,0.1516185444,,,,0.1145126894
2001-01-23,-1.577239326,0.157270505,,,,0.1191326042
2001-01-24,-1.562753682,0.1629746522,,,,-0.3442947787
2001-01-25,-1.548515892,0.1687324295,,,,-0.2144412293
2001-01-26,-1.534517953,0.1745453323,,,,-0.04359356873
2001-01-27,-1.52075222,0.05690968568,,,,-0.05993785803
2001-01-28,-1.507211375,0.05690968568,,,,-0.05683262827
2001-01-29,-2.479285952,-1.646941387,,,,-0.05372126019
2001-01-30,-2.440155293,-1.633617535,,,,-0.03888894898
2001-01-31,-2.402497059,-1.620509024,,,,-0.04646905918
2001-02-01,-2.366216817,-1.607609498,,,,-0.1977302919
2001-02-02,-2.331228416,-1.594912858,,,,-0.2952655351
2001-02-03,-2.297453077,0.08009201337,,,,-0.2114277906
2001-02-04,-2.264818599,0.08009201337,,,,-0.2087129586
2001-02-05,-1.087457457,2.148567372,,,,-0.2059976048
2001-02-06,-1.081817015,2.119830416,,,,-0.1363093201
2001-02-07,-1.076217878,2.09195314,,,,-0.1933407545
2001-02-08,-1.070659411,2.064890528,,,,-0.2780062198
2001-02-09,-1.065140994,2.038600794,,,,-0.3357805121
2001-02-10,-1.059662017,0.02798520819,,,,-0.1767283381
2001-02-11,-1.054221886,0.02798520819,,,,-0.1773675664
2001-02-12,-1.066012627,0.001217394101,,,,-0.1780070655
2001-02-13,-1.065318861,-0.00383088653,,,,-0.2079424724
2001-02-14,-1.064625807,-0.008912211732,,,,-0.3601358929
2001-02-15,-1.063933465,-0.01402746767,,,,-0.3169761531
2001-02-16,-1.063241831,-0.0191775673,,,,-0.6637949923
2001-02-17,-1.062550906,0.002933007885,,,,-0.1459582374
2001-02-18,-1.061860687,0.002933007885,,,,-0.1459355573
2001-02-19,-2.159770643,-2.002128689,,,,-0.1459128774
2001-02-20,-2.131145398,-2.007086912,,,,-0.1456869092
2001-02-21,-2.103376666,-2.013429534,,,,0.5699882411
2001-02-22,-2.076419822,-2.021279876,,,,0.8606893095
2001-02-23,-2.050233436,-2.030781112,,,,1.133912054
2001-02-24,-2.024778983,0.1124329926,,,,1.248991212
2001-02-25,-2.000020585,0.1124329926,,,,1.238713388
2001-02-26,-2.258583776,-0.4482597218,,,,1.228556573
2001-02-27,-2.234732301,-0.4418910247,,,,0.7301048197
2001-02-28,-2.211642719,-0.4354911658,,,,1.015836112
2001-03-01,-2.1892836,-0.4290578989,,,,1.515571461
2001-03-02,-2.16762582,-0.4225888531,,,,1.428873901
2001-03-03,-2.146642385,0.1698885648,,,,1.241291587
2001-03-04,-2.126308279,0.1698885648,,,,1.232067587
2001-03-05,-1.437986773,1.61235523,,,,1.222946588
2001-03-06,-1.430938278,1.601312943,,,,1.130794561
2001-03-07,-1.42414554,1.590422539,,,,0.7921105045
2001-03-08,-1.417613031,1.57968021,,,,0.3089382813
2001-03-09,-1.411345934,1.56908228,,,,0.3505462331
2001-03-10,-1.405350201,0.1467155552,,,,0.7055008502
2001-03-11,-1.39963262,0.1467155552,,,,0.6995162143
2001-03-12,-0.2446552942,2.415759247,,,,0.6935522955
2001-03-13,-0.2378619211,2.378336252,,,,1.94899562
2001-03-14,-0.2310002124,2.342279424,,,,1.190178258
2001-03-15,-0.2240666842,2.307503396,,,,1.728043139
2001-03-16,-0.217057644,2.273930102,,,,1.433005368
2001-03-17,-0.2099691736,0.0803748502,,,,1.775800868
2001-03-18,-0.2027971085,0.0803748502,,,,1.757616733
2001-03-19,-0.1035179518,0.24583467,,,,1.73981993
2001-03-20,-0.09506520813,0.246816018,,,,1.687948688
2001-03-21,-0.08645085602,0.2477982339,,,,1.974768708
2001-03-22,-0.07766473822,0.2487813214,,,,2.198206184
2001-03-23,-0.06869580932,0.2497652843,,,,2.397054616
2001-03-24,-0.05953202943,0.08501979337,,,,1.764528722
2001-03-25,-0.05016024186,0.08501979337,,,,1.746606975
2001-03-26,0.04287679228,0.2242084178,,,,1.729062999
2001-03-27,0.05129677868,0.220726636,,,,1.359176167
2001-03-28,0.05987041092,0.2172417745,,,,0.8448548082
2001-03-29,0.06860567413,0.2137536823,,,,1.225741614
2001-03-30,0.07751113073,0.2102622072,,,,1.364071293
2001-03-31,0.08659597667,0.06694659627,,,,1.220034713
2001-04-01,0.09587010457,0.06694659627,,,,1.210446186
2001-04-02,0.3095466209,0.3873947833,,,,1.200969865
2001-04-03,0.3214483135,0.3869333968,,,,1.832604719
2001-04-04,0.333694123,0.3864722091,,,,2.671298663
2001-04-05,0.3463065908,0.3860112198,,,,2.470094408
2001-04-06,0.3593103959,0.3855504287,,,,1.437713566
2001-04-07,0.3727326267,0.06486098905,,,,1.848133457
2001-04-08,0.3866030953,0.06486098905,,,,1.827670547
2001-04-09,-0.697992545,-1.515844929,,,,1.807677
2001-04-10,-0.6924123805,-1.507238588,,,,1.840356513
2001-04-11,-0.6868763062,-1.498727597,,,,1.234237625
2001-04-12,-0.6813856136,-1.490310009,,,,0.9902833392
2001-04-13,-0.6759417899,-1.481983936,,,,0.4214203677
2001-04-14,-0.6705465414,0.07958711139,,,,0.4157001963
2001-04-15,-0.6652018198,0.07958711139,,,,0.4099661562
2001-04-16,-2.514136879,-2.422046457,,,,0.4042172592
2001-04-17,-2.482308564,-2.388745726,,,,0.4497925999
2001-04-18,-2.45164338,-2.356543242,,,,0.2679421308
2001-04-19,-2.422079793,-2.325377198,,,,-0.1008556783
2001-04-20,-2.393561269,-2.295190561,,,,-0.09866366667
2001-04-21,-2.366035792,0.1103087364,,,,0.1973122762
2001-04-22,-2.339455448,0.1103087364,,,,0.191426904
2001-04-23,-0.01545067896,3.135822884,,,,0.1855011659
2001-04-24,-0.01485805698,3.084108762,,,,0.8759758718
2001-04-25,-0.01426539801,3.034989993,,,,0.9522783509
2001-04-26,-0.0136727014,2.988276351,,,,0.6706115034
2001-04-27,-0.01307996652,2.943797935,,,,0.2982920626
2001-04-28,-0.01248719274,0.003752722305,,,,-0.2064732469
2001-04-29,-0.01189437942,0.003752722305,,,,-0.2153159611
2001-04-30,-0.8807135159,-1.095145087,,,,-0.2243282832
2001-05-01,-0.8742382036,-1.086753713,,,,0.1507982484
2001-05-02,-0.8678035404,-1.078440609,,,,-0.1956329631
2001-05-03,-0.8614087057,-1.070204007,,,,-0.1964620489
2001-05-04,-0.8550528949,-1.062042187,,,,0.211793348
2001-05-05,-0.8487353189,0.03548610409,,,,-0.3053077231
2001-05-06,-0.8424552037,0.03548610409,,,,-0.3166896019
2001-05-07,-0.3090394205,0.7008260026,,,,-0.3283803058
2001-05-08,-0.3069606154,0.6959043918,,,,-0.07297920547
2001-05-09,-0.3048835237,0.6910029008,,,,-0.2023561574
2001-05-10,-0.3028081181,0.6861211663,,,,-0.237769903
2001-05-11,-0.3007343717,0.6812588302,,,,-0.3508800278
2001-05-12,-0.2986622573,0.01287764396,,,,-0.4967661116
2001-05-13,-0.296591748,0.01287764396,,,,-0.5087839959
2001-05-14,-0.1339026096,0.215438062,,,,-0.5211216515
2001-05-15,-0.1305637954,0.2174120631,,,,-0.3162079135
2001-05-16,-0.1272195215,0.2193900887,,,,-0.4904140245
2001-05-17,-0.1238696412,0.2213721741,,,,-1.048983229
2001-05-18,-0.1205140066,0.2233583545,,,,-1.184299128
2001-05-19,-0.117152468,0.02195800483,,,,-1.268582003
2001-05-20,-0.1137848739,0.02195800483,,,,-1.279394691
2001-05-21,2.420336685,3.159911649,,,,-1.290393964
2001-05-22,2.394732549,3.090946573,,,,-1.447793643
2001-05-23,2.369791567,3.025815558,,,,-1.273485264
2001-05-24,2.345484434,2.964166853,,,,-1.055876312
2001-05-25,2.321783633,2.905692383,,,,-1.548071373
2001-05-26,2.298663295,-0.02769546633,,,,-1.54882338
2001-05-27,2.276099075,-0.02769546633,,,,-1.559332472
2001-05-28,4.698011604,3.133876882,,,,-1.570000489
2001-05-29,4.487789672,3.065965154,,,,-1.571610998
2001-05-30,4.302046047,3.001829284,,,,-1.07960436
2001-05-31,4.136319609,2.941124415,,,,-0.8850108845
2001-06-01,3.987211678,2.883548397,,,,-0.9316331334
2001-06-02,3.852081227,-0.1057790179,,,,-1.281170575
2001-06-03,3.728840589,-0.1057790179,,,,-1.284330519
2001-06-04,3.196836162,-0.7563968251,,,,-1.287505463
2001-06-05,3.121136098,-0.7539511502,,,,-1.357003842
2001-06-06,3.049975638,-0.7515129782,,,,-1.941367292
2001-06-07,2.982906345,-0.7490822515,,,,-1.668381277
2001-06-08,2.919539569,-0.7466589131,,,,-1.906550901
2001-06-09,2.859536563,-0.09662130934,,,,-1.820725998
2001-06-10,2.802600528,-0.09662130934,,,,-1.817228903
2001-06-11,2.742501918,-0.1079068193,,,,-1.813747107
2001-06-12,2.69370422,-0.1044856876,,,,-1.555779721
2001-06-13,2.647048388,-0.1010576544,,,,-1.551107733
2001-06-14,2.602376517,-0.09762255313,,,,-1.305685139
2001-06-15,2.559546575,-0.09418021534,,,,-0.76500212
2001-06-16,2.518430399,-0.07938950063,,,,-0.8668335729
2001-06-17,2.478912003,-0.07938950063,,,,-0.8670636674
2001-06-18,1.807826518,-1.254183176,,,,-0.8672938413
2001-06-19,1.791126842,-1.24477763,,,,-0.7476526849
2001-06-20,1.774752248,-1.235479153,,,,-1.014299199
2001-06-21,1.758691399,-1.22628522,,,,-1.210760597
2001-06-22,1.742933504,-1.217193384,,,,-1.952020029
2001-06-23,1.727468284,-0.05058667821,,,,-1.725413245
2001-06-24,1.712285942,-0.05058667821,,,,-1.707456419
2001-06-25,1.740083044,0.03065685672,,,,-1.689867075
2001-06-26,1.723893435,0.02951080699,,,,-1.467897795
2001-06-27,1.708011355,0.02836449151,,,,-1.287590142
2001-06-28,1.692426214,0.02721790555,,,,-1.377870293
2001-06-29,1.677127924,0.02607104438,,,,-1.639637573
2001-06-30,1.662106869,-0.05637347349,,,,-1.920076199
2001-07-01,1.647353878,-0.05637347349,,,,-1.900066971
2001-07-02,1.685630332,0.04670947522,,,,-1.880508608
2001-07-03,1.671566961,0.04797191514,,,,-1.951275508
2001-07-04,1.65774136,0.04923508522,,,,-1.882257402
2001-07-05,1.644146223,0.05049899228,,,,-1.860727057
2001-07-06,1.630774555,0.05176364319,,,,-1.492096247
2001-07-07,1.617619653,-0.0501894681,,,,-1.018027171
2001-07-08,1.604675093,-0.0501894681,,,,-1.010550748
2001-07-09,1.50140626,-0.2344452835,,,,-1.003135394
2001-07-10,1.489991705,-0.2343953144,,,,-0.7425549095
2001-07-11,1.478738474,-0.2343453469,,,,-0.5101270115
2001-07-12,1.467642287,-0.2342953812,,,,-0.2809726895
2001-07-13,1.456699018,-0.234245417,,,,-0.8556943415
2001-07-14,1.445904691,-0.04994965082,,,,-1.135690064
2001-07-15,1.435255473,-0.04994965082,,,,-1.130102547
2001-07-16,1.268803085,-0.3765288382,,,,-1.124556324
2001-07-17,1.259222129,-0.3786010429,,,,-0.593703151
2001-07-18,1.24975239,-0.3806789003,,,,-0.6798728426
2001-07-19,1.240391209,-0.3827624563,,,,-0.3822128201
2001-07-20,1.231136012,-0.3848517574,,,,-0.7015483245
2001-07-21,1.221984307,-0.05869740568,,,,-0.7458526858
2001-07-22,1.212933679,-0.05869740568,,,,-0.7395103488
2001-07-23,1.220151783,-0.024057599,,,,-0.7331921005
2001-07-24,1.211047462,-0.02432518505,,,,-0.3088521329
2001-07-25,1.20204266,-0.02459278118,,,,0.143407693
2001-07-26,1.193135077,-0.02486038744,,,,-0.2265871713
2001-07-27,1.184322482,-0.0251280039,,,,-0.5213532408
2001-07-28,1.175602713,-0.06003810854,,,,-0.8202224528
2001-07-29,1.166973669,-0.06003810854,,,,-0.8157909847
2001-07-30,1.212845607,0.05848893824,,,,-0.8113817924
2001-07-31,1.203412515,0.05693169981,,,,-0.599722612
2001-08-01,1.194083679,0.05537391316,,,,-0.913120107
2001-08-02,1.184856597,0.05381556622,,,,-1.219949955
2001-08-03,1.175728846,0.05225664687,,,,-1.348600766
2001-08-04,1.166698074,-0.06796132276,,,,-1.395982663
2001-08-05,1.157762005,-0.06796132276,,,,-1.383937389
2001-08-06,0.6297676471,-1.216396803,,,,-1.37206288
2001-08-07,0.6252097658,-1.20895392,,,,-0.7761862391
2001-08-08,0.6206668842,-1.201581916,,,,-1.027456082
2001-08-09,0.6161387168,-1.194279429,,,,-0.6358054352
2001-08-10,0.6116249813,-1.187045133,,,,-0.7973865261
2001-08-11,0.6071253985,-0.04723956741,,,,-1.143234793
2001-08-12,0.6026396919,-0.04723956741,,,,-1.134042753
2001-08-13,0.5327220397,-0.1913328894,,,,-1.124943255
2001-08-14,0.5278332462,-0.1935293938,,,,-1.153960644
2001-08-15,0.5229524191,-0.1957308585,,,,-1.128188649
2001-08-16,0.5180791931,-0.1979373324,,,,-0.9949485721
2001-08-17,0.5132132028,-0.200148865,,,,-0.8046302439
2001-08-18,0.5083540833,-0.05759750185,,,,-0.1317318098
2001-08-19,0.5035014698,-0.05759750185,,,,-0.1334736765
2001-08-20,1.910508444,3.012453016,,,,-0.1352179624
2001-08-21,1.889012817,2.967861771,,,,-0.4193799715
2001-08-22,1.868030071,2.924976117,,,,0.03062438787
2001-08-23,1.847538327,2.883687271,,,,-0.5434983847
2001-08-24,1.827516988,2.843895946,,,,-0.6016915286
2001-08-25,1.807946643,-0.08136706859,,,,-1.329610506
2001-08-26,1.788808981,-0.08136706859,,,,-1.318257175
2001-08-27,1.569127876,-0.5203827037,,,,-1.307052887
2001-08-28,1.555995481,-0.5162421933,,,,-1.051180464
2001-08-29,1.543071996,-0.5121103804,,,,-0.6264615564
2001-08-30,1.530351225,-0.5079870524,,,,-0.3193914529
2001-08-31,1.517827227,-0.503871998,,,,0.3876354878
2001-09-01,1.505494301,-0.06062556738,,,,0.2463341323
2001-09-02,1.493346969,-0.06062556738,,,,0.2499207756
2001-09-03,1.26773417,-0.5425423982,,,,0.2535251371
2001-09-04,1.257478986,-0.5467648194,,,,0.2571474921
2001-09-05,1.247346847,-0.5510170308,,,,0.5394941964
2001-09-06,1.237334612,-0.5552995153,,,,0.6925373118
2001-09-07,1.227439247,-0.5596127667,,,,1.363726958
2001-09-08,1.217657816,-0.07568529764,,,,2.055395528
2001-09-09,1.207987478,-0.07568529764,,,,2.036232715
2001-09-10,1.156928715,-0.1706554471,,,,2.017478526
2001-09-11,1.148730343,-0.1676097087,,,,2.240532813
2001-09-12,1.140612802,-0.1645612542,,,,2.22902946
2001-09-13,1.132574367,-0.161509984,,,,2.20358559
2001-09-14,1.124613358,-0.1584557976,,,,2.179918362
2001-09-15,1.116728144,-0.06007726927,,,,2.162982834
2001-09-16,1.111216872,-0.05466776403,,,,2.146360788
2001-09-17,1.103489897,-0.05458002074,,,,2.130042198
2001-09-18,1.095834066,-0.05449227853,,,,4.686715658
2001-09-19,1.088247919,-0.05440453742,,,,3.795254458
2001-09-20,1.080730036,-0.0543167974,,,,4.081433428
2001-09-21,1.073279033,-0.0596384616,,,,4.650108008
2001-09-22,1.065893565,-0.0596384616,,,,4.214706583
2001-09-23,1.058572318,-0.0596384616,,,,4.057471927
2001-09-24,1.15064635,0.1745308087,,,,3.915494394
2001-09-25,1.141408813,0.1674538174,,,,2.793055745
2001-09-26,1.132265542,0.1602918305,,,,2.343293758
2001-09-27,1.123214243,0.1530406073,,,,2.196832921
2001-09-28,1.114252683,0.1456956413,,,,1.910413032
2001-09-29,1.1053787,-0.104741846,,,,1.466890212
2001-09-30,1.096590188,-0.104741846,,,,1.453887692
2001-10-01,1.217760082,0.2194665818,,,,1.441084842
2001-10-02,1.207850965,0.2184933743,,,,1.507251399
2001-10-03,1.198053919,0.2175205509,,,,1.263482573
2001-10-04,1.188366128,0.2165481089,,,,1.285263016
2001-10-05,1.178784866,0.2155760455,,,,1.401070733
2001-10-06,1.169307495,-0.1094536453,,,,1.671784746
2001-10-07,1.159931457,-0.1094536453,,,,1.654853127
2001-10-08,1.11510507,-0.206479023,,,,1.638250144
2001-10-09,1.107205509,-0.211827822,,,,1.959801115
2001-10-10,1.099399793,-0.217223189,,,,1.880251233
2001-10-11,1.091686858,-0.2226662902,,,,1.233495836
2001-10-12,1.08406573,-0.22815833,,,,1.203906066
2001-10-13,1.07653552,-0.1347341593,,,,1.9208437
2001-10-14,1.069095431,-0.1347341593,,,,1.898453598
2001-10-15,1.040348871,-0.1798759265,,,,1.87661422
2001-10-16,1.032124501,-0.1740940624,,,,1.862775165
2001-10-17,1.023969667,-0.1682732578,,,,1.385422091
2001-10-18,1.015882735,-0.1624120565,,,,1.785620398
2001-10-19,1.007862112,-0.1565089462,,,,1.742350594
2001-10-20,0.999906243,-0.1045124015,,,,1.568382189
2001-10-21,0.9920136123,-0.1045124015,,,,1.55336209
2001-10-22,0.7576483727,-0.68067836,,,,1.538603508
2001-10-23,0.7512514103,-0.6778479175,,,,1.181609658
2001-10-24,0.7448799533,-0.6750263941,,,,1.125897506
2001-10-25,0.7385331945,-0.6722137072,,,,0.9230996169
2001-10-26,0.7322103325,-0.6694097753,,,,0.6398920979
2001-10-27,0.7259105718,-0.09295971738,,,,0.4416612187
2001-10-28,0.7196331216,-0.09295971738,,,,0.4373014731
2001-10-29,0.547276011,-0.5165266402,,,,0.4329453531
2001-10-30,0.5411643099,-0.5238596529,,,,1.026353275
2001-10-31,0.5350463234,-0.531295026,,,,1.354692831
2001-11-01,0.5289208541,-0.5388359025,,,,1.362455689
2001-11-02,0.5227866681,-0.5464855608,,,,1.123968506
2001-11-03,0.5166424926,-0.119103106,,,,0.8246534529
2001-11-04,0.5104870122,-0.119103106,,,,0.8210334886
2001-11-05,0.403541424,-0.3670066665,,,,0.8174295297
2001-11-06,0.3969810353,-0.3678501238,,,,0.7741748289
2001-11-07,0.3903754322,-0.3686943749,,,,0.4597075364
2001-11-08,0.3837216386,-0.3695394225,,,,0.5196590396
2001-11-09,0.3770164881,-0.3703852692,,,,0.4254888325
2001-11-10,0.3702566047,-0.1229129995,,,,0.2086868597
2001-11-11,0.3634383817,-0.1229129995,,,,0.2086792517
2001-11-12,0.4265478419,0.04080749481,,,,0.2086716438
2001-11-13,0.4202231416,0.04443775546,,,,0.5576351008
2001-11-14,0.4138669377,0.0480815277,,,,0.02839537847
2001-11-15,0.4074771507,0.05173906134,,,,0.04315706344
2001-11-16,0.401051596,0.05541061064,,,,-0.1414805883
2001-11-17,0.3945879753,-0.1061165201,,,,-0.2310866128
2001-11-18,0.3880838669,-0.1061165201,,,,-0.2306689139
2001-11-19,0.1269854672,-0.6664685789,,,,-0.2302513139
2001-11-20,0.1218702883,-0.6603021074,,,,-0.3383134643
2001-11-21,0.1167275037,-0.6541489537,,,,-0.3982319165
2001-11-22,0.1115562605,-0.6480083048,,,,-0.381586578
2001-11-23,0.1063556805,-0.6418793445,,,,-0.3784242145
2001-11-24,0.1011248593,-0.06206957489,,,,-0.5465956962
2001-11-25,0.09586286473,-0.06206957489,,,,-0.5419150322
2001-11-26,-0.4317498412,-1.211464369,,,,-0.537244066
2001-11-27,-0.4362808367,-1.202871326,,,,-0.4336855932
2001-11-28,-0.4408459435,-1.194368604,,,,-0.390418082
2001-11-29,-0.4454457903,-1.185954219,,,,-0.035712333
2001-11-30,-0.4500810212,-1.177626248,,,,-0.1636746995
2001-12-01,-0.4547522967,-0.03592324858,,,,-0.4076525149
2001-12-02,-0.4594602939,-0.03592324858,,,,-0.4031949571
2001-12-03,-0.8663276175,-0.894543862,,,,-0.3987382474
2001-12-04,-0.8693140169,-0.8892751059,,,,-0.03743161979
2001-12-05,-0.8723148408,-0.8840382512,,,,-0.3496755997
2001-12-06,-0.8753302308,-0.8788328057,,,,-0.5427287587
2001-12-07,-0.8783603302,-0.8736582866,,,,-0.410492284
2001-12-08,-0.8814052847,-0.01641174138,,,,-0.4476832809
2001-12-09,-0.8844652414,-0.01641174138,,,,-0.4439362629
2001-12-10,-0.5546674647,0.6805696131,,,,-0.4401946909
2001-12-11,-0.558252185,0.6782411664,,,,-0.0395825549
2001-12-12,-0.561857759,0.6759190802,,,,-0.09281512207
2001-12-13,-0.5654844682,0.6736033065,,,,-0.167425989
2001-12-14,-0.569132599,0.6712937974,,,,0.03164715234
2001-12-15,-0.5728024431,-0.02520266989,,,,-0.2051208891
2001-12-16,-0.5764942979,-0.02520266989,,,,-0.2003175572
2001-12-17,-1.357729829,-1.617224714,,,,-0.1954970731
2001-12-18,-1.363319502,-1.612519571,,,,-0.2607742718
2001-12-19,-1.368955942,-1.607843398,,,,-0.4413360326
2001-12-20,-1.374639865,-1.603195874,,,,-0.5722937642
2001-12-21,-1.380372006,-1.598576683,,,,-0.3624292456
2001-12-22,-1.386153113,-0.01793234447,,,,-0.5824358031
2001-12-23,-1.391983954,-0.01793234447,,,,-0.5793222097
2001-12-24,-0.3976491972,1.984940879,,,,-0.5762172179
2001-12-25,-0.4144534103,1.969934307,,,,-0.550266669
2001-12-26,-0.4320079708,1.955412815,,,,-0.547681086
2001-12-27,-0.4988573568,1.851922838,,,,-0.6086628896
2001-12-28,-0.5188143663,1.839839304,,,,-0.7390131469
2001-12-29,-0.5398113268,-0.1882263522,,,,-0.771162563
2001-12-30,-0.5619604448,-0.1878542671,,,,-0.7672636671
2001-12-31,-0.5706583616,-0.1795049842,,,,-0.7633818381
2002-01-01,-0.5795053954,-0.07775332808,,,,-0.306256593
2002-01-02,-0.5885069929,-0.06821411571,,,,-0.3028842191
2002-01-03,-0.5163395209,0.08922480128,,,,-0.5055923651
2002-01-04,-0.5255467779,0.1007665483,,,,-0.7605521651
2002-01-05,-0.5349259426,0.1001683715,,,,-0.9246628842
2002-01-06,-0.5444839281,0.09957024845,,,,-0.9205408619
2002-01-07,-0.5594756162,0.09510145391,,,,-0.9164405581
2002-01-08,-0.5749863698,-0.05984788229,,,,-0.632931065
2002-01-09,-0.5910533573,-0.06411445935,,,,-0.6513470732
2002-01-10,-0.6077176226,-0.06840317025,,,,-0.5930514939
2002-01-11,-0.6250246247,-0.07271448525,,,,-0.5470026498
2002-01-12,-0.6430248727,-0.07271448525,,,,-0.5008077902
2002-01-13,-0.6617746766,-0.07271448525,,,,-0.4996481223
2002-01-14,-0.3007886871,0.5447185312,,,,-0.4984898538
2002-01-15,-0.3136366383,0.5448233885,,,,-0.3137952201
2002-01-16,-0.3269028375,0.5449282599,,,,-0.4772163908
2002-01-17,-0.3406179829,0.5450331452,,,,-0.3359993711
2002-01-18,-0.354816055,0.5451380447,,,,-0.5591572724
2002-01-19,-0.3695347879,-0.07232850766,,,,-0.5076980967
2002-01-20,-0.3848162263,-0.07232850766,,,,-0.5067819386
2002-01-21,0.8874750777,1.823656131,,,,-0.5058666945
2002-01-22,0.8850666859,1.805028872,,,,-0.5043514745
2002-01-23,0.8829552345,1.786798178,,,,-0.3005124844
2002-01-24,0.8811670745,1.768948859,,,,-0.6238913473
2002-01-25,0.8797323472,1.751466526,,,,-0.7599800986
2002-01-26,0.8786856708,-0.1031681896,,,,-0.785883938
2002-01-27,0.8780669843,-0.1031681896,,,,-0.7856223291
2002-01-28,0.6438512297,-0.3962554501,,,,-0.785360819
2002-01-29,0.638341991,-0.389676715,,,,-0.7615267214
2002-01-30,0.6328484656,-0.3830560304,,,,-0.1640655107
2002-01-31,0.6273701435,-0.3763914588,,,,-0.3764368708
2002-02-01,0.6219065177,-0.3696811291,,,,-0.7756588764
2002-02-02,0.6164570837,-0.04217470859,,,,-0.7706742178
2002-02-03,0.6110213395,-0.04217470859,,,,-0.7713058645
2002-02-04,-0.1012890982,-1.072772035,,,,-0.7719381071
2002-02-05,-0.09491116756,-1.080378929,,,,-0.07258814264
2002-02-06,-0.08847134867,-1.089502879,,,,0.03380767266
2002-02-07,-0.0819672171,-1.100393738,,,,0.1515652618
2002-02-08,-0.07539623367,-1.113362663,,,,-0.03438966257
2002-02-09,-0.06875573688,0.05570231202,,,,-0.383594419
2002-02-10,-0.06204293463,0.05570231202,,,,-0.3851016898
2002-02-11,0.9821552976,1.670040605,,,,-0.3866117884
2002-02-12,0.9836628206,1.653312488,,,,-0.6657776226
2002-02-13,0.985173873,1.636907587,,,,-0.6983924318
2002-02-14,0.9866884711,1.620814297,,,,-0.844237141
2002-02-15,0.9882066315,1.605021583,,,,-0.6731456936
2002-02-16,0.9897283707,0.00560358628,,,,-0.5624393334
2002-02-17,0.9912537056,0.00560358628,,,,-0.5651095049
2002-02-18,1.316595279,0.5020526439,,,,-0.5677907224
2002-02-19,1.31497858,0.4997468144,,,,-0.5695713797
2002-02-20,1.313365602,0.4974455168,,,,-0.1813541553
2002-02-21,1.311756328,0.4951487099,,,,-0.5192934582
2002-02-22,1.310150741,0.4928563533,,,,-0.3028652476
2002-02-23,1.308548827,-0.004671462518,,,,-0.4818749965
2002-02-24,1.306950569,-0.004671462518,,,,-0.4819216671
2002-02-25,0.973009743,-0.5141066013,,,,-0.4819683403
2002-02-26,0.9678414927,-0.5207225004,,,,-0.6747945175
2002-02-27,0.9627065045,-0.5274194996,,,,-0.7045164135
2002-02-28,0.9576042918,-0.5341998106,,,,-0.7404052597
2002-03-01,0.9525343776,-0.5410657298,,,,-0.7241843133
2002-03-02,0.9474962935,-0.02649232077,,,,-1.034613936
2002-03-03,0.9424895802,-0.02649232077,,,,-1.034520111
2002-03-04,0.8544409177,-0.1588673005,,,,-1.0344263
2002-03-05,0.8505360701,-0.1578818174,,,,-0.9313294893
2002-03-06,0.8466499578,-0.1568965535,,,,-0.9681565957
2002-03-07,0.8427823625,-0.1559115059,,,,-1.035270877
2002-03-08,0.838933069,-0.1549266715,,,,-1.016295789
2002-03-09,0.8351018654,-0.0215882311,,,,-1.163140519
2002-03-10,0.8312885429,-0.0215882311,,,,-1.163518217
2002-03-11,0.8630230051,0.03541794379,,,,-1.163896128
2002-03-12,0.8593597438,0.03575074675,,,,-1.057230291
2002-03-13,0.855713361,0.03608357089,,,,-1.106020827
2002-03-14,0.8520836724,0.03641641633,,,,-1.131758709
2002-03-15,0.8484704964,0.03674928317,,,,-1.179795943
2002-03-16,0.8448736538,-0.01993145031,,,,-1.322724717
2002-03-17,0.8412929681,-0.01993145031,,,,-1.317052787
2002-03-18,0.9362206985,0.1400875009,,,,-1.31142427
2002-03-19,0.9311271413,0.1384548959,,,,-1.209447468
2002-03-20,0.9260651104,0.1368222963,,,,-1.34646373
2002-03-21,0.921034145,0.1351896886,,,,-1.281815038
2002-03-22,0.9160337928,0.1335570597,,,,-1.333211189
2002-03-23,0.91106361,-0.02818829579,,,,-1.39794575
2002-03-24,0.9061231609,-0.02818829579,,,,-1.391685824
2002-03-25,0.7543359007,-0.2696693919,,,,-1.385478194
2002-03-26,0.7496351352,-0.270571552,,,,-1.247113242
2002-03-27,0.7449561958,-0.2714744752,,,,-1.30470441
2002-03-28,0.7402987487,-0.2723781644,,,,-1.37469736
2002-03-29,0.7356624655,-0.2732826225,,,,-1.421007209
2002-03-30,0.7310470225,-0.03233223243,,,,-1.412505029
2002-03-31,0.7264521011,-0.03233223243,,,,-1.40409625
2002-04-01,0.7042808444,-0.06141105992,,,,-1.395778941
2002-04-02,0.6999412698,-0.06110391824,,,,-1.148273375
2002-04-03,0.6956194433,-0.06079678658,,,,-1.063776293
2002-04-04,0.6913151032,-0.06048966486,,,,-0.872236892
2002-04-05,0.6870279917,-0.06018255298,,,,-0.9441277626
2002-04-06,0.6827578542,-0.03079758284,,,,-1.057211767
2002-04-07,0.6785044399,-0.03079758284,,,,-1.053442004
2002-04-08,1.094843551,0.6698913236,,,,-1.049691723
2002-04-09,1.087332227,0.6671842073,,,,-0.960173445
2002-04-10,1.079888089,0.6644852396,,,,-0.9824703605
2002-04-11,1.072509788,0.6617943479,,,,-1.207164969
2002-04-12,1.065196012,0.6591114605,,,,-0.8315440493
2002-04-13,1.057945479,-0.04130846773,,,,-0.9876827921
2002-04-14,1.050756942,-0.04130846773,,,,-0.9870393636
2002-04-15,0.9926046124,-0.132316871,,,,-0.9863965477
2002-04-16,0.9847934976,-0.139012562,,,,-0.91275903
2002-04-17,0.977042891,-0.1457896705,,,,-1.212373027
2002-04-18,0.9693513933,-0.1526510291,,,,-1.15029166
2002-04-19,0.9617176376,-0.1595996029,,,,-0.9949460993
2002-04-20,0.9541402882,-0.07288861494,,,,-1.16662819
2002-04-21,0.946618039,-0.07288861494,,,,-1.16327253
2002-04-22,0.520192206,-0.7913210855,,,,-1.159932677
2002-04-23,0.5144086641,-0.7883968879,,,,-0.9003933393
2002-04-24,0.5086226532,-0.7854833624,,,,-0.810431478
2002-04-25,0.5028333409,-0.7825804127,,,,-0.7240795269
2002-04-26,0.4970398792,-0.7796879438,,,,-0.6918200854
2002-04-27,0.4912414038,-0.06224018197,,,,-0.4811615136
2002-04-28,0.4854370327,-0.06224018197,,,,-0.4797864482
2002-04-29,0.7267826215,0.3642766168,,,,-0.4784132148
2002-04-30,0.7302903846,0.3971399842,,,,-0.1437561291
2002-05-01,0.7338184219,0.433982824,,,,-0.5177365496
2002-05-02,0.7373669824,0.4758530006,,,,-0.8400591772
2002-05-03,0.7409363196,0.5242403061,,,,-0.8359839148
2002-05-04,0.7445266911,0.02147921119,,,,-0.8155223852
2002-05-05,0.748138359,0.02147921119,,,,-0.8160909834
2002-05-06,1.076874685,0.7042906326,,,,-0.8166600679
2002-05-07,1.075129892,0.6984883979,,,,-0.4026830332
2002-05-08,1.073389506,0.6927074275,,,,-0.5114651318
2002-05-09,1.071653506,0.6869471349,,,,-0.7809133955
2002-05-10,1.069921869,0.6812069392,,,,-0.572700819
2002-05-11,1.068194573,-0.008913553416,,,,-0.4218459367
2002-05-12,1.066471598,-0.008913553416,,,,-0.4199531138
2002-05-13,0.6743035018,-0.8302661457,,,,-0.4180629515
2002-05-14,0.6729126985,-0.83087674,,,,-0.7102816845
2002-05-15,0.6715243442,-0.8314878973,,,,-0.9437432626
2002-05-16,0.6701384278,-0.8320996188,,,,-0.965063649
2002-05-17,0.6687549381,-0.8327119056,,,,-1.076812304
2002-05-18,0.6673738642,-0.01069436256,,,,-1.206256166
2002-05-19,0.6659951949,-0.01069436256,,,,-1.196578098
2002-05-20,0.3154662965,-0.7479997164,,,,-1.187008521
2002-05-21,0.3155009997,-0.7450236224,,,,-0.912066576
2002-05-22,0.3155357039,-0.7420580878,,,,-0.764527075
2002-05-23,0.3155704092,-0.7391030137,,,,-0.8396653281
2002-05-24,0.3156051155,-0.7361583026,,,,-1.067411376
2002-05-25,0.3156398229,0.0003310338787,,,,-0.9427626598
2002-05-26,0.315695654,0.0003712509733,,,,-0.935418903
2002-05-27,0.6727938445,0.750594039,,,,-0.928128004
2002-05-28,0.6709596922,0.7468111025,,,,-0.9285417775
2002-05-29,0.6691296371,0.7430439801,,,,-0.6717180265
2002-05-30,0.6673036547,0.7392924829,,,,-0.6540302833
2002-05-31,0.6654817206,0.7355167039,,,,-0.6126220788
2002-06-01,0.6636638104,-0.01434910364,,,,-0.7332378855
2002-06-02,0.6618499003,-0.01434910364,,,,-0.7351300992
2002-06-03,0.7005494786,0.0703984236,,,,-0.7379541497
2002-06-04,0.6995784661,0.07187092813,,,,-0.02973495704
2002-06-05,0.6986087099,0.07334468094,,,,0.09013889465
2002-06-06,0.6976402061,0.0748196935,,,,-0.1727583988
2002-06-07,0.6966729508,0.07629597734,,,,0.1701705461
2002-06-08,0.6957069398,-0.007134610785,,,,0.03665999065
2002-06-09,0.6947421694,-0.007134610785,,,,0.04427159914
2002-06-10,0.8153898848,0.2489759138,,,,0.05199774895
2002-06-11,0.8152896962,0.2504115372,,,,0.1069576233
2002-06-12,0.8151895223,0.2518492147,,,,0.2777165038
2002-06-13,0.8150893631,0.2532889591,,,,0.2181341693
2002-06-14,0.8149892186,0.2547307834,,,,0.4244522329
2002-06-15,0.8148890889,-0.000637799864,,,,0.6520873689
2002-06-16,0.8147889738,-0.000637799864,,,,0.6657739957
2002-06-17,0.7631079918,-0.1096517641,,,,0.6798590066
2002-06-18,0.7628488508,-0.1098771803,,,,0.3852517275
2002-06-19,0.762589806,-0.110102616,,,,0.3045097981
2002-06-20,0.7623308574,-0.110328071,,,,0.7577239516
2002-06-21,0.7620720048,-0.1105535456,,,,1.116224687
2002-06-22,0.7618132483,-0.001748246164,,,,1.080106811
2002-06-23,0.7615545876,-0.001748246164,,,,1.106814637
2002-06-24,0.6874804419,-0.1582252684,,,,1.134883189
2002-06-25,0.687422261,-0.157954138,,,,1.099203495
2002-06-26,0.6873640848,-0.157683037,,,,1.346028909
2002-06-27,0.6873059134,-0.1574119653,,,,1.534223301
2002-06-28,0.6872477467,-0.1571409229,,,,0.9847679581
2002-06-29,0.6871895848,-0.0004187461811,,,,0.7619857744
2002-06-30,0.6871314275,-0.0004187461811,,,,0.7873392936
2002-07-01,0.6750199457,-0.02485068694,,,,0.8141682994
2002-07-02,0.6725944402,-0.02880038784,,,,1.340623371
2002-07-03,0.6701757241,-0.0327667668,,,,1.912233558
2002-07-04,0.6677637433,-0.03675016297,,,,2.061065068
2002-07-05,0.6653584448,-0.04075092229,,,,2.061318137
2002-07-06,0.6629597757,-0.02004132472,,,,1.368436036
2002-07-07,0.6605676836,-0.02004132472,,,,1.373417345
2002-07-08,0.3415297954,-0.7025034374,,,,1.378435522
2002-07-09,0.3395178539,-0.7027849087,,,,1.74565966
2002-07-10,0.3375079577,-0.7030664939,,,,2.381859864
2002-07-11,0.3355000817,-0.703348193,,,,3.578445061
2002-07-12,0.3334942011,-0.7036300061,,,,3.47754536
2002-07-13,0.331490291,-0.02098603173,,,,3.169798508
2002-07-14,0.3294883268,-0.02098603173,,,,3.143046206
2002-07-15,-0.1015711958,-0.9447711819,,,,3.116896306
2002-07-16,-0.1026121721,-0.9414606713,,,,3.68011641
2002-07-17,-0.1036537514,-0.9381648904,,,,4.040287562
2002-07-18,-0.1046959377,-0.9348836972,,,,3.61480344
2002-07-19,-0.1057387348,-0.9316169511,,,,3.449199823
2002-07-20,-0.1067821468,-0.0108836538,,,,4.148085777
2002-07-21,-0.1078261777,-0.0108836538,,,,4.013994219
2002-07-22,-0.164018217,-0.1288148729,,,,3.891307889
2002-07-23,-0.164321459,-0.1272786411,,,,4.630772531
2002-07-24,-0.1646247517,-0.1257423925,,,,5.080031778
2002-07-25,-0.1649280953,-0.1242061162,,,,3.790023712
2002-07-26,-0.1652314899,-0.122669801,,,,3.554300623
2002-07-27,-0.1655349355,-0.003138427754,,,,2.683022913
2002-07-28,-0.1658384323,-0.003138427754,,,,2.637572877
2002-07-29,0.08197283256,0.5277769677,,,,2.594014884
2002-07-30,0.07899001162,0.5225497553,,,,1.699835102
2002-07-31,0.07600238154,0.517327988,,,,1.804961579
2002-08-01,0.07300983843,0.5121111847,,,,1.809523949
2002-08-02,0.07001227736,0.5068988621,,,,2.7709658
2002-08-03,0.06700959235,-0.03286378241,,,,3.54553745
2002-08-04,0.06400167639,-0.03286378241,,,,3.446457086
2002-08-05,-1.131773387,-2.561798409,,,,3.354494006
2002-08-06,-1.136660229,-2.544986723,,,,3.927212526
2002-08-07,-1.14158501,-2.528455706,,,,3.283098583
2002-08-08,-1.146548288,-2.512197379,,,,2.646473697
2002-08-09,-1.151550631,-2.496204077,,,,2.193998386
2002-08-10,-1.156592622,-0.01973176901,,,,1.995169107
2002-08-11,-1.161674853,-0.01973176901,,,,1.971751043
2002-08-12,-1.298489962,-0.2758513059,,,,1.948931213
2002-08-13,-1.312921852,-0.2815817117,,,,2.213369359
2002-08-14,-1.327689307,-0.2873689843,,,,1.981780093
2002-08-15,-1.342806691,-0.2932146124,,,,1.389852676
2002-08-16,-1.358289248,-0.299120137,,,,0.8950207926
2002-08-17,-1.374153176,-0.04355856186,,,,0.7870987995
2002-08-18,-1.390415703,-0.04355856186,,,,0.7826360075
2002-08-19,-1.495392154,-0.2335721023,,,,0.7781947181
2002-08-20,-1.501389762,-0.228703957,,,,0.7422481962
2002-08-21,-1.507439029,-0.2238196348,,,,0.900770061
2002-08-22,-1.513540759,-0.2189185418,,,,0.6724656121
2002-08-23,-1.519695775,-0.21400007,,,,0.5914204497
2002-08-24,-1.525904918,-0.0166564755,,,,0.847086755
2002-08-25,-1.53216905,-0.0166564755,,,,0.8428183089
2002-08-26,-1.191213568,0.7088500292,,,,0.8385714882
2002-08-27,-1.225729374,0.70533996,,,,0.9272693633
2002-08-28,-1.262461317,0.7020289619,,,,0.9573145244
2002-08-29,-1.301676791,0.6989368049,,,,1.47153206
2002-08-30,-1.343691037,0.6960863364,,,,1.515331649
2002-08-31,-1.388878783,-0.09195925405,,,,1.336476985
2002-09-01,-1.437689551,-0.09195925405,,,,1.325518054
2002-09-02,-1.581516145,-0.3329989113,,,,1.314701889
2002-09-03,-1.586873921,-0.3260642098,,,,1.304069562
2002-09-04,-1.592271671,-0.3190998435,,,,2.44190352
2002-09-05,-1.599305574,-0.3118995283,,,,2.014524859
2002-09-06,-1.606408626,-0.3046465742,,,,2.206706633
2002-09-07,-1.613582046,-0.01696165078,,,,1.791873793
2002-09-08,-1.620827086,-0.01774348623,,,,1.772421432
2002-09-09,-1.470631273,0.3046739358,,,,1.753394495
2002-09-10,-1.479607709,0.3033307073,,,,1.753324087
2002-09-11,-1.488702544,0.3019884835,,,,1.530469929
2002-09-12,-1.495472645,0.3018961904,,,,1.4760849
2002-09-13,-1.502308968,0.3018039042,,,,1.861134936
2002-09-14,-1.509212686,-0.02134631912,,,,1.593068251
2002-09-15,-1.516185001,-0.02014701431,,,,1.577614313
2002-09-16,-0.8579294092,1.299426157,,,,1.562436677
2002-09-17,-0.8682943278,1.289861963,,,,1.681496264
2002-09-18,-0.878858009,1.280410403,,,,1.847766947
2002-09-19,-0.8896279215,1.27106881,,,,1.756800542
2002-09-20,-0.9006119352,1.261834603,,,,2.182567338
2002-09-21,-0.9118183493,-0.04455884493,,,,1.918248308
2002-09-22,-0.9232559235,-0.04455884493,,,,1.895857566
2002-09-23,-0.5032623263,0.7512862665,,,,1.874017054
2002-09-24,-0.5091760182,0.7541481511,,,,1.949454627
2002-09-25,-0.5151526782,0.757023262,,,,2.041117658
2002-09-26,-0.5211938239,0.7599117288,,,,1.581157447
2002-09-27,-0.5273010239,0.7628136832,,,,1.192837621
2002-09-28,-0.5334758998,-0.0365842901,,,,1.506735647
2002-09-29,-0.5397201286,-0.0365842901,,,,1.492838967
2002-09-30,0.2281287729,1.406416942,,,,1.479167735
2002-10-01,0.2294035272,1.453860327,,,,1.830344089
2002-10-02,0.230679778,1.505189805,,,,1.065542051
2002-10-03,0.2319575338,1.561000801,,,,1.420289896
2002-10-04,0.2332368031,1.622025764,,,,1.471536821
2002-10-05,0.2345175947,0.01231045692,,,,1.742483628
2002-10-06,0.2357999171,0.01231045692,,,,1.724178979
2002-10-07,0.4148838488,0.3852131124,,,,1.706255228
2002-10-08,0.4139026702,0.3811828341,,,,2.100518548
2002-10-09,0.4129223574,0.3771542445,,,,1.865667367
2002-10-10,0.4119429071,0.3731271324,,,,1.986058735
2002-10-11,0.4109643159,0.3691012862,,,,1.379197182
2002-10-12,0.4099865804,-0.009149768748,,,,1.130528622
2002-10-13,0.4090096973,-0.009149768748,,,,1.121497293
2002-10-14,0.2528881937,-0.3398734848,,,,1.11255515
2002-10-15,0.2487964865,-0.3509017001,,,,1.147831049
2002-10-16,0.2446988449,-0.3622108288,,,,0.8823300512
2002-10-17,0.2405949985,-0.3738170285,,,,1.128746029
2002-10-18,0.2364846735,-0.3857377939,,,,0.87951342
2002-10-19,0.2323675927,-0.04902129845,,,,0.800759126
2002-10-20,0.2282434751,-0.04902129845,,,,0.794960177
2002-10-21,-1.031692079,-2.818419303,,,,0.7891916838
2002-10-22,-1.023826209,-2.80920911,,,,0.7297977644
2002-10-23,-1.016026341,-2.801636001,,,,0.8482742909
2002-10-24,-1.008291021,-2.795746503,,,,0.7287136641
2002-10-25,-1.000618827,-2.791598708,,,,0.8281966148
2002-10-26,-0.9930083765,0.07256262558,,,,0.3102860621
2002-10-27,-0.9854583182,0.07256262558,,,,0.3066326648
2002-10-28,-1.402724229,-0.8993754091,,,,0.3029788935
2002-10-29,-1.390728346,-0.8921830889,,,,0.4356179625
2002-10-30,-1.378906238,-0.8850355319,,,,0.584966352
2002-10-31,-1.367253056,-0.8779316343,,,,0.4477961463
2002-11-01,-1.355764143,-0.8708703117,,,,0.4326105487
2002-11-02,-1.344435022,0.1132096327,,,,0.1940157287
2002-11-03,-1.333261388,0.1132096327,,,,0.1908810999
2002-11-04,-0.7518055517,1.431746185,,,,0.1877440548
2002-11-05,-0.7459793947,1.419120644,,,,0.3784485331
2002-11-06,-0.7401794351,1.406683377,,,,0.4265965164
2002-11-07,-0.7344050848,1.394428854,,,,0.3580426238
2002-11-08,-0.7286557634,1.382351762,,,,0.4421917394
2002-11-09,-0.7229308983,0.06511366791,,,,0.1789642935
2002-11-10,-0.7172299244,0.06511366791,,,,0.1744938415
2002-11-11,-0.6414999929,0.22537345,,,,0.1700092741
2002-11-12,-0.6365107343,0.2236515734,,,,0.4099795946
2002-11-13,-0.6315377684,0.2219304022,,,,0.3118398595
2002-11-14,-0.6265807246,0.2202099212,,,,0.3925987255
2002-11-15,-0.6216392361,0.218490115,,,,0.0534649497
2002-11-16,-0.6167129394,0.0565164355,,,,-0.2146760147
2002-11-17,-0.6118014743,0.0565164355,,,,-0.2191008594
2002-11-18,0.1745229383,1.833832135,,,,-0.2235546785
2002-11-19,0.1767014771,1.815222257,,,,-0.09493106231
2002-11-20,0.1788847117,1.797008353,,,,-0.1323673618
2002-11-21,0.181072689,1.7791753,,,,-0.4129905755
2002-11-22,0.1832654564,1.761708772,,,,-0.6170837472
2002-11-23,0.1854630616,0.02242584309,,,,-0.7078065619
2002-11-24,0.1876655528,0.02242584309,,,,-0.7121528842
2002-11-25,0.9289631134,1.644033576,,,,-0.7165311738
2002-11-26,0.9283488901,1.630460509,,,,-0.5988972609
2002-11-27,0.9277352225,1.617110233,,,,-0.3491285048
2002-11-28,0.9271221096,1.603976055,,,,-0.1819390798
2002-11-29,0.9265095503,1.59105156,,,,-0.1875625207
2002-11-30,0.9258975437,-0.003616013607,,,,-0.159536021
2002-12-01,0.9252860886,-0.003616013607,,,,-0.1655280968
2002-12-02,0.3412642158,-1.257771164,,,,-0.1715813041
2002-12-03,0.342591348,-1.251205361,,,,-0.1827103774
2002-12-04,0.343920506,-1.244696555,,,,-0.06838295259
2002-12-05,0.3452517005,-1.238243778,,,,0.007354203864
2002-12-06,0.3465849423,-1.231846088,,,,0.1657153201
2002-12-07,0.3479202423,0.01207777842,,,,-0.0117244623
2002-12-08,0.3492576113,0.01207777842,,,,-0.0182400778
2002-12-09,0.7432205841,0.8429793101,,,,-0.02482755904
2002-12-10,0.7424245143,0.8382710434,,,,0.2399741192
2002-12-11,0.7416293201,0.8335879724,,,,-0.05460417521
2002-12-12,0.7408349993,0.8289297406,,,,-0.2031717082
2002-12-13,0.7400415495,0.8242959978,,,,-0.2761483381
2002-12-14,0.7392489687,-0.005565532349,,,,-0.1533108454
2002-12-15,0.7384572544,-0.005565532349,,,,-0.1592038278
2002-12-16,0.8882213739,0.3094456172,,,,-0.1651551444
2002-12-17,0.8909061289,0.3145088672,,,,-0.4547580122
2002-12-18,0.8936024425,0.3196146672,,,,-0.3987749123
2002-12-19,0.8963104151,0.324763962,,,,-0.1650707844
2002-12-20,0.8990301488,0.3299577243,,,,0.1143454454
2002-12-21,0.9017617465,0.01472492704,,,,-0.4127857195
2002-12-22,0.9045053127,0.01472492704,,,,-0.4188603328
2002-12-23,1.553581878,1.389941902,,,,-0.4250017775
2002-12-24,1.548888389,1.378614836,,,,-0.5076329263
2002-12-25,1.544224115,1.367442556,,,,-0.471403928
2002-12-26,1.539588726,1.356420882,,,,-0.4788226403
2002-12-27,1.534981899,1.345545786,,,,-0.3507510734
2002-12-28,1.530403313,-0.01570505189,,,,-0.02259532644
2002-12-29,1.712398042,0.3825729099,,,,-0.02968601161
2002-12-30,1.698732187,0.3769906755,,,,-0.0368694791
2002-12-31,1.685291497,0.3713930363,,,,-0.03218567977
2003-01-01,1.672069276,0.3657790685,,,,-0.1956965524
2003-01-02,1.659059103,0.360147823,,,,-0.2014399547
2003-01-03,1.646254817,-0.05071818375,,,,-0.7192510538
2003-01-04,1.633650505,-0.05071818375,,,,-0.8353232793
2003-01-05,1.62124049,-0.05071818375,,,,-0.8383380747
2003-01-06,0.7813225741,-1.90033173,,,,-0.8413676073
2003-01-07,0.7814940294,-1.878467469,,,,-0.8054858666
2003-01-08,0.781665528,-1.85713091,,,,-0.7739397417
2003-01-09,0.7818370698,-1.836299169,,,,-0.7161191451
2003-01-10,0.7820086548,-1.815950724,,,,-0.9281787139
2003-01-11,0.7821802831,0.001142018683,,,,-0.9225891794
2003-01-12,0.7823519547,0.001142018683,,,,-0.9283724432
2003-01-13,1.76931842,2.130848265,,,,-0.9342123485
2003-01-14,1.761898055,2.111274385,,,,-0.8423280549
2003-01-15,1.754546286,2.092120116,,,,-0.8997318945
2003-01-16,1.747261987,2.073369863,,,,-0.7519460794
2003-01-17,1.740044057,2.055008831,,,,-0.8385892312
2003-01-18,1.732891422,-0.02114975631,,,,-0.7285002337
2003-01-19,1.72580303,-0.02114975631,,,,-0.7322491195
2003-01-20,0.6978664846,-2.193268261,,,,-0.7360213401
2003-01-21,0.6978402814,-2.174013655,,,,-0.742121695
2003-01-22,0.6978140793,-2.155160225,,,,-0.4352472277
2003-01-23,0.697787878,-2.136693539,,,-0.2,-0.2050446247
2003-01-24,0.6977616778,-2.118599885,,,-0.23,-0.4644131517
2003-01-25,0.6977354785,-0.0001815368692,,,-0.29,0.205097232
2003-01-26,0.6977092802,-0.0001815368692,,,-0.29,0.1975363964
2003-01-27,1.556392087,1.777189155,,,-0.32,0.1898662953
2003-01-28,1.543761487,1.758714564,,,-0.26,0.7403773904
2003-01-29,1.531325497,1.740634528,,,-0.1,0.2476443638
2003-01-30,1.519078529,1.722933958,,,-0.2,0.12155532
2003-01-31,1.507015215,1.705598564,,,-0.21,0.1242055759
2003-02-01,1.495130398,-0.05430715767,,,-0.22,0.08916227817
2003-02-02,1.483419118,-0.05430715767,,,-0.22,0.08104658055
2003-02-03,0.5147717119,-2.049517443,,,-0.19,0.07279069657
2003-02-04,0.5154531063,-2.024473123,,,-0.14,0.03640072415
2003-02-05,0.5161351081,-2.000108882,,,-0.18,0.355762438
2003-02-06,0.5168177188,-1.976392482,,,-0.19,0.4021687876
2003-02-07,0.51750094,-1.953293792,,,-0.16,0.4548362063
2003-02-08,0.518184773,0.005290756822,,,-0.18,0.575362452
2003-02-09,0.5188692195,0.005290756822,,,-0.18,0.5694558204
2003-02-10,0.7156559913,0.4009281494,,,-0.18,0.5635568893
2003-02-11,0.7155859552,0.3996588991,,,-0.17,0.5535946653
2003-02-12,0.7155159261,0.3983909615,,,-0.18,0.4865374635
2003-02-13,0.715445904,0.3971243296,,,-0.16,0.6091904906
2003-02-14,0.7153758888,0.3958589964,,,-0.13,0.4779186833
2003-02-15,0.7153058805,-0.0004669295305,,,-0.11,0.2561063792
2003-02-16,0.7152358792,-0.0004669295305,,,-0.11,0.2500576733
2003-02-17,0.8754784848,0.3223779911,,,-0.13,0.2439688702
2003-02-18,0.8754048303,0.3223883079,,,-0.16,0.2379432532
2003-02-19,0.8753311838,0.3223986248,,,-0.16,-0.07535790101
2003-02-20,-0.3372281465,-2.100375524,,,-0.21,-0.04044217023
2003-02-21,-0.3328661645,-2.073131824,,,-0.28,-0.07654090738
2003-02-22,-0.3285010185,-2.354381098,,,-0.26,-0.2683675081
2003-02-23,-0.3241324018,-2.319561055,,,-0.26,-0.2725747302
2003-02-24,-0.3199588869,-2.28649197,,,-0.27,-0.2768085591
2003-02-25,-0.3157828108,0.04482115398,,,-0.25,0.0769073559
2003-02-26,-0.3116039116,0.04429860323,,,-0.28,0.02072223275
2003-02-27,-0.3074219253,0.0437760528,,,-0.25,0.05791610386
2003-02-28,-0.3032365853,0.04325350226,,,-0.25,-0.2413694593
2003-03-01,-0.2990476225,0.04325350226,,,-0.3,-0.4334319472
2003-03-02,-0.2948547651,0.04325350226,,,-0.3,-0.4360441606
2003-03-03,-0.1977175816,0.2185966405,,,-0.29,-0.4386662709
2003-03-04,-0.1941179772,0.2171305953,,,-0.28,-0.2729534679
2003-03-05,-0.1905135353,0.2156651569,,,-0.27,0.02021368657
2003-03-06,-0.1869040785,0.2142003158,,,-0.26,-0.2891704346
2003-03-07,-0.1832894271,0.2127360624,,,-0.29,-0.0835529232
2003-03-08,-0.1796693997,0.03596896441,,,-0.31,-0.1506106778
2003-03-09,-0.1760438131,0.03596896441,,,-0.31,-0.1559985766
2003-03-10,0.1402804295,0.6210638565,,,-0.31,-0.1614324325
2003-03-11,0.1429919527,0.6181609697,,,-0.36,0.313699937
2003-03-12,0.1457110445,0.6152665128,,,-0.31,0.3745821549
2003-03-13,0.1484378009,0.6123804012,,,-0.23,0.3496233872
2003-03-14,0.1511723189,0.6095025513,,,-0.2,-0.029965603
2003-03-15,0.1539146971,0.02371946858,,,-0.04,-0.2020797993
2003-03-16,0.1566650349,0.02371946858,,,-0.04,-0.2058295419
2003-03-17,0.2802669725,0.2481358463,,,0.02,-0.2095981861
2003-03-18,0.2806229424,0.2442725184,,,0.13,-0.04540879998
2003-03-19,0.2809790206,0.2404047725,,,0.24,-0.3327201733
2003-03-20,0.2813352072,0.236532392,,,0.33,-0.08909981514
2003-03-21,0.2816915023,0.2326551579,,,0.43,-0.3255701693
2003-03-22,0.2820479062,0.003040178699,,,0.52,-0.7064661747
2003-03-23,0.282404419,0.003040178699,,,0.52,-0.7021576333
2003-03-24,-1.138886431,-2.618732486,,,0.52,-0.6978667644
2003-03-25,-1.132479015,-2.58371695,,,0.41,-0.3207591363
2003-03-26,-1.126124488,-2.549865362,,,0.42,-0.6710342478
2003-03-27,-1.119821948,-2.517112338,,,0.41,-0.7779192689
2003-03-28,-1.113570513,-2.485397542,,,0.38,-0.8301813432
2003-03-29,-1.107369321,0.0319085093,,,0.37,-0.8689029526
2003-03-30,-1.101217532,0.0319085093,,,0.37,-0.8620079914
2003-03-31,-0.7805296387,0.5986849871,,,0.4,-0.8551546256
2003-04-01,-0.7777152361,0.5954732897,,,0.35,-0.5425950372
2003-04-02,-0.7749107064,0.5922709344,,,0.34,-0.7145393918
2003-04-03,-0.7721159634,0.5890778121,,,0.38,-0.7849739142
2003-04-04,-0.769330922,0.5858938151,,,0.23,-0.7358555126
2003-04-05,-0.7665554981,0.01782446067,,,0.27,-0.5215763752
2003-04-06,-0.7637896083,0.01782446067,,,0.27,-0.5164342298
2003-04-07,-0.6449912981,0.2273291493,,,0.19,-0.5112975791
2003-04-08,-0.6416023689,0.2290910436,,,0.13,-0.663239049
2003-04-09,-0.6382246085,0.2308560903,,,0.03,-0.958049544
2003-04-10,-0.6348578863,0.2326243138,,,-0.07,-0.9564503136
2003-04-11,-0.6315020736,0.2343957385,,,-0.13,-1.28909932
2003-04-12,-0.6281570428,0.02592518631,,,-0.06,-1.546065988
2003-04-13,-0.6248226679,0.02592518631,,,-0.06,-1.539930134
2003-04-14,-0.7598501086,-0.2236113018,,,0.05,-1.534143857
2003-04-15,-0.7654039097,-0.2384354911,,,0.05,-1.778968875
2003-04-16,-0.771011386,-0.2538988388,,,0.03,-1.971690441
2003-04-17,-0.7766736034,-0.2700645631,,,0.1,-1.964145109
2003-04-18,-0.7823916573,-0.2870051551,,,0.13,-2.177251703
2003-04-19,-0.7881666741,-0.02938098676,,,0.13,-2.149175465
2003-04-20,-0.7939998121,-0.02938098676,,,0.13,-2.121937304
2003-04-21,-0.3669378574,0.8087992142,,,0.19,-2.095494401
2003-04-22,-0.3745375271,0.8033473514,,,0.23,-1.971553243
2003-04-23,-0.3822506411,0.7979246797,,,0.16,-2.227966064
2003-04-24,-0.3900811744,0.7925306925,,,0.14,-2.174732229
2003-04-25,-0.398033297,0.7871648917,,,0.06,-2.249550481
2003-04-26,-0.4061113868,-0.05221262481,,,0.02,-2.118971272
2003-04-27,-0.414320043,-0.05221262481,,,0.02,-2.093859302
2003-04-28,-0.9605490248,-1.04087126,,,-0.03,-2.06942214
2003-04-29,-0.9704396657,-1.035845421,,,-0.02,-2.037478393
2003-04-30,-0.9805036464,-1.030852519,,,0.09,-2.030312198
2003-05-01,-0.9907468179,-1.025892095,,,0,-1.914732256
2003-05-02,-1.001175313,-1.020963697,,,-0.1,-1.81779497
2003-05-03,-1.011795565,-0.03695533437,,,-0.04,-1.997009778
2003-05-04,-1.022614325,-0.03695533437,,,-0.04,-1.974347613
2003-05-05,-1.047048833,-0.06742772902,,,-0.03,-1.952249373
2003-05-06,-1.052139177,-0.06385064108,,,0.01,-1.829705248
2003-05-07,-1.057271687,-0.06026400065,,,-0.03,-1.876325303
2003-05-08,-1.062447035,-0.05666759929,,,-0.2,-1.815298205
2003-05-09,-1.067665906,-0.05306122542,,,-0.22,-1.748013859
2003-05-10,-1.072929001,-0.01876777315,,,-0.22,-2.033449609
2003-05-11,-1.078237039,-0.01876777315,,,-0.22,-2.008030981
2003-05-12,0.8964738816,3.326017748,,,-0.25,-1.983303534
2003-05-13,0.8901700433,3.241858573,,,-0.31,-1.991756068
2003-05-14,0.883929319,3.163124045,,,-0.32,-1.901590168
2003-05-15,0.8777519624,3.089241098,,,-0.35,-1.866087595
2003-05-16,0.8716383299,3.01971815,,,-0.32,-1.996044151
2003-05-17,0.8655888885,-0.08358309066,,,-0.34,-2.13349443
2003-05-18,0.8596042226,-0.08358309066,,,-0.34,-2.108323671
2003-05-19,1.008848887,0.152191269,,,-0.32,-2.083869941
2003-05-20,1.002082768,0.1523989819,,,-0.37,-1.664971052
2003-05-21,0.9953998429,0.1526067162,,,-0.43,-1.502470161
2003-05-22,0.9888002237,0.152814472,,,-0.4,-1.504076703
2003-05-23,0.982284141,0.1530222493,,,-0.48,-1.760715139
2003-05-24,0.9758519511,-0.08258698475,,,-0.47,-1.857315727
2003-05-25,0.9695041434,-0.08258698475,,,-0.47,-1.838468316
2003-05-26,2.458668987,2.132487593,,,-0.47,-1.820053342
2003-05-27,2.421436099,2.114120726,,,-0.45,-1.80311265
2003-05-28,2.385568333,2.096124789,,,-0.22,-1.636887653
2003-05-29,2.350981271,2.078486799,,,-0.17,-1.616750419
2003-05-30,2.31759768,2.061194404,,,-0.24,-1.535048903
2003-05-31,2.285346746,-0.1002818806,,,-0.23,-1.705071163
2003-06-01,2.254163403,-0.1002818806,,,-0.23,-1.694117509
2003-06-02,0.8408346503,-2.186942812,,,-0.19,-1.683489925
2003-06-03,0.8344572379,-2.157086596,,,-0.11,-1.414546086
2003-06-04,0.8281161119,-2.128150337,,,-0.11,-1.411544685
2003-06-05,0.8218104984,-2.100084611,,,-0.13,-1.444107551
2003-06-06,0.8155396374,-2.072843631,,,-0.09,-1.392025406
2003-06-07,0.809302782,-0.04275926264,,,-0.08,-1.302352119
2003-06-08,0.8030991978,-0.04275926264,,,-0.08,-1.293786798
2003-06-09,1.567658245,1.083977384,,,-0.09,-1.285374054
2003-06-10,1.554330238,1.084232507,,,-0.05,-1.106018649
2003-06-11,1.541216631,1.084487728,,,-0.12,-1.390265645
2003-06-12,1.528310982,1.084743047,,,-0.09,-1.464551032
2003-06-13,1.515607114,1.084998464,,,-0.15,-1.416638498
2003-06-14,1.503099101,-0.04220551331,,,-0.21,-1.362631591
2003-06-15,1.490781257,-0.04220551331,,,-0.21,-1.358127531
2003-06-16,0.7484391882,-1.140983674,,,-0.21,-1.353940797
2003-06-17,0.7457163025,-1.13273527,,,-0.21,-1.446189162
2003-06-18,0.7430024515,-1.124567395,,,-0.13,-1.489145142
2003-06-19,0.740297558,-1.116478307,,,0.03,-1.544870334
2003-06-20,0.7376015455,-1.108466317,,,-0.03,-1.529271322
2003-06-21,0.7349143382,-0.01468691573,,,0,-1.656509963
2003-06-22,0.7322358613,-0.01468691573,,,0,-1.644889727
2003-06-23,0.6543257177,-0.126948207,,,-0.06,-1.633558008
2003-06-24,0.6515044851,-0.1274134178,,,-0.05,-1.321141145
2003-06-25,0.6486917821,-0.1278787343,,,-0.05,-1.275689153
2003-06-26,0.6458875285,-0.1283441569,,,-0.04,-1.255928464
2003-06-27,0.6430916449,-0.1288096859,,,0.09,-1.545434052
2003-06-28,0.6403040528,-0.01696631831,,,0.14,-1.583542881
2003-06-29,0.6375246742,-0.01696631831,,,0.14,-1.570557706
2003-06-30,0.9642915185,0.4778569058,,,0.22,-1.557818058
2003-07-01,0.9567053657,0.4716270265,,,0.29,-1.468994172
2003-07-02,0.9491748147,0.465376018,,,0.3,-1.470995622
2003-07-03,0.9416985861,0.4591021624,,,0.39,-1.550114449
2003-07-04,0.9342754286,0.4528036644,,,0.58,-1.462547501
2003-07-05,0.9269041185,-0.06630909909,,,0.58,-1.449311432
2003-07-06,0.9195834579,-0.06630909909,,,0.58,-1.436279885
2003-07-07,-0.3334274659,-1.966291845,,,0.5,-1.42344661
2003-07-08,-0.340718752,-1.948406045,,,0.44,-1.270757454
2003-07-09,-0.348113011,-1.930883777,,,0.33,-1.382425484
2003-07-10,-0.355613744,-1.91371206,,,0.26,-1.48566164
2003-07-11,-0.3632246177,-1.896878554,,,0.17,-1.418346778
2003-07-12,-0.370949475,-0.04006169249,,,0.11,-1.555280849
2003-07-13,-0.3787923462,-0.04006169249,,,0.11,-1.540494685
2003-07-14,-0.6057582315,-0.3555986185,,,0.17,-1.525962285
2003-07-15,-0.6093404562,-0.3512839059,,,0.24,-1.281489369
2003-07-16,-0.6129436934,-0.3469675579,,,0.35,-1.279330764
2003-07-17,-0.6165682204,-0.3426492895,,,0.23,-1.225517189
2003-07-18,-0.6202143195,-0.3383288135,,,0.15,-1.120910972
2003-07-19,-0.6238822783,-0.01660645845,,,0.14,-1.340453202
2003-07-20,-0.6275723896,-0.01660645845,,,0.14,-1.328948415
2003-07-21,-0.5729253932,0.06584404882,,,0.14,-1.31759681
2003-07-22,-0.5763354189,0.06594340824,,,0.29,-1.169721011
2003-07-23,-0.5797642249,0.06604276985,,,0.23,-1.285232889
2003-07-24,-0.5832120495,0.06614213366,,,0.02,-1.383195873
2003-07-25,-0.5866791351,0.06624149968,,,0.09,-1.379238421
2003-07-26,-0.5901657281,-0.01611285608,,,0.05,-1.539884544
2003-07-27,-0.5936720795,-0.01611285608,,,0.05,-1.52573995
2003-07-28,-1.00915107,-0.5980657796,,,0,-1.511830785
2003-07-29,-1.004591643,-0.5922433611,,,0.15,-1.375867231
2003-07-30,-1.000059464,-0.5864286299,,,0.38,-1.302181356
2003-07-31,-0.9955541846,-0.5806208825,,,0.38,-1.256676129
2003-08-01,-0.9910754603,-0.5748194104,,,0.53,-1.12174889
2003-08-02,-0.9866229529,0.01936104857,,,0.52,-0.8658267679
2003-08-03,-0.98219633,0.01936104857,,,0.52,-0.8628743421
2003-08-04,0.1347845751,1.61113857,,,0.48,-0.8599333711
2003-08-05,0.136255118,1.605191984,,,0.28,-0.7528927687
2003-08-06,0.1377272688,1.599291355,,,0.35,-0.4683529195
2003-08-07,0.1392010399,1.593436043,,,0.29,-0.6990975829
2003-08-08,0.1406764436,1.587625422,,,0.25,-0.9398259298
2003-08-09,0.1421534922,0.009967196735,,,0.23,-1.065258653
2003-08-10,0.1436321983,0.009967196735,,,0.23,-1.057189813
2003-08-11,-0.3739113978,-0.7221680604,,,0.06,-1.049192611
2003-08-12,-0.3728322245,-0.7231184364,,,0.12,-1.009854424
2003-08-13,-0.3717539695,-0.7240701623,,,0.18,-1.356411555
2003-08-14,-0.3706766286,-0.7250232425,,,0.23,-1.182778592
2003-08-15,-0.3696001974,-0.7259776813,,,0.24,-1.231818019
2003-08-16,-0.3685246717,0.006977366225,,,0.22,-1.260603205
2003-08-17,-0.3674500472,0.006977366225,,,0.22,-1.250109763
2003-08-18,1.821214604,3.063922628,,,0.09,-1.239741944
2003-08-19,1.803610979,3.000593176,,,-0.05,-1.247364443
2003-08-20,1.786365345,2.940581574,,,-0.08,-1.298969496
2003-08-21,1.769464651,2.883599883,,,-0.15,-1.295760981
2003-08-22,1.752896505,2.829394056,,,-0.11,-1.281100916
2003-08-23,1.736649126,-0.03968601963,,,-0.14,-1.133827878
2003-08-24,1.720711312,-0.03968601963,,,-0.14,-1.124772984
2003-08-25,2.675933637,1.312433335,,,-0.08,-1.115807997
2003-08-26,2.630441257,1.303470951,,,-0.12,-0.9195234962
2003-08-27,2.586846341,1.294609797,,,-0.06,-0.9205824625
2003-08-28,2.545015542,1.285847621,,,0.07,-0.982399832
2003-08-29,2.504828305,1.277182238,,,0.02,-1.099176177
2003-08-30,2.466175329,-0.06161714623,,,0.02,-1.062128128
2003-08-31,2.42895725,-0.06161714623,,,0.02,-1.054116001
2003-09-01,2.630219478,0.2930777418,,,-0.02,-1.046174605
2003-09-02,2.591932392,0.2955335349,,,0,-1.038503517
2003-09-03,2.555024171,0.2979969082,,,0.02,-0.9567075114
2003-09-04,2.519410977,0.3004679387,,,0.02,-0.8700047849
2003-09-05,2.485015961,0.3029467042,,,-0.04,-1.001878092
2003-09-06,2.451768524,-0.05140500711,,,-0.19,-1.096282632
2003-09-07,2.421636425,-0.05037422968,,,-0.19,-1.087608678
2003-09-08,0.6244058385,-2.854595825,,,-0.16,-1.079016087
2003-09-09,0.6264028025,-2.797814644,,,0,-1.053463874
2003-09-10,0.6284058489,-2.743826693,,,-0.05,-0.9333050587
2003-09-11,0.6304150206,-2.69240222,,,-0.11,-0.7056809884
2003-09-12,0.6324303611,-2.643962405,,,-0.04,-0.8452991691
2003-09-13,0.634451914,0.00981468256,,,-0.08,-0.9479636971
2003-09-14,0.6364797236,0.00981468256,,,-0.08,-0.9418218654
2003-09-15,2.343761908,2.518862394,,,-0.13,-0.9357227842
2003-09-16,2.31039822,2.479557009,,,-0.1,-0.8164920457
2003-09-17,2.278148827,2.441750637,,,-0.1,-1.04623192
2003-09-18,2.246949809,2.405347236,,,-0.09,-1.016140419
2003-09-19,2.216742276,2.370259223,,,-0.11,-1.118009812
2003-09-20,2.187471866,-0.05988733285,,,-0.12,-1.115857983
2003-09-21,2.159088307,-0.05988733285,,,-0.12,-1.108121961
2003-09-22,0.1754398614,-2.974464337,,,-0.12,-1.100457489
2003-09-23,0.1789935275,-2.915509921,,,-0.22,-0.7009500321
2003-09-24,0.1825631865,-2.859535561,,,-0.21,-0.7301258716
2003-09-25,0.1861490955,-2.806292817,,,-0.19,-0.3999054094
2003-09-26,0.1897515164,-2.755561448,,,-0.1,-0.2035341462
2003-09-27,0.1933707159,0.02244220334,,,-0.18,-0.2066297039
2003-09-28,0.1970069657,0.02244220334,,,-0.18,-0.2041181668
2003-09-29,0.2216560875,0.05212640097,,,-0.25,-0.2016064453
2003-09-30,0.2212425567,0.04721440979,,,-0.18,-0.3034404179
2003-10-01,0.2208291187,0.04227441964,,,-0.23,-0.1034887537
2003-10-02,0.2204157733,0.0373056672,,,-0.26,-0.40752153
2003-10-03,0.2200025203,0.03230736757,,,-0.17,-0.4535951749
2003-10-04,0.2195893594,-0.002789549023,,,-0.02,-0.6916056039
2003-10-05,0.2191762905,-0.002789549023,,,-0.02,-0.685377854
2003-10-06,1.514842568,1.811652044,,,-0.02,-0.6791667201
2003-10-07,1.507699306,1.800867454,,,-0.15,-0.6718001307
2003-10-08,1.500622748,1.790223974,,,-0.03,-0.6848398627
2003-10-09,1.493611754,1.779718331,,,0,-0.7229092053
2003-10-10,1.48666521,1.769347358,,,0.03,-0.7862224911
2003-10-11,1.479782028,-0.01753477096,,,-0.03,-0.8515699221
2003-10-12,1.472961145,-0.01753477096,,,-0.03,-0.8450232379
2003-10-13,0.1734622552,-1.827100716,,,-0.07,-0.8385209733
2003-10-14,0.1727155032,-1.817828063,,,-0.05,-1.008417492
2003-10-15,0.171968934,-1.808660196,,,0.05,-1.037952006
2003-10-16,0.1712225465,-1.799595021,,,0.13,-0.9688803305
2003-10-17,0.1704763393,-1.790630503,,,0.22,-1.063604188
2003-10-18,0.1697303112,-0.00506311135,,,0.15,-0.9726628536
2003-10-19,0.1689844609,-0.00506311135,,,0.15,-0.9684698682
2003-10-20,0.2508700014,0.1086101777,,,0.11,-0.9644597417
2003-10-21,0.2504739782,0.1091138645,,,0.18,-1.080920016
2003-10-22,0.250078053,0.1096176646,,,0.16,-1.179533604
2003-10-23,0.2496822255,0.1101215785,,,0.06,-0.9402257669
2003-10-24,0.2492864956,0.1106256064,,,-0.13,-0.934479942
2003-10-25,0.2488908631,-0.002592343772,,,-0.24,-0.9234034197
2003-10-26,0.2484953277,-0.002592343772,,,-0.24,-0.9189444985
2003-10-27,0.3461680238,0.1324305713,,,-0.19,-0.9146399645
2003-10-28,0.3459384317,0.1326696145,,,-0.21,-0.8348855111
2003-10-29,0.3457088863,0.1329086833,,,-0.27,-1.104702716
2003-10-30,0.3415939686,0.1277197968,,,-0.22,-1.187122927
2003-10-31,0.3374781133,0.1225022318,,,-0.17,-1.204225784
2003-11-01,0.3333610807,-0.01914483726,,,-0.21,-1.24982557
2003-11-02,0.3292426292,-0.02516142666,,,-0.21,-1.243068093
2003-11-03,1.479356457,1.583298826,,,-0.21,-1.236484224
2003-11-04,1.465858227,1.569087765,,,-0.21,-1.128700361
2003-11-05,1.452572661,1.55511704,,,-0.27,-1.125091597
2003-11-06,1.43949317,1.541379032,,,-0.19,-1.048743735
2003-11-07,1.42661344,1.527866453,,,-0.06,-1.072449235
2003-11-08,1.413927417,-0.06203096026,,,-0.04,-1.020938506
2003-11-09,1.401429291,-0.06203096026,,,-0.04,-1.015253678
2003-11-10,0.3659517029,-1.48636882,,,-0.03,-1.00969242
2003-11-11,0.3617853185,-1.473816829,,,-0.03,-0.8357467916
2003-11-12,0.3576188679,-1.461454841,,,0.02,-0.8526419933
2003-11-13,0.3534521066,-1.449277351,,,0.01,-1.046745834
2003-11-14,0.3492847883,-1.43727907,,,0.02,-1.115731278
2003-11-15,0.3451166655,-0.03064972847,,,-0.05,-0.9928388653
2003-11-16,0.3409474891,-0.03064972847,,,-0.05,-0.9906244235
2003-11-17,0.2276329638,-0.178204835,,,-0.09,-0.9887354853
2003-11-18,0.2247105572,-0.1762039857,,,-0.09,-0.5439043659
2003-11-19,0.2217874798,-0.1742032215,,,-0.15,-0.3995417279
2003-11-20,0.2188636509,-0.1722025177,,,-0.06,-0.4823231846
2003-11-21,0.2159389891,-0.1702018498,,,-0.01,-0.2794160885
2003-11-22,0.2130134131,-0.02052305364,,,0,-0.4197035799
2003-11-23,0.210086841,-0.02052305364,,,0,-0.4137044322
2003-11-24,1.14126879,1.241399526,,,-0.04,-0.4077209506
2003-11-25,1.132485926,1.233197605,,,0.06,-0.8900950858
2003-11-26,1.123790939,1.225080417,,,-0.1,-1.126394993
2003-11-27,1.115181801,1.217046193,,,-0.12,-1.293874182
2003-11-28,1.106656542,1.209093215,,,-0.14,-1.301834905
2003-11-29,1.098213249,-0.04229060817,,,-0.07,-1.272486485
2003-11-30,1.089850063,-0.04229060817,,,-0.07,-1.274375621
2003-12-01,1.61556412,0.6782990668,,,-0.06,-1.27700406
2003-12-02,1.603395336,0.6721340124,,,-0.01,-1.126856538
2003-12-03,1.591488693,0.6659846368,,,0.01,-1.314386555
2003-12-04,1.579839222,0.6598501835,,,0.14,-1.183807453
2003-12-05,1.568442334,0.6537298975,,,0.17,-1.311745038
2003-12-06,1.557293809,-0.09079404647,,,0.05,-1.009896761
2003-12-07,1.546389792,-0.09079404647,,,0.05,-1.011623725
2003-12-08,0.618935654,-1.345798129,,,0.1,-1.014068316
2003-12-09,0.6128261014,-1.334755934,,,0.13,-1.250781387
2003-12-10,0.6067225778,-1.323859008,,,0.09,-0.8000522735
2003-12-11,0.6006241678,-1.313103475,,,0.05,-0.6983380545
2003-12-12,0.5945299428,-1.302485598,,,-0.03,-1.211521774
2003-12-13,0.5884389592,-0.05730038796,,,-0.02,-1.382166171
2003-12-14,0.5823502575,-0.05730038796,,,-0.02,-1.413372135
2003-12-15,0.381042318,-0.3122267737,,,-0.08,-1.450725187
2003-12-16,0.3751151347,-0.310620389,,,0.06,-1.056126287
2003-12-17,0.3691642121,-0.3090153397,,,0.03,-1.775495326
2003-12-18,0.363188209,-0.3074116132,,,0,-2.003305514
2003-12-19,0.3571857355,-0.3058091965,,,-0.09,-1.691037008
2003-12-20,0.3511553501,-0.04950358087,,,-0.08,-1.545119743
2003-12-21,0.3450955562,-0.04950358087,,,-0.08,-1.550187772
2003-12-22,0.4769343803,0.1244289853,,,-0.13,-1.55637966
2003-12-23,0.470777377,0.1231393911,,,-0.07,-1.240725617
2003-12-24,0.464601959,0.1218498702,,,-0.05,-1.508682757
2003-12-25,0.4584066063,0.120560416,,,-0.08,-1.398086897
2003-12-26,0.4521897386,0.119271022,,,0.04,-1.387921634
2003-12-27,0.4459497097,-0.05599774129,,,0.02,-0.8925953195
2003-12-28,1.715246381,1.501530734,,,0.02,-0.8859024359
2003-12-29,1.70009026,1.491166741,,,-0.02,-0.8792609992
2003-12-30,1.685251156,1.480937995,,,-0.01,-1.097954301
2003-12-31,1.670719571,1.470841209,,,0.04,-0.7207795816
2004-01-01,1.65648652,1.460873203,,,0.1,-0.3187849136
2004-01-02,1.642543504,-0.07577203201,,,0.09,-0.3142368169
2004-01-03,1.628882486,-0.07577203201,,,0.15,-0.3657564611
2004-01-04,1.615495868,-0.07577203201,,,0.15,-0.3603342177
2004-01-05,1.698683655,0.0348893095,,,0.08,-0.3548978919
2004-01-06,1.688352023,0.03218253526,,,0.07,-0.8140693454
2004-01-07,1.678352326,0.02947137299,,,0.01,-1.289854349
2004-01-08,1.668683926,0.02675574458,,,0,-2.054759411
2004-01-09,1.659346879,0.02403557126,,,0.04,-1.967396154
2004-01-10,1.650341955,-0.08981873837,,,-0.06,-1.231831191
2004-01-11,1.64167067,-0.08981873837,,,-0.06,-1.222126717
2004-01-12,1.674640523,-0.04076354956,,,-0.09,-1.212537705
2004-01-13,1.666393884,-0.04103945666,,,-0.14,-1.159735601
2004-01-14,1.658510509,-0.04131537844,,,-0.13,-0.3754289803
2004-01-15,1.650995271,-0.04159131494,,,-0.11,-1.193004574
2004-01-16,1.643854088,-0.04186726625,,,-0.12,-1.938528607
2004-01-17,1.637093999,-0.09120351334,,,-0.11,-2.263983906
2004-01-18,1.630723254,-0.09120351334,,,-0.11,-2.231887859
2004-01-19,1.014426704,-0.7829070562,,,-0.16,-2.200837557
2004-01-20,1.006644085,-0.7770249052,,,-0.18,-2.170577662
2004-01-21,0.998924747,-0.7711913325,,,-0.16,-2.015747871
2004-01-22,0.9912672869,-0.7654069139,,,-0.21,-2.508103247
2004-01-23,0.9836703344,-0.7596723428,,,-0.3,-2.250438272
2004-01-24,0.9761325525,-0.03889698715,,,-0.24,-2.143826949
2004-01-25,0.9686526359,-0.03889698715,,,-0.24,-2.116203794
2004-01-26,-0.4345753903,-1.696614241,,,-0.24,-2.089382536
2004-01-27,-0.4350943298,-1.679877508,,,-0.08,-2.229498882
2004-01-28,-0.4356135863,-1.663465558,,,-0.1,-1.750283812
2004-01-29,-0.4361331605,-1.647366773,,,-0.07,-0.9132101508
2004-01-30,-0.4366530532,-1.631570104,,,0.02,-0.6975605458
2004-01-31,-0.4371732647,-0.002482771861,,,-0.04,-0.9876161589
2004-02-01,-0.4376937959,-0.002482771861,,,-0.04,-0.9803319061
2004-02-02,-0.2758819447,0.1866992838,,,-0.04,-0.973104101
2004-02-03,-0.2722128158,0.192541086,,,0.01,-0.6893544694
2004-02-04,-0.2685417319,0.1984407534,,,-0.04,-0.5504997077
2004-02-05,-0.2648685219,0.2043999187,,,0,-0.23798466
2004-02-06,-0.2611930135,0.2104202754,,,0.02,-0.3258156176
2004-02-07,-0.2575150333,0.02308725459,,,-0.04,-1.313102829
2004-02-08,-0.2538344067,0.02308725459,,,-0.04,-1.301956474
2004-02-09,-0.69464589,-0.5026511395,,,-0.04,-1.29095334
2004-02-10,-0.6935255448,-0.5081822325,,,-0.08,-1.057120769
2004-02-11,-0.6924068482,-0.5137674756,,,0,-1.308997913
2004-02-12,-0.6912897942,-0.5194080785,,,-0.01,-1.614988902
2004-02-13,-0.6901743767,-0.525105288,,,-0.05,-1.647679607
2004-02-14,-0.6890605899,0.004752798327,,,-0.08,-1.480947178
2004-02-15,-0.6879484277,0.004752798327,,,-0.08,-1.471254403
2004-02-16,-0.2326033939,0.5519444755,,,-0.15,-1.461778552
2004-02-17,-0.2309053524,0.5534437945,,,-0.1,-1.456987381
2004-02-18,-0.2292080768,0.5549463368,,,-0.17,-1.55051868
2004-02-19,-0.2275115524,0.5564521198,,,-0.16,-1.426687595
2004-02-20,-0.2258157644,0.5579611609,,,-0.09,-1.293151504
2004-02-21,-0.2241206982,0.01020750836,,,-0.06,-1.143671736
2004-02-22,-0.222426339,0.01020750836,,,-0.06,-1.135633083
2004-02-23,0.2154137832,0.5372155937,,,-0.05,-1.127695585
2004-02-24,0.2127771134,0.5322831652,,,-0.05,-0.9718534206
2004-02-25,0.2101401904,0.5273588817,,,-0.08,-1.194206769
2004-02-26,0.2075029561,0.5224423673,,,-0.14,-1.752834352
2004-02-27,0.2048653524,0.5175332462,,,-0.1,-1.793354908
2004-02-28,0.202227321,-0.01642301163,,,-0.18,-1.935313476
2004-02-29,0.1995888033,-0.01642301163,,,-0.18,-1.912685743
2004-03-01,-1.034898456,-1.50096442,,,-0.15,-1.890620374
2004-03-02,-1.031402564,-1.488760521,,,-0.24,-1.935553461
2004-03-03,-1.02792348,-1.476738282,,,-0.17,-1.679798949
2004-03-04,-1.024461036,-1.464892584,,,-0.18,-1.843385404
2004-03-05,-1.021015069,-1.453218508,,,-0.14,-1.908009644
2004-03-06,-1.017585417,0.01138373195,,,-0.28,-1.841323148
2004-03-07,-1.014171918,0.01138373195,,,-0.28,-1.821053444
2004-03-08,-1.571768033,-0.6663024561,,,-0.28,-1.801245461
2004-03-09,-1.558945342,-0.6617665878,,,-0.32,-1.05252436
2004-03-10,-1.546322895,-0.6572476101,,,-0.35,-0.5891809374
2004-03-11,-1.533894881,-0.6527452366,,,-0.31,0.5833968778
2004-03-12,-1.521655725,-0.6482591844,,,-0.29,1.706332551
2004-03-13,-1.50960007,0.03202974008,,,-0.27,0.3726347527
2004-03-14,-1.497722767,0.03202974008,,,-0.27,0.3757074477
2004-03-15,-0.9507596491,0.7026281906,,,-0.24,0.3787938203
2004-03-16,-0.953427266,0.6963597804,,,-0.27,1.972656819
2004-03-17,-0.9561062255,0.6901091179,,,-0.31,1.520934737
2004-03-18,-0.9587966235,0.6838753793,,,-0.33,0.2670906095
2004-03-19,-0.9614985568,0.6776577404,,,-0.24,0.5058427751
2004-03-20,-0.9642121234,-0.008038419322,,,-0.17,0.8533133373
2004-03-21,-0.9669374225,-0.008038419322,,,-0.17,0.8509337779
2004-03-22,-0.1930056397,0.9487467928,,,-0.11,0.8485618333
2004-03-23,-0.1990515018,0.9424422094,,,-0.16,2.195063484
2004-03-24,-0.2051607528,0.9361820309,,,-0.18,1.678632984
2004-03-25,-0.2113352522,0.9299654553,,,-0.22,1.199708254
2004-03-26,-0.2175769322,0.9237916974,,,-0.06,0.1313548507
2004-03-27,-0.2238878013,-0.03152040045,,,0.01,-0.1722415584
2004-03-28,-0.2302699485,-0.03152040045,,,0.01,-0.1685088608
2004-03-29,-0.2213220155,-0.01341042057,,,0.04,-0.1647693031
2004-03-30,-0.2275671102,-0.01324653436,,,0.1,-0.6244040727
2004-03-31,-0.2338816725,-0.0130826481,,,0.07,-0.7419573036
2004-04-01,-0.2402677886,-0.01291876179,,,-0.02,-0.4791167072
2004-04-02,-0.2467276289,-0.0127548754,,,-0.04,-0.5254401163
2004-04-03,-0.2532634527,-0.03070107965,,,0.17,-1.086389799
2004-04-04,-0.2598776132,-0.03070107965,,,0.17,-1.079188488
2004-04-05,0.3949974863,0.7231257232,,,0.22,-1.072049672
2004-04-06,0.3884966501,0.7179989344,,,0.35,-1.433507771
2004-04-07,0.3819529671,0.7128943707,,,0.37,-1.228533424
2004-04-08,0.3753637474,0.7078116226,,,0.45,-0.9765421832
2004-04-09,0.3687261433,0.702750286,,,0.36,-0.6929714772
2004-04-10,0.3620371345,-0.05399117205,,,0.36,-0.6869015644
2004-04-11,0.3552935119,-0.05399117205,,,0.36,-0.6808533769
2004-04-12,0.7706507176,0.4052048613,,,0.38,-0.674826442
2004-04-13,0.76417419,0.4087276925,,,0.4,-1.223264988
2004-04-14,0.7577246172,0.4122695629,,,0.5,-0.08592743908
2004-04-15,0.7513011627,0.4158307412,,,0.51,-1.032179071
2004-04-16,0.744902997,0.4194115007,,,0.46,-0.9551895182
2004-04-17,0.7385292967,-0.04095242664,,,0.4,-1.413181657
2004-04-18,2.208192487,1.566417287,,,0.4,-1.401690643
2004-04-19,2.183912908,1.55142803,,,0.37,-1.390374146
2004-04-20,2.16036893,1.536699201,,,0.35,-1.100745541
2004-04-21,2.137528587,1.522222114,,,0.49,-0.3637620662
2004-04-22,2.115362146,1.507988474,,,0.48,-0.9843002349
2004-04-23,2.093841925,-0.0819781681,,,0.29,-1.550448305
2004-04-24,2.072942144,-0.0819781681,,,0.43,-1.879303544
2004-04-25,2.052638775,-0.0819781681,,,0.43,-1.857851013
2004-04-26,-1.115816258,-3.475812853,,,0.37,-1.836907533
2004-04-27,-1.107655959,-3.403490481,,,0.3,-1.388467967
2004-04-28,-1.099573073,-3.335479711,,,0.18,-1.207341336
2004-04-29,-1.091565926,-3.271383094,,,0.3,-0.5077199096
2004-04-30,-1.083632889,-3.210853881,,,0.35,-0.328120909
2004-05-01,-1.075772379,0.02882234551,,,0.31,0.01151288313
2004-05-02,-1.067982854,0.02882234551,,,0.31,0.01461323543
2004-05-03,-1.418968062,-0.3421273984,,,0.3,0.01772151132
2004-05-04,-1.407329334,-0.3373537569,,,0.21,-0.3030789868
2004-05-05,-1.395867527,-0.332573357,,,0.19,-0.3377438477
2004-05-06,-1.384578126,-0.3277857489,,,0.17,-0.7808569451
2004-05-07,-1.373456811,-0.322990476,,,0.28,-0.03862857045
2004-05-08,-1.362499444,0.05628506608,,,0.37,0.5873091867
2004-05-09,-1.351702064,0.05628506608,,,0.37,0.5889544898
2004-05-10,-1.670638284,-0.2900927784,,,0.37,0.5906037834
2004-05-11,-1.657141673,-0.2876849653,,,0.28,1.533520116
2004-05-12,-1.643932995,-0.2852786428,,,0.25,0.842178832
2004-05-13,-1.631005311,-0.2828737689,,,0.19,0.598250097
2004-05-14,-1.618352111,-0.2804703016,,,0.06,1.015129744
2004-05-15,-1.605967304,0.06839449868,,,0.04,0.7879506472
2004-05-16,-1.593845199,0.06839449868,,,0.04,0.7868790177
2004-05-17,-2.185974325,-0.5921283171,,,0.13,0.7858089865
2004-05-18,-2.158520182,-0.602665118,,,0.07,1.637094719
2004-05-19,-2.13185654,-0.6134293717,,,-0.05,1.27133029
2004-05-20,-2.105943912,-0.6244313044,,,-0.12,1.047074737
2004-05-21,-2.080745522,-0.6356818005,,,-0.15,0.8995251156
2004-05-22,-2.056227072,0.04108438641,,,-0.07,0.7961538662
2004-05-23,-2.03235653,0.04108438641,,,-0.07,0.7968872665
2004-05-24,-2.272031139,-0.262075762,,,-0.05,0.7976214779
2004-05-25,-2.245079021,-0.2547875851,,,-0.09,0.5644097273
2004-05-26,-2.21897228,-0.2474065703,,,-0.07,-0.6612077972
2004-05-27,-2.193670439,-0.2399270823,,,-0.16,-0.650318144
2004-05-28,-2.169135929,-0.2323430518,,,-0.27,-1.043287289
2004-05-29,-2.145333849,0.09352062998,,,-0.24,-0.909825938
2004-05-30,-2.122231732,0.09352062998,,,-0.24,-0.9037969808
2004-05-31,-2.018710637,0.1881543042,,,-0.25,-0.8978075768
2004-06-01,-1.997724457,0.1793859511,,,-0.21,-0.8908917021
2004-06-02,-1.977226524,0.1704202924,,,-0.2,-0.4226239626
2004-06-03,-1.957196922,0.1612413234,,,-0.14,-0.5446015184
2004-06-04,-1.937616855,0.1518311689,,,-0.11,0.02559600968
2004-06-05,-1.918468571,0.04059954131,,,-0.05,-0.1133000198
2004-06-06,-1.899735283,0.04059954131,,,-0.05,-0.1022292661
2004-06-07,-1.323792507,0.8468836263,,,0.04,-0.09073696904
2004-06-08,-1.316180487,0.8426258519,,,0.06,-0.9771516361
2004-06-09,-1.308644014,0.8383896091,,,0.12,-1.235686521
2004-06-10,-1.301181646,0.8341746235,,,0.24,-0.981415974
2004-06-11,-1.293791976,0.8299806253,,,0.14,-1.216082487
2004-06-12,-1.286473633,0.02506255724,,,0.14,-1.208587131
2004-06-13,-1.279225285,0.02506255724,,,0.14,-1.201230775
2004-06-14,-1.327551099,-0.05400453385,,,0.17,-1.194013822
2004-06-15,-1.316267281,-0.04649814939,,,0.23,-0.4762254728
2004-06-16,-1.305131303,-0.03888319827,,,0.17,-1.1784469
2004-06-17,-1.294139115,-0.03115447254,,,0.21,-1.350818488
2004-06-18,-1.283286809,-0.02330643095,,,0.16,-1.090783658
2004-06-19,-1.27257062,0.06653182507,,,0.15,-1.193534904
2004-06-20,-1.26198691,0.06653182507,,,0.15,-1.18418738
2004-06-21,-1.348040574,-0.08525832155,,,0.15,-1.174944968
2004-06-22,-1.339622796,-0.09332721047,,,0.19,-0.9779652175
2004-06-23,-1.331296168,-0.1015314213,,,0.13,-1.627525077
2004-06-24,-1.32305879,-0.1098772862,,,0.13,-1.836919566
2004-06-25,-1.314908817,-0.1183715465,,,0.04,-1.251098336
2004-06-26,-1.306844454,0.03116625061,,,0.05,-0.9806455119
2004-06-27,-1.298863959,0.03116625061,,,0.05,-0.9730860017
2004-06-28,-0.7126035587,0.9706699775,,,0.05,-0.9655840921
2004-06-29,-0.71011646,0.9656895325,,,0.08,-0.3559173044
2004-06-30,-0.7076367744,0.9607402563,,,0,-0.7658940727
2004-07-01,-0.7051644429,0.9558217085,,,-0.08,-1.529778172
2004-07-02,-0.7026994069,0.950933457,,,-0.14,-0.932138332
2004-07-03,-0.7002416087,0.0148873928,,,-0.22,-1.006518736
2004-07-04,-0.697790991,0.0148873928,,,-0.22,-0.9986366138
2004-07-05,-0.7421258064,-0.06089725665,,,-0.3,-0.990817258
2004-07-06,-0.7389330013,-0.05998328216,,,-0.2,-0.9829864431
2004-07-07,-0.7357520317,-0.05906926496,,,-0.21,-0.1803145829
2004-07-08,-0.7325827787,-0.05815520271,,,-0.16,-0.4796972442
2004-07-09,-0.7294251243,-0.0572410931,,,-0.13,-0.2124045181
2004-07-10,-0.7262789525,0.01947727603,,,-0.13,-0.4988084934
2004-07-11,-0.7231441481,0.01947727603,,,-0.13,-0.4977709013
2004-07-12,-1.109851467,-0.6176069856,,,-0.14,-0.4967344455
2004-07-13,-1.101016158,-0.6115725734,,,-0.15,-1.050721878
2004-07-14,-1.09226531,-0.6055466758,,,-0.15,-1.380861801
2004-07-15,-1.083596905,-0.5995285646,,,-0.13,-1.835933842
2004-07-16,-1.075008981,-0.5935175129,,,-0.15,-1.185908441
2004-07-17,-1.066499631,0.07077675187,,,-0.22,-1.422554498
2004-07-18,-1.058066999,0.07077675187,,,-0.22,-1.410298368
2004-07-19,0.4276258549,2.536012828,,,-0.29,-1.398220368
2004-07-20,0.4259596845,2.501217644,,,-0.24,-0.8391694631
2004-07-21,0.4242957375,2.467710668,,,-0.05,-1.490695091
2004-07-22,0.4226339985,2.435417808,,,0.01,-0.004185016942
2004-07-23,0.4209744519,2.404271138,,,0.07,-0.4398892602
2004-07-24,0.4193170824,-0.01229832565,,,0.04,0.05855527009
2004-07-25,0.4176618746,-0.01229832565,,,0.04,0.0597274557
2004-07-26,0.3174564644,-0.1729522653,,,0.04,0.060900286
2004-07-27,0.3158508579,-0.1730127495,,,0.08,0.5972339591
2004-07-28,0.3142466232,-0.1730732357,,,0.15,0.1052918027
2004-07-29,0.3126437475,-0.1731337237,,,0.09,-0.1565529471
2004-07-30,0.3110422179,-0.1731942137,,,0.05,-0.4669114387
2004-07-31,0.3094420216,-0.01259222532,,,-0.01,-0.7053669916
2004-08-01,0.3078431459,-0.01259222532,,,-0.01,-0.6992844837
2004-08-02,-1.036569423,-2.192327701,,,-0.01,-0.6932258392
2004-08-03,-1.028396894,-2.166745199,,,-0.03,-0.6532395969
2004-08-04,-1.020293051,-2.141922144,,,-0.04,-0.1954075116
2004-08-05,-1.01225629,-2.117823201,,,-0.01,-0.07098474284
2004-08-06,-1.004285045,-2.094415472,,,0.02,1.375915127
2004-08-07,-0.9963777883,0.05926739482,,,-0.12,2.052237228
2004-08-08,-0.9885330299,0.05926739482,,,-0.12,2.027189059
2004-08-09,-0.9289451074,0.1462576278,,,-0.14,2.002815287
2004-08-10,-0.9217845543,0.1495185313,,,-0.2,1.685633643
2004-08-11,-0.9146758911,0.1527917346,,,-0.15,0.733560114
2004-08-12,-0.9076181259,0.1560774227,,,-0.17,1.107341674
2004-08-13,-0.9006102968,0.1593757837,,,-0.19,1.780597576
2004-08-14,-0.8936514711,0.07495333863,,,-0.23,1.049143628
2004-08-15,-0.8867407456,0.07495333863,,,-0.23,1.044969883
2004-08-16,-0.2258573572,1.108068018,,,-0.28,1.04081966
2004-08-17,-0.2227566205,1.099739336,,,-0.33,0.7675998455
2004-08-18,-0.2196545802,1.091496927,,,-0.29,0.4082951596
2004-08-19,-0.2165511371,1.083339191,,,-0.24,-0.1070728672
2004-08-20,-0.2134461912,1.07526459,,,-0.25,0.3731456638
2004-08-21,-0.2103396422,0.02577766128,,,-0.22,-0.258033936
2004-08-22,-0.2072313892,0.02577766128,,,-0.22,-0.2569286432
2004-08-23,0.05782941962,0.4415621772,,,-0.21,-0.2558239408
2004-08-24,0.05929982384,0.4386080039,,,-0.12,-0.3314320988
2004-08-25,0.06077139718,0.4356587749,,,-0.13,-0.6915714238
2004-08-26,0.06224415091,0.4327144117,,,-0.08,-0.9192994424
2004-08-27,0.06371809634,0.4297748366,,,0.04,-0.960318085
2004-08-28,0.06519324483,0.0114972781,,,0.04,-1.084543616
2004-08-29,0.06666960778,0.0114972781,,,0.04,-1.07759273
2004-08-30,0.3499504445,0.4572374671,,,0.01,-1.070700823
2004-08-31,0.3509338381,0.4561309509,,,-0.07,-0.5908988798
2004-09-01,0.351918304,0.4550256171,,,-0.08,-0.6848690981
2004-09-02,0.3529038464,0.4539214606,,,-0.04,-0.9261237521
2004-09-03,0.3538904696,0.4528184764,,,0.06,-1.324739149
2004-09-04,0.3548781776,0.006689883384,,,0.11,-1.549364148
2004-09-05,0.3624327681,0.01406702475,,,0.11,-1.534685043
2004-09-06,0.7399184638,0.6063957623,,,0.06,-1.520256213
2004-09-07,0.7477900944,0.6153366435,,,0.06,-1.506102057
2004-09-08,0.7557758192,0.6244341616,,,0.03,-1.391746012
2004-09-09,0.7638789995,0.6336940692,,,0.06,-1.38677331
2004-09-10,0.7721031373,0.6308172725,,,0.04,-1.407026926
2004-09-11,0.7804518827,0.03261357655,,,0.04,-1.552226059
2004-09-12,0.7889290421,0.03261357655,,,0.04,-1.538718588
2004-09-13,-0.1239532411,-1.390700449,,,-0.03,-1.52544639
2004-09-14,-0.1165942201,-1.37928608,,,-0.06,-1.877325
2004-09-15,-0.1091351602,-1.368028477,,,-0.07,-1.615870414
2004-09-16,-0.1015710401,-1.356923378,,,0,-0.9360313096
2004-09-17,-0.09389650925,-1.345966676,,,-0.05,-1.087002666
2004-09-18,-0.0861058587,0.06268391488,,,-0.01,-1.300876378
2004-09-19,-0.07819298743,0.06268391488,,,-0.01,-1.290240791
2004-09-20,-0.1812719199,-0.09656812799,,,0.02,-1.279738364
2004-09-21,-0.1735590797,-0.09569837968,,,0.02,-1.024777688
2004-09-22,-0.1657281084,-0.09482868292,,,0.03,-1.4870879
2004-09-23,-0.157771993,-0.09395903571,,,-0.1,-0.8157012961
2004-09-24,-0.1496831655,-0.09308943608,,,-0.12,-0.7761125571
2004-09-25,-0.1414534413,0.06704253851,,,-0.1,-1.09253935
2004-09-26,-0.1330739506,0.06704253851,,,-0.1,-1.089115394
2004-09-27,0.1473289823,0.4307969389,,,-0.1,-1.085707771
2004-09-28,0.154723452,0.4263629372,,,-0.14,-0.8759816202
2004-09-29,0.1622244812,0.4219314922,,,-0.12,-1.351767306
2004-09-30,0.1698362601,0.417502319,,,-0.07,-1.720681605
2004-10-01,0.1775632043,0.4130751316,,,-0.06,-1.631772814
2004-10-02,0.1854099715,0.04327592079,,,0,-1.970426389
2004-10-03,0.1933814788,0.04327592079,,,0,-1.952391871
2004-10-04,0.7071050397,0.7044467607,,,0.02,-1.934726424
2004-10-05,0.7052278212,0.6985500557,,,0.05,-1.535539689
2004-10-06,0.7033550233,0.692684055,,,-0.02,-1.209754517
2004-10-07,0.7014866193,0.6868488417,,,0.09,-1.589286062
2004-10-08,0.6996225827,0.6810445718,,,0.04,-0.8664632043
2004-10-09,0.6977628872,-0.009120438139,,,-0.07,-0.5399570856
2004-10-10,0.6959075067,-0.009120438139,,,-0.07,-0.5361317961
2004-10-11,1.406486328,0.9535310553,,,-0.02,-0.5323158767
2004-10-12,1.398217963,0.9489775903,,,-0.02,-0.7259341955
2004-10-13,1.390038219,0.9444504964,,,0.02,-0.5217425704
2004-10-14,1.381945305,0.9399494294,,,-0.04,-0.2997257307
2004-10-15,1.37393748,0.9354740514,,,-0.1,0.2977129308
2004-10-16,1.366013051,-0.02358511296,,,-0.08,-0.5186980269
2004-10-17,1.358170369,-0.02358511296,,,-0.08,-0.5161817663
2004-10-18,2.06631409,0.9713838568,,,-0.02,-0.513670898
2004-10-19,2.040973232,0.9639590218,,,0.01,-0.7032780763
2004-10-20,2.016320802,0.9565898773,,,-0.06,-0.4543522258
2004-10-21,1.992323938,0.9492752039,,,-0.11,-0.617233262
2004-10-22,1.968951932,0.9420138097,,,-0.21,-0.7966359242
2004-10-23,1.946176056,-0.05567093443,,,-0.19,-0.3618218478
2004-10-24,1.923969393,-0.05567093443,,,-0.19,-0.3610544995
2004-10-25,1.327229067,-0.8953269578,,,-0.22,-0.3602876346
2004-10-26,1.319445634,-0.8886394006,,,-0.21,0.3993611997
2004-10-27,1.311740946,-0.8819950334,,,-0.27,0.2857086613
2004-10-28,1.304113468,-0.8753929581,,,-0.16,-0.1072646665
2004-10-29,1.296561706,-0.8688322943,,,-0.1,-0.2996707595
2004-10-30,1.289084206,-0.02599470048,,,-0.15,0.2154518581
2004-10-31,1.281679551,-0.02599470048,,,-0.15,0.2149000117
2004-11-01,1.42544022,0.1953453044,,,-0.15,0.2143483158
2004-11-02,1.419091743,0.1970713398,,,-0.08,0.2143970164
2004-11-03,1.412796888,0.1988001782,,,-0.11,0.1610102755
2004-11-04,1.406554816,0.2005318418,,,-0.07,-1.088719456
2004-11-05,1.400364702,0.2022663527,,,-0.05,-1.125684285
2004-11-06,1.394225741,-0.01805736823,,,0.01,-1.197969132
2004-11-07,1.388137145,-0.01805736823,,,0.01,-1.194378669
2004-11-08,1.07212312,-0.4865737183,,,0,-1.190806234
2004-11-09,1.064211596,-0.4946442464,,,0.02,-1.210727551
2004-11-10,1.056370688,-0.5028428513,,,0.08,-1.314434189
2004-11-11,1.048598881,-0.5111740148,,,0.13,-1.611143645
2004-11-12,1.040894703,-0.5196424405,,,0.11,-1.624798317
2004-11-13,1.033256716,-0.04499565872,,,0.07,-1.451445977
2004-11-14,1.025683521,-0.04499565872,,,0.07,-1.44459474
2004-11-15,0.9043805811,-0.2260354733,,,0.08,-1.437805457
2004-11-16,0.8971859646,-0.2290069954,,,0.04,-1.398422207
2004-11-17,0.8900369767,-0.2319894676,,,-0.05,-1.481132715
2004-11-18,0.882932516,-0.2349830311,,,-0.05,-1.470091612
2004-11-19,0.8758715006,-0.2379878293,,,0.01,-1.598910501
2004-11-20,0.8688528681,-0.0585757148,,,0.04,-1.292353832
2004-11-21,0.8618755744,-0.0585757148,,,0.04,-1.282648386
2004-11-22,0.7980026502,-0.1462117488,,,0,-1.273078027
2004-11-23,0.7922815132,-0.1426735838,,,0.01,-1.580525027
2004-11-24,0.7865902749,-0.1391290115,,,0.04,-1.752006838
2004-11-25,0.7809283656,-0.1355778529,,,-0.01,-1.707236781
2004-11-26,0.7752952255,-0.1320199263,,,-0.07,-1.693703411
2004-11-27,0.769690304,-0.04029329415,,,-0.05,-1.643236055
2004-11-28,0.7641130591,-0.04029329415,,,-0.05,-1.63400043
2004-11-29,1.295561718,0.8185521974,,,-0.06,-1.625082838
2004-11-30,1.287181299,0.820962026,,,0,-1.334235194
2004-12-01,1.278890387,0.8233811213,,,0,-1.374515933
2004-12-02,1.270687098,0.8258095574,,,0.04,-1.538215982
2004-12-03,1.262569606,0.8282474093,,,0.12,-1.519825801
2004-12-04,1.254536136,-0.03388218366,,,0.02,-1.518639804
2004-12-05,1.246584962,-0.03388218366,,,0.02,-1.505291557
2004-12-06,1.471888065,0.3508282418,,,0.06,-1.492165296
2004-12-07,1.460727416,0.3493001066,,,0.02,-1.338769042
2004-12-08,1.449721135,0.347773463,,,0.06,-1.035771607
2004-12-09,1.438865181,0.3462482997,,,-0.02,-1.319024371
2004-12-10,1.428155658,0.3447246051,,,-0.03,-1.494935225
2004-12-11,1.41758881,-0.04104926879,,,-0.01,-1.553778724
2004-12-12,1.40716101,-0.04104926879,,,-0.01,-1.539602387
2004-12-13,1.432305721,0.01664028344,,,0.04,-1.525663533
2004-12-14,1.425267315,0.02024006952,,,0,-1.643477819
2004-12-15,1.418294232,0.02385233582,,,-0.02,-1.516528179
2004-12-16,1.411385345,0.02747731842,,,-0.07,-1.724893613
2004-12-17,1.404539552,0.03111525739,,,-0.02,-1.753275962
2004-12-18,1.397755778,-0.02344748109,,,-0.02,-1.918881676
2004-12-19,1.391032973,-0.02344748109,,,-0.02,-1.896474134
2004-12-20,0.3845193512,-1.748672627,,,-0.1,-1.874617601
2004-12-21,0.3878766432,-1.730151297,,,-0.13,-1.921714469
2004-12-22,0.3912508048,-1.71201846,,,-0.2,-2.057609759
2004-12-23,0.3946420641,-1.694259093,,,-0.2,-2.087081369
2004-12-24,0.3980506528,-1.676858967,,,-0.11,-2.180829717
2004-12-25,0.4014768068,0.02203351463,,,-0.11,-2.152403049
2004-12-26,0.4129595628,0.03014140391,,,-0.11,-2.124819368
2004-12-27,0.470547628,0.1143343123,,,-0.08,-2.098035209
2004-12-28,0.4829057132,0.1230641777,,,-0.02,-1.58692871
2004-12-29,0.4956094336,0.131961629,,,0.07,-1.646326309
2004-12-30,0.5086794234,0.1410352306,,,0.09,-1.831028264
2004-12-31,0.5221380967,0.1407202028,,,0.04,-1.317656463
2005-01-01,0.5360098517,0.06246070554,,,0.02,-0.924585927
2005-01-02,0.550321304,0.06246070554,,,0.02,-0.9220261148
2005-01-03,0.7330728652,0.3559348317,,,0.03,-0.9194753177
2005-01-04,0.7282869285,0.3515656483,,,0.08,-0.4966070679
2005-01-05,0.7235222982,0.3477582536,,,0.21,-0.547264503
2005-01-06,0.7187786299,0.3447392226,,,0.15,-0.4842565468
2005-01-07,0.7140555844,0.3428575517,,,0.12,-0.7498601541
2005-01-08,0.7093528275,-0.0427632665,,,0.16,-0.791199711
2005-01-09,0.7046700298,-0.0427632665,,,0.16,-0.7845994439
2005-01-10,0.270781985,-0.9312240641,,,0.18,-0.7780285295
2005-01-11,0.267252912,-0.9297317413,,,0.18,-0.9100232838
2005-01-12,0.2637223582,-0.9282426107,,,0.13,-0.9241165629
2005-01-13,0.2601901746,-0.926756658,,,0.11,-1.251187321
2005-01-14,0.256656211,-0.9252738691,,,0.08,-1.093024458
2005-01-15,0.2531203164,-0.03840933298,,,0.1,-1.303334922
2005-01-16,0.2495823386,-0.03840933298,,,0.1,-1.29483102
2005-01-17,-0.68562518,-1.933006125,,,0.05,-1.286481185
2005-01-18,-0.6876002121,-1.915333231,,,0.03,-1.284996582
2005-01-19,-0.6895812869,-1.898017407,,,-0.02,-1.256774753
2005-01-20,-0.6915684458,-1.881045933,,,0,-0.8618895583
2005-01-21,-0.6935617303,-1.864406719,,,0.02,-0.4979823603
2005-01-22,-0.6955611825,-0.01237003504,,,0.01,-0.1959595581
2005-01-23,-0.6975668448,-0.01237003504,,,0.01,-0.1884842446
2005-01-24,-0.8757782658,-0.3557313865,,,-0.01,-0.1809045016
2005-01-25,-0.8817254046,-0.3596767918,,,-0.1,-0.003346944034
2005-01-26,-0.8877332496,-0.3636462755,,,-0.05,-0.3393490019
2005-01-27,-0.8938030307,-0.3676402309,-0.1359794788,,-0.04,-0.7008860286
2005-01-28,-0.8999360131,-0.3716590598,-0.1348582376,,-0.08,-0.8160796746
2005-01-29,-0.9061334985,-0.0281903226,-0.1337642839,,-0.15,-0.8114848139
2005-01-30,-0.9123968265,-0.0281903226,-0.1326965285,,-0.15,-0.8070124658
2005-01-31,-1.643000068,-1.43133329,-0.1316539421,,-0.12,-0.8026695968
2005-02-01,-1.647269541,-1.422851169,-0.161569538,,-0.11,-1.059255125
2005-02-02,-1.651563789,-1.414462059,-0.1752003408,,-0.06,-1.540380235
2005-02-03,-1.655883072,-1.406164046,-0.1738674877,,0,-1.753263083
2005-02-04,-1.660227649,-1.39795527,-0.1725646073,,0.01,-1.655372015
2005-02-05,-1.664597784,-0.01031403052,-0.1712905925,,-0.07,-1.989916783
2005-02-06,-1.668993748,-0.01031403052,-0.1700443926,,-0.07,-1.965744788
2005-02-07,-1.005579141,1.247401546,-0.1688250099,,-0.07,-1.942204873
2005-02-08,-1.01406765,1.239263102,-0.1676314957,,-0.09,-1.610564075
2005-02-09,-1.022679855,1.231208442,-0.1511208186,,-0.13,-1.672861542
2005-02-10,-1.031419211,1.223235831,-0.1500868644,,-0.21,-1.4193898
2005-02-11,-1.040289311,1.215343584,-0.14907385,,-0.12,-1.699756588
2005-02-12,-1.049293892,-0.03174099776,-0.1480810777,,-0.12,-1.732097276
2005-02-13,-1.058436846,-0.03174099776,-0.1471078823,,-0.12,-1.716705494
2005-02-14,-1.666388223,-1.120775131,-0.1461536285,,-0.11,-1.701640639
2005-02-15,-1.661326856,-1.111943906,-0.1452177097,,-0.2,-1.631333947
2005-02-16,-1.656298574,-1.103199648,-0.1601061261,,-0.11,-1.761036335
2005-02-17,-1.651302989,-1.094540343,-0.1591016877,,-0.07,-1.840694904
2005-02-18,-1.64633972,-1.085964038,-0.1581159233,,0,-1.433508824
2005-02-19,-1.641408393,0.01310759156,-0.1571482613,,0.02,-1.760275656
2005-02-20,-1.636508639,0.01310759156,-0.1561981542,,0.02,-1.74152689
2005-02-21,-1.966161133,-0.6039984629,-0.1552650775,,0.02,-1.723175654
2005-02-22,-1.955549351,-0.6016158313,-0.1543485282,,0,-1.706096569
2005-02-23,-1.945069731,-0.5992391341,-0.1292081299,,-0.03,-0.5755942625
2005-02-24,-1.934719393,-0.5968683225,-0.1382208636,,-0.09,-0.999240238
2005-02-25,-1.924495542,-0.5945033484,-0.1374361033,,0,-1.456116775
2005-02-26,-1.91439547,0.02284082997,-0.1366645611,,-0.01,-1.488002417
2005-02-27,-1.904416548,0.02284082997,-0.1359058701,,-0.01,-1.474397831
2005-02-28,-1.158366668,1.407373741,-0.1351596773,,0.02,-1.461009383
2005-03-01,-1.160724093,1.395689805,-0.1344256433,,0.13,-1.118816977
2005-03-02,-1.163090041,1.384169872,-0.1588587841,,0.2,-1.133414786
2005-03-03,-1.165464571,1.372809406,-0.148169116,,0.12,-0.8700442193
2005-03-04,-1.16784774,1.361604041,-0.1307020091,,0.12,-0.6240863
2005-03-05,-1.170239609,-0.00865545641,-0.1300220276,,0.08,-1.170404951
2005-03-06,-1.172640238,-0.00865545641,-0.1293525508,,0.08,-1.161021862
2005-03-07,-0.2351571856,1.69067879,-0.1117452626,,0.11,-1.151737388
2005-03-08,-0.2373706047,1.684244268,-0.1111837927,,0.02,-0.9654155381
2005-03-09,-0.2395894951,1.677862514,-0.1103701226,,0.02,-0.8802267202
2005-03-10,-0.2418139088,1.671532752,-0.1098265201,,0.12,-0.7083432732
2005-03-11,-0.2440438986,1.665254226,-0.1269232333,,0.09,-0.8192221824
2005-03-12,-0.2462795177,-0.01774560487,-0.1263076269,,0.15,-0.6411967414
2005-03-13,-0.2485208201,-0.01774560487,-0.1257008928,,0.15,-0.6361405328
2005-03-14,-0.07322665779,0.297733919,-0.1423147159,,0.15,-0.6311006042
2005-03-15,-0.07625576183,0.2960356731,-0.1416409042,,0.15,-0.8533365771
2005-03-16,-0.07929362243,0.294338741,-0.1409765749,,0.18,-0.4240330891
2005-03-17,-0.08234037241,0.2926431076,-0.1403215075,,0.14,-0.2292439537
2005-03-18,-0.08539614637,0.2909487579,-0.1396754888,,0.09,-0.335902376
2005-03-19,-0.0884610808,-0.02600195264,-0.1390383123,,0.13,-0.4151378649
2005-03-20,-0.09153531405,-0.02600195264,-0.1384097781,,0.13,-0.410042664
2005-03-21,0.951756857,1.804528014,-0.1377896926,,0.07,-0.4049432064
2005-03-22,0.9443577029,1.785146857,-0.1371778682,,0.11,-0.1362267158
2005-03-23,0.9370129279,1.766191875,-0.1365741231,,0.18,0.237741467
2005-03-24,0.9297213773,1.747646124,-0.1359782808,,0.23,0.1182054665
2005-03-25,0.9224819257,1.729493588,-0.1353901706,,0.25,-0.2412134292
2005-03-26,0.9152934758,-0.0774565657,-0.1348096266,,0.25,-0.2391564575
2005-03-27,0.9081549577,-0.0774565657,-0.1342364879,,0.25,-0.2371003304
2005-03-28,0.6930726172,-0.4339547314,-0.1336705984,,0.27,-0.2350450217
2005-03-29,0.6915680697,-0.4280386335,-0.1331118065,,0.27,-0.04503794518
2005-03-30,0.6900664096,-0.4221400549,-0.1325599652,,0.14,0.3736799187
2005-03-31,0.6885676226,-0.4162646922,-0.1320149314,,0.13,-0.1023017607
2005-04-01,0.6870716947,-0.4104197484,-0.1314765663,,-0.03,0.1181926027
2005-04-02,0.6855786121,-0.01017956588,-0.1309447351,,-0.05,0.1643560588
2005-04-03,0.6840883608,-0.01017956588,-0.1304193065,,-0.05,0.1706460643
2005-04-04,1.345279571,1.241238309,-0.1302490017,,-0.05,0.1770056662
2005-04-05,1.336496786,1.23174485,-0.1297345757,,-0.03,0.197534732
2005-04-06,1.3278124,1.222359086,-0.1105902833,,0.02,-0.04700288394
2005-04-07,1.319224278,1.213078443,-0.1120331088,,0.07,-0.3522506992
2005-04-08,1.31073035,1.20390043,-0.09282072564,,0.08,-0.8282795891
2005-04-09,1.302328607,-0.03911339467,-0.09246811694,,0.07,-0.6515776414
2005-04-10,1.294017097,-0.03911339467,-0.09211949647,,0.07,-0.6458631392
2005-04-11,1.627601714,0.618774086,-0.07239724542,,0.04,-0.6401642178
2005-04-12,1.61331099,0.6157851948,-0.07212920692,,-0.05,-1.010493791
2005-04-13,1.599291513,0.6130796064,-0.09169091096,,-0.19,-1.401252221
2005-04-14,1.585535262,0.6106967297,-0.06105127987,,-0.16,-0.2072428422
2005-04-15,1.572034616,0.6086838983,-0.08066706526,,-0.18,0.533989609
2005-04-16,1.558782329,-0.1253431699,-0.08037658745,,-0.23,2.501026193
2005-04-17,1.545771512,-0.1253431699,-0.08008922518,,-0.23,2.534528092
2005-04-18,1.722955158,0.2846476861,-0.09913840544,,-0.27,2.569240813
2005-04-19,1.707115098,0.2834945523,-0.09878775127,,-0.25,1.866204239
2005-04-20,1.691602193,0.2823421438,-0.09844079188,,-0.27,0.8674988334
2005-04-21,1.676405892,0.2811904558,-0.1261243785,,-0.19,2.141128324
2005-04-22,1.661516198,0.2800394834,-0.125684803,,-0.11,0.5472307748
2005-04-23,1.646923628,-0.1307776457,-0.1252497921,,-0.16,1.21291781
2005-04-24,1.632619194,-0.1307776457,-0.1248192675,,-0.16,1.237946775
2005-04-25,0.9749143428,-1.517117038,-0.1243931524,,-0.18,1.264081462
2005-04-26,0.9674266993,-1.505139487,-0.1239713722,,-0.18,0.7576080126
2005-04-27,0.9599955356,-1.493377614,-0.1161262884,,-0.14,0.9768036013
2005-04-28,0.9526196037,-1.48182652,-0.1157384949,,-0.2,0.9575607777
2005-04-29,0.9452976839,-1.470481574,-0.1153545609,,-0.26,2.377657513
2005-04-30,0.9380285839,-0.07080292895,-0.1149744228,,-0.23,1.278048623
2005-05-01,0.9308111375,-0.07080292895,-0.1145980184,,-0.23,1.283864745
2005-05-02,1.456312356,1.091964962,-0.114225287,,-0.21,1.289732842
2005-05-03,1.443322869,1.08805535,-0.1138561693,,-0.12,1.158786865
2005-05-04,1.430531566,1.084166758,-0.1214151018,,-0.1,0.736916829
2005-05-05,1.417932484,1.080298957,-0.12102704,,-0.09,0.2486683725
2005-05-06,1.405519899,1.076451722,-0.1206426757,,-0.05,0.3462438268
2005-05-07,1.393288318,-0.0803741221,-0.1202619507,,0.02,0.3994846259
2005-05-08,1.381232462,-0.0803741221,-0.1198848077,,0.02,0.4018821039
2005-05-09,0.543688369,-1.896567921,-0.1195111911,,0.03,0.4042875636
2005-05-10,0.5406522224,-1.874711469,-0.1191410462,,0.07,0.1911964397
2005-05-11,0.5376235712,-1.853381719,-0.1184427121,,0.05,1.042807095
2005-05-12,0.5346023256,-1.832555823,-0.1180803942,,-0.02,0.7078073813
2005-05-13,0.5315883967,-1.81221229,-0.1177213812,,0.05,1.915072937
2005-05-14,0.5285816961,-0.02932203897,-0.1173656233,,0.05,2.037147339
2005-05-15,0.5255821366,-0.02932203897,-0.1170130716,,0.05,2.014045061
2005-05-16,0.08073257401,-0.9768910206,-0.1166636781,,0.03,1.991525498
2005-05-17,0.0813785205,-0.9692232347,-0.1163173961,,0,1.524185201
2005-05-18,0.08202463484,-0.9616129479,-0.1159741796,,-0.01,0.7358448819
2005-05-19,0.0826709179,-0.9540588311,-0.1156339836,,0.07,0.07167692354
2005-05-20,0.08331737055,-0.9465595848,-0.115296764,,0.08,-0.1459103022
2005-05-21,0.08396399368,0.006821123145,-0.1149624778,,0.06,-0.2716175468
2005-05-22,0.08461078817,0.006821123145,-0.1146310827,,0.06,-0.2698511492
2005-05-23,-0.8367874528,-1.967203636,-0.1143025372,,0.06,-0.268085887
2005-05-24,-0.8360498657,-1.969256803,-0.1219923919,,0.01,-0.4019074497
2005-05-25,-0.8353130614,-1.971315111,-0.1216460614,,-0.01,-0.583111476
2005-05-26,-0.834577038,-1.973378581,-0.1213026642,,0.04,-0.655409322
2005-05-27,-0.8338417937,-1.975447238,-0.120962159,,0,-0.8892669077
2005-05-28,-0.8331073267,0.00478710328,-0.1206245054,,-0.02,-0.946200908
2005-05-29,-0.8323736352,0.00478710328,-0.120289664,,-0.02,-0.9395440213
2005-05-30,-1.582474769,-1.61504894,-0.1199575957,,-0.02,-0.9329346309
2005-05-31,-1.573763151,-1.601420687,-0.1196282626,,0.02,-0.9258124715
2005-06-01,-1.565148497,-1.588016616,-0.1007916763,,-0.01,-0.1229010096
2005-06-02,-1.556628841,-1.574829926,-0.1009014249,,-0.12,-0.7707526676
2005-06-03,-1.548202278,-1.561854096,-0.1006299736,,-0.11,-1.127561851
2005-06-04,-1.53986695,0.03170256058,-0.1003607015,,-0.05,-0.9027851308
2005-06-05,-1.531621054,0.03170256058,-0.1000935796,,-0.05,-0.8960375611
2005-06-06,-1.615216092,-0.1709109765,-0.09982857938,,-0.05,-0.889334256
2005-06-07,-1.603547143,-0.1680838961,-0.09956567292,,-0.04,-0.7917895997
2005-06-08,-1.592046651,-0.1652549835,-0.1098107864,,-0.05,-0.7100359547
2005-06-09,-1.580710176,-0.162424162,-0.1091378394,,-0.06,-0.4911495713
2005-06-10,-1.569533439,-0.1595913544,-0.1088542951,,-0.03,-0.9203913872
2005-06-11,-1.558512316,0.0464591956,-0.1085729494,,0.07,-1.000516126
2005-06-12,-1.54764283,0.0464591956,-0.1082937742,,0.07,-0.9967436116
2005-06-13,-1.25512413,0.6807609025,-0.1080167415,,0.09,-0.9929902845
2005-06-14,-1.246499362,0.6828273097,-0.1077418242,,0.14,-1.200410146
2005-06-15,-1.237967459,0.6849003509,-0.1074689955,,0.13,-1.095013838
2005-06-16,-1.229526398,0.6869800736,-0.107198229,,0.1,-1.313995008
2005-06-17,-1.221174215,0.6890665259,-0.106929499,,0.08,-1.513649077
2005-06-18,-1.212909006,0.05328610895,-0.1066627799,,0.05,-1.276252592
2005-06-19,-1.204728917,0.05328610895,-0.1063980469,,0.05,-1.265965653
2005-06-20,-0.5025383007,1.647131851,-0.1061352754,,0.05,-1.25580723
2005-06-21,-0.4983718093,1.643755085,-0.1058744413,,0.11,-1.252230612
2005-06-22,-0.4942130544,1.640393252,-0.105615521,,0.18,-1.506483815
2005-06-23,-0.4900618188,1.637046233,-0.105358491,,0.13,-1.514709842
2005-06-24,-0.4859178861,1.633713913,-0.1267951725,,0.07,-0.7699225177
2005-06-25,-0.4817810408,0.04812341875,-0.1264880446,,0.04,-0.7290347014
2005-06-26,-0.4776510684,0.04812341875,-0.1261831379,,0.04,-0.7226897556
2005-06-27,1.142680956,3.629936642,-0.1258804257,,0.05,-0.7163660951
2005-06-28,1.14332539,3.543208537,-0.1299594208,,0.02,-0.4749300548
2005-06-29,1.143970448,3.461918504,-0.1296502708,,0.04,-1.120544149
2005-06-30,1.144616132,3.385510946,-0.1293433168,,0.05,-0.9804000846
2005-07-01,1.145262443,3.313506767,-0.1070632918,,-0.07,-0.7856798623
2005-07-02,1.145909381,0.002799757507,-0.1068134806,,0.01,-1.223101828
2005-07-03,1.146556948,0.002799757507,-0.1065654101,,0.01,-1.214150578
2005-07-04,1.162841089,0.03972255326,-0.10631906,,-0.01,-1.205316165
2005-07-05,1.158915758,0.0353669608,-0.1065570351,,-0.04,-1.201680166
2005-07-06,1.155011798,0.03099179015,-0.1017743627,,0.01,-0.9993750659
2005-07-07,1.151128981,0.02659657245,-0.1015425015,,0.03,-0.5723695463
2005-07-08,1.147267083,0.02218082819,-0.0784290667,,0.05,-0.40826716
2005-07-09,1.14342588,-0.01956839561,-0.07825272898,,0.11,-1.15466649
2005-07-10,1.139605156,-0.01956839561,-0.07807757537,,0.11,-1.150538061
2005-07-11,1.101490497,-0.09265349035,-0.07790359268,,0.09,-1.146655062
2005-07-12,1.099047752,-0.09124477299,-0.07722998776,,0.09,-1.268832885
2005-07-13,1.096613522,-0.08983588949,-0.0770594274,,0.15,-1.510389978
2005-07-14,1.09418775,-0.08842683123,-0.05368958572,,0.19,-1.577782592
2005-07-15,1.091770377,-0.08701758957,-0.07723002111,,0.29,-1.584732004
2005-07-16,1.089361346,-0.0124769591,-0.07706167806,,0.3,-1.920195865
2005-07-17,1.086960599,-0.0124769591,-0.07689443108,,0.3,-1.897830498
2005-07-18,-0.3510208745,-2.986658521,-0.07672826833,,0.33,-1.876014824
2005-07-19,-0.3476986318,-2.927654567,-0.07656317815,,0.31,-1.538873309
2005-07-20,-0.3443786019,-2.871592091,-0.07639914905,,0.23,-1.753387699
2005-07-21,-0.3410606725,-2.818227423,-0.09938257823,,0.23,-1.891256394
2005-07-22,-0.3377447311,-2.767344314,-0.07637328168,,0.2,-1.347257604
2005-07-23,-0.3344306654,0.03321387495,-0.07621172866,,0.14,-1.65361635
2005-07-24,-0.331118363,0.03321387495,-0.07605119653,,0.14,-1.637215313
2005-07-25,-0.9618834061,-1.195860893,-0.07589167459,,0.14,-1.621124909
2005-07-26,-0.954964232,-1.188474366,-0.07573315228,,0.14,-1.201587504
2005-07-27,-0.9480960741,-1.181157263,-0.05253715586,,0.14,-1.269043743
2005-07-28,-0.9412779138,-1.173908254,-0.05242864676,,0.15,-1.694454701
2005-07-29,-0.9345087555,-1.166726042,-0.07584559866,,0.03,-1.568070894
2005-07-30,-0.9277876259,0.05294757468,-0.07568976279,,0.09,-0.831588713
2005-07-31,-0.9211135728,0.05294757468,-0.07553488355,,0.09,-0.8255678456
2005-08-01,-0.7308999807,0.4085143663,-0.07538095121,,0.11,-0.8195809596
2005-08-02,-0.725846066,0.4065560383,-0.07567783392,,0.12,-0.463072435
2005-08-03,-0.7208145819,0.4046003794,-0.07137890731,,0.12,-0.6887835699
2005-08-04,-0.715805132,0.4026473655,-0.07123527935,,-0.01,-0.6303978473
2005-08-05,-0.710817326,0.4006969725,-0.07109251494,,-0.01,-0.1520765413
2005-08-06,-0.7058507789,0.04374395345,-0.07095060546,,0.05,-0.1789090237
2005-08-07,-0.7009051115,0.04374395345,-0.07080954242,,0.05,-0.1780465026
2005-08-08,-0.2448738547,0.919455926,-0.07417975913,,0.02,-0.1771842162
2005-08-09,-0.2405757201,0.9200784075,-0.03978248286,,0.1,0.3284381887
2005-08-10,-0.2362692969,0.9207014794,-0.3469528478,,0.12,-0.230062125
2005-08-11,-0.2319542493,0.9213251428,-0.3397763666,,0.06,-0.2422739272
2005-08-12,-0.2276302361,0.9219493988,-0.335412434,,0.08,-0.2130340383
2005-08-13,-0.2232969109,0.04546430257,-0.3310454865,,0.02,0.009121865907
2005-08-14,-0.2189539217,0.04546430257,-0.3266752181,,0.02,0.009726832122
2005-08-15,1.58239781,3.415497534,-0.3246212285,,-0.03,0.01033186501
2005-08-16,1.577500347,3.32881685,-0.3246257746,,0,-0.319491945
2005-08-17,1.572634463,3.247789933,-0.3396008109,,-0.05,0.5535546334
2005-08-18,1.567799791,3.171814171,-0.3512974735,,0.05,0.4008294463
2005-08-19,1.56299597,3.100373379,-0.3633114278,,-0.06,0.4822391173
2005-08-20,1.558222641,-0.01323180373,-0.3756694063,,-0.07,0.4802050853
2005-08-21,1.553479457,-0.01323180373,-0.3883933502,,-0.07,0.4781746
2005-08-22,1.494391269,-0.1098119622,-0.4015072249,,-0.1,0.476147633
2005-08-23,1.490872334,-0.1092089746,-0.4150372705,,-0.13,0.4735376132
2005-08-24,1.487370164,-0.1086060509,-0.412436763,,-0.08,0.4164391682
2005-08-25,1.483884614,-0.1080031905,-0.412436763,,-0.11,0.9830297025
2005-08-26,1.480415539,-0.1074003928,-0.412436763,,-0.2,0.675166197
2005-08-27,1.476962797,-0.0102269157,-0.412436763,,-0.19,0.6632552433
2005-08-28,1.473526249,-0.0102269157,-0.412436763,,-0.19,0.6582531011
2005-08-29,2.229991402,1.372295313,-0.414894402,,-0.21,0.6532688248
2005-08-30,2.200445753,1.363270512,-0.4173605604,,-0.23,0.5111051121
2005-08-31,2.171801275,1.354421105,-0.4198353194,,-0.3,0.5953349322
2005-09-01,2.144010389,1.345745932,-0.1308068358,,-0.32,-0.1317530006
2005-09-02,2.117028964,1.337244074,-0.1373298162,,-0.3,0.2432484169
2005-09-03,2.090816005,-0.0731914485,-0.1379917265,,-0.32,0.5283879112
2005-09-04,2.065333369,-0.0731914485,-0.1386538838,,-0.32,0.5229180826
2005-09-05,0.7949236139,-2.455574138,-0.1393162891,,-0.33,0.5174514182
2005-09-06,0.7915134896,-2.417029784,-0.1379588878,,-0.28,0.5134664812
2005-09-07,0.7881173971,-2.379921036,-0.1366016185,,-0.26,0.06566931878
2005-09-08,0.7847351895,-2.344156595,-0.1352444736,,-0.17,-0.2225560559
2005-09-09,0.7813667218,-2.309653102,-0.08166771719,,-0.17,0.06224800525
2005-09-10,0.778011851,-0.02227294237,-0.08060147657,,-0.21,-0.5961394655
2005-09-11,0.7746704358,-0.02227294237,-0.07953520443,,-0.21,-0.5922201571
2005-09-12,1.122021846,0.6188378588,0.2117114078,,-0.22,-0.5883126577
2005-09-13,1.116208411,0.6170046981,0.2267391809,,-0.16,-0.8114930566
2005-09-14,1.110439156,0.6151753797,0.2424078492,,-0.16,-0.2921902815
2005-09-15,1.104713392,0.6133498799,0.258811716,,-0.12,0.07366914111
2005-09-16,1.09903044,0.6115281751,-0.09851151948,,-0.1,-0.2166535623
2005-09-17,1.093389639,-0.02940115386,-0.08740568297,,-0.08,-1.095359889
2005-09-18,1.087790339,-0.02940115386,-0.07588624597,,-0.08,-1.087019266
2005-09-19,0.7301321572,-0.681462109,-0.06223955181,,-0.06,-1.078756386
2005-09-20,0.7262073799,-0.6814028699,-0.05322699978,,-0.01,-0.4366717523
2005-09-21,0.7222988258,-0.6813436358,-0.03264263391,,0.09,-0.08794878697
2005-09-22,0.7184062901,-0.6812844065,-0.006210457333,,0.07,0.7067159415
2005-09-23,0.7145295705,-0.6812251821,0.4575050699,,0.08,0.3860664235
2005-09-24,0.7106684675,-0.02919463366,0.5457181978,,0.15,0.1279559152
2005-09-25,0.7068227844,-0.02919463366,0.6744297567,,0.15,0.1265073573
2005-09-26,1.503646024,1.464432685,0.1610794353,,0.15,0.1250588273
2005-09-27,1.489799405,1.452730339,0.2094972574,,0.13,0.1788971616
2005-09-28,1.476176984,1.441221917,0.275261315,,0.08,-0.01619229632
2005-09-29,1.462771701,1.429902829,0.2771987894,,0.05,-0.1049055234
2005-09-30,1.449576796,1.418768706,-0.6418253835,,0.11,-0.3714956091
2005-10-01,1.436585792,-0.08651614948,-0.6418253835,,0.14,-0.5880604868
2005-10-02,1.423792483,-0.08651614948,-0.6418253835,,0.14,-0.5823649554
2005-10-03,1.163239683,-0.5609497671,-0.6418253835,,0.09,-0.5766773043
2005-10-04,1.15390143,-0.5598472289,-0.6568033099,,0.17,-0.19418309
2005-10-05,1.144660543,-0.5587460878,-0.6552319657,,0.19,0.3272644859
2005-10-06,1.13551465,-0.5576463384,-0.6541128086,,0.15,1.268154369
2005-10-07,1.126461449,-0.5565479755,-0.6535151702,,0.18,1.543314896
2005-10-08,1.117498708,-0.0819511819,-0.6535237487,,0.17,1.277902775
2005-10-09,1.108624258,-0.0819511819,-0.6542430998,,0.17,1.270356484
2005-10-10,1.67334323,1.006602719,-0.655803818,,0.2,1.262884027
2005-10-11,1.659915654,0.9986856828,-0.6258140591,,0.16,1.904302849
2005-10-12,1.646777378,0.9908317368,-0.6259516811,,0.24,1.935685152
2005-10-13,1.633921571,0.9830394243,-0.626089329,,0.29,2.302866846
2005-10-14,1.621341837,0.9753073233,-0.6262270028,,0.22,2.431908571
2005-10-15,1.6090322,-0.1247520677,-0.6263647025,,0.24,1.353529164
2005-10-16,1.59698709,-0.1247520677,-0.6265024281,,0.24,1.342163219
2005-10-17,1.641215956,-0.008075448447,-0.6266401796,,0.2,1.330952376
2005-10-18,1.626067274,-0.004748390702,-0.626777957,,0.17,1.188338223
2005-10-19,1.611204268,-0.00141210768,-0.6213697446,,0.19,1.610108847
2005-10-20,1.596617724,0.001933571394,-0.6159758955,,0.17,0.3973499357
2005-10-21,1.582298869,0.005288819749,-0.6105959258,,0.14,2.095146539
2005-10-22,1.568239349,-0.1088669455,-0.605229354,,0.11,2.081753297
2005-10-23,1.554431205,-0.1088669455,-0.5998757008,,0.11,2.055990423
2005-10-24,1.468542533,-0.2585928451,-0.5945344887,,0.05,2.030944251
2005-10-25,1.458356714,-0.2618112053,-0.589205242,,0.06,1.127622163
2005-10-26,1.448375223,-0.2650433673,-0.589205242,,0.19,0.9848069996
2005-10-27,1.438595594,-0.2682895208,-0.589205242,,0.15,1.01542558
2005-10-28,1.429015635,-0.2715498586,-0.589205242,,0.11,1.913375864
2005-10-29,1.419633433,-0.1237678116,-0.589205242,,0.11,0.774383219
2005-10-30,1.41044735,-0.1237678116,-0.589205242,,0.11,0.7678604732
2005-10-31,0.6594115759,-1.551750992,-0.2691213685,,0.11,0.7613648841
2005-11-01,0.653695119,-1.541689515,-0.270547241,,0.08,1.437108841
2005-11-02,0.6480090083,-1.531755942,0.78255704,,0.04,1.128015165
2005-11-03,0.6423538354,-1.521947284,0.7820876075,,0.06,0.2476715562
2005-11-04,0.6367303201,-1.512260649,0.78161849,,0.05,-0.06366625279
2005-11-05,0.6311393251,-0.1026737689,0.781149687,,0.08,0.04128388819
2005-11-06,0.6255818739,-0.1026737689,0.780681198,,0.08,0.03707477588
2005-11-07,0.1708073736,-0.8941181589,0.4544955251,,0.12,0.03284815861
2005-11-08,0.1643297533,-0.8869956834,0.455766883,,0.11,-0.01501445516
2005-11-09,0.1577911872,-0.8799172864,-0.5963263387,,0.09,-0.0306492666
2005-11-10,0.1511890541,-0.8728818982,-0.5964391016,,0.16,-0.2127460639
2005-11-11,0.1445206008,-0.865888468,-0.5912288026,,0.18,-0.7919398663
2005-11-12,0.137782933,-0.06583361033,-0.5860307094,,0.18,-0.9651061031
2005-11-13,0.1309730048,-0.06583361033,-0.5808443879,,0.18,-0.9636462222
2005-11-14,0.1066981241,-0.09488471126,-0.5750873591,,0.14,-0.9621894186
2005-11-15,0.1023692735,-0.08975461553,0.7253903153,,0.09,-0.6069209883
2005-11-16,0.09802430331,-0.08459469812,0.7390693618,,0.06,-0.5740872145
2005-11-17,0.09366278954,-0.07940406953,0.7531323752,,0.06,-0.5533462832
2005-11-18,0.08928429937,-0.07418181331,1.844469757,,0.03,-1.198472555
2005-11-19,0.08488839074,-0.03946567694,1.831029953,,0.08,-1.273759401
2005-11-20,0.08047461205,-0.03946567694,1.817804767,,0.08,-1.265509586
2005-11-21,0.1767726908,0.1328359158,2.846439356,,0.09,-1.257346306
2005-11-22,0.1726408801,0.1331699964,1.510208031,,0.08,-1.439131787
2005-11-23,0.1684987705,0.1335041298,1.496178495,,0.01,-1.564663186
2005-11-24,0.1643460449,0.1338383161,1.48237796,,0.05,-1.326383529
2005-11-25,0.1601823811,0.1341725556,3.074295671,,0.02,-1.316032096
2005-11-26,0.1560074513,-0.0378441948,3.006079787,,-0.01,-1.355597835
2005-11-27,0.1518209222,-0.0378441948,2.941673099,,-0.01,-1.345106376
2005-11-28,0.7539283271,0.9921492267,1.896375157,,0.02,-1.334749441
2005-11-29,0.7497058738,0.9962072972,0.9017463294,,0.03,-0.7339609526
2005-11-30,0.7455022247,1.000292096,1.832598145,,0.03,-0.6972523955
2005-12-01,0.7413171272,1.004403966,1.812250613,,0.05,-0.5869711484
2005-12-02,0.7371503325,1.008543257,0.2639265316,,0.08,-1.087874053
2005-12-03,0.7330015952,-0.02906966006,0.2605271039,,0.09,-1.220833999
2005-12-04,0.7288706736,-0.02906966006,0.2571264976,,0.09,-1.211531729
2005-12-05,1.192668694,0.78115519,0.2537245814,,0.02,-1.202332324
2005-12-06,1.183626967,0.775966229,0.2503212228,,0.05,-0.8341698398
2005-12-07,1.174681633,0.7708032903,-0.6723820574,,0.05,-0.8761985861
2005-12-08,1.165830456,0.7656659358,-0.672271668,,0.14,-0.4677822421
2005-12-09,1.157071268,0.7605537342,0.2542063627,,0.05,-0.4451897125
2005-12-10,1.148401965,-0.05097904269,0.2507750597,,0.09,-0.7583159158
2005-12-11,1.139820506,-0.05097904269,0.247342075,,0.09,-0.7523882241
2005-12-12,1.499400779,0.5994265287,0.2438274468,,0.1,-0.7464874512
2005-12-13,1.48775153,0.6011308616,0.2403104701,,0.14,-0.8746251414
2005-12-14,1.476269562,0.6028395145,0.2418054257,,0.08,-1.087027622
2005-12-15,1.464950352,0.6045525134,0.2427290562,,0.02,-1.459899491
2005-12-16,1.453789543,0.6062698846,-0.6661870124,,0.07,-1.299559489
2005-12-17,1.44278294,-0.04531386051,-0.660087466,,0.06,-1.320685629
2005-12-18,1.431926501,-0.04531386051,-0.6540032472,,0.06,-1.311546112
2005-12-19,0.2901123601,-2.08249123,0.2801874082,,0.07,-1.302511603
2005-12-20,0.2908069244,-2.055681817,1.245650189,,0,-0.8792988539
2005-12-21,0.2915019428,-2.029632406,1.252911875,,0,-0.9929141042
2005-12-22,0.2921974167,-2.004305038,2.267543129,,-0.01,-1.211772104
2005-12-23,0.2928933474,-1.979664353,2.278641381,,-0.05,-1.509308691
2005-12-24,0.2935897362,0.005445250417,2.289878712,,-0.09,-1.523135546
2005-12-25,0.2942865846,0.005445250417,2.30125816,,-0.09,-1.525837033
2005-12-26,0.5513574202,0.4500457535,2.281452066,,-0.1,-1.529431411
2005-12-27,0.5516619184,0.449243722,1.272256954,,-0.05,-1.524284886
2005-12-28,0.5519665378,0.448442335,2.188207771,,-0.13,-0.7034514799
2005-12-29,0.5522712786,0.4476415904,3.948635319,,-0.04,-0.8385980257
2005-12-30,0.5525761408,0.4468414864,3.343220612,,-0.11,-0.6670489067
2005-12-31,0.5528811246,0.001995664175,3.258778776,,-0.12,-0.3674813623
2006-01-01,0.5531862301,0.001995664175,3.179785179,,-0.12,-0.3611963935
2006-01-02,0.5826686157,0.05339025811,3.10566423,,-0.11,-0.354874731
2006-01-03,0.5802718187,0.04958432091,4.928798875,,-0.1,-0.3494049012
2006-01-04,0.5778807902,0.04576611488,4.688109477,,-0.07,-0.9478176644
2006-01-05,0.5754954816,0.04193537023,2.98161045,,-0.11,-0.7910956864
2006-01-06,0.5731158446,0.03809181251,5.43892347,,-0.07,-0.8279843524
2006-01-07,0.5707418314,-0.01757857037,5.124621996,,-0.06,-1.027411414
2006-01-08,0.5683733946,-0.01757857037,4.857159282,,-0.06,-1.020887317
2006-01-09,0.2553236681,-0.5636052407,4.333465271,,-0.06,-1.014459266
2006-01-10,0.2564216504,-0.5586392186,3.263214685,,-0.07,-0.9203106623
2006-01-11,0.2575207718,-0.5536834098,3.183750839,,-0.08,-1.094917195
2006-01-12,0.2586210375,-0.5487374384,3.122216811,,-0.04,-1.032409432
2006-01-13,0.2597224532,-0.5438009297,-0.1277946281,,-0.06,-0.8491932913
2006-01-14,0.2608250243,0.008789140214,-0.1298988301,,-0.1,-0.8220684795
2006-01-15,0.2619287563,0.008789140214,-0.1320068803,,-0.1,-0.8153356317
2006-01-16,0.7836363093,0.9250570445,-0.1341188185,,-0.1,-0.8086364428
2006-01-17,0.7788658269,0.9177466405,-0.1362346847,,-0.08,-0.8021168696
2006-01-18,0.7741188568,0.910485402,-0.4838910665,,-0.15,-0.3327968047
2006-01-19,0.7693950449,0.9032721851,-0.4846296712,,-0.1,-0.09434691081
2006-01-20,0.7646940431,0.8961058691,0.00104778068,,-0.09,-0.272260188
2006-01-21,0.7600155086,-0.03435112345,-0.001473892513,,-0.12,1.546309743
2006-01-22,0.7553591041,-0.03435112345,-0.00399965786,,-0.12,1.568105004
2006-01-23,0.6151054117,-0.2774358217,-0.006529578908,-0.01492671239,-0.12,1.590612576
2006-01-24,0.61027655,-0.2793660034,0.1862096117,-0.01367166952,-0.09,1.152488593
2006-01-25,0.6054620607,-0.2813004394,0.5209663154,-0.008833788292,-0.04,0.7089091134
2006-01-26,0.6006616079,-0.2832391639,3.361018447,-0.009483624994,-0.01,0.3908125155
2006-01-27,0.5958748581,-0.2851822114,2.78931752,-0.005441688553,-0.04,0.06483976747
2006-01-28,0.5911014811,-0.04300511012,2.736131743,-0.003807082493,-0.03,-0.2608985507
2006-01-29,0.586341149,-0.04300511012,2.685444374,-0.003807082493,-0.03,-0.2576506098
2006-01-30,-0.4810278856,-1.933562125,4.864473222,-0.005351399589,-0.03,-0.2544019638
2006-01-31,-0.486425431,-1.924995232,5.0597959,-0.004285845526,-0.03,0.0548326842
2006-02-01,-0.4918741602,-1.916515818,4.401023492,-0.00440468204,-0.07,0.464232316
2006-02-02,-0.4973751966,-1.908122317,1.878758786,-0.004508101291,0.01,0.03272999656
2006-02-03,-0.502929698,-1.8998132,2.560580491,-0.001759571861,0.07,0.6665390481
2006-02-04,-0.5085388575,-0.032312409,2.518456485,0.001505489284,0.03,0.4663973267
2006-02-05,-0.5142039049,-0.032312409,2.478011715,0.001505489284,0.03,0.4638609225
2006-02-06,-0.2244346481,0.4755116265,0.8457196481,0.001465417644,0.03,0.4613291696
2006-02-07,-0.2342099032,0.4700678517,0.2936373911,-0.001072375896,0.05,0.5169670294
2006-02-08,-0.2442035736,0.464621514,0.2910251225,-0.002316536947,0.05,0.9172870569
2006-02-09,-0.2544274893,0.4591719606,0.2987324143,0.003011392787,0.1,0.3609570353
2006-02-10,-0.2648943937,0.4537185287,-0.3650724893,0.003103050298,0.11,0.5687036344
2006-02-11,-0.2756180383,-0.06560115719,-0.3651833839,0.004207135614,0.15,0.3841137204
2006-02-12,-0.2866132888,-0.06560115719,-0.3652942908,0.004207135614,0.15,0.3819333409
2006-02-13,0.1505853908,0.65288326,-0.6865656622,0.009496036861,0.15,0.3797557385
2006-02-14,0.1419596996,0.6489494851,-0.6849458223,0.01059053747,0.11,0.7258539261
2006-02-15,0.1331556547,0.6450296364,-0.6850121891,0.01057595523,0.11,-0.07488230571
2006-02-16,0.1241605491,0.6411235195,-0.6850121891,0.0097416762,0.12,-0.03006075538
2006-02-17,0.114960398,0.6372309418,-0.6850121891,0.008781322979,0.08,-0.6324374227
2006-02-18,0.1055397617,-0.08254446569,-0.6850121891,0.00699595457,0.01,-0.2468206698
2006-02-19,0.09588153706,-0.08254446569,-0.6850121891,0.00699595457,0.01,-0.2469745872
2006-02-20,-0.9529242458,-1.590018528,-0.6850121891,0.006277929767,0,-0.247128522
2006-02-21,-0.9688015985,-1.574800594,-0.6850121891,0.00918827208,0.03,-0.2482666317
2006-02-22,-0.985155402,-1.559852215,-0.6850121891,0.006238129083,0.02,0.04125172399
2006-02-23,-1.002013023,-1.54516433,-0.6850121891,0.005975452844,-0.03,-0.3462681829
2006-02-24,-1.019404098,-1.530728289,-0.6850121891,0.0007750853992,0.03,-0.3560997858
2006-02-25,-1.037360783,-0.04242983046,-0.6850121891,0.001412333447,0.02,-0.6552626302
2006-02-26,-1.05591804,-0.04242983046,-0.6850121891,0.001412333447,0.02,-0.6551800195
2006-02-27,-1.149181784,-0.152490372,-0.6850121891,0.001220325713,0.02,-0.6550974181
2006-02-28,-1.156725537,-0.1479818673,-0.6850121891,-0.001033182632,0.02,-0.5606911577
2006-03-01,-1.164361647,-0.1434572372,-0.6850121891,-0.007149119446,-0.05,-0.01691653074
2006-03-02,-1.17209224,-0.1389160075,-0.665920658,-0.00375405267,-0.03,-0.6039822705
2006-03-03,-1.17991951,-0.1343576935,-0.6700950701,-0.00722772672,-0.04,-0.470844992
2006-03-04,-1.187845722,-0.01849515165,-0.6742988197,-0.006176112916,-0.02,-0.2945461417
2006-03-05,-1.195873217,-0.01849515165,-0.6785323523,-0.006176112916,-0.02,-0.2938671238
2006-03-06,-0.9692152267,0.2836223893,-0.6827961228,-0.006903695883,-0.01,-0.2931884175
2006-03-07,-0.9633147168,0.2968642765,0.1182677842,-0.004136507744,0,0.2766669672
2006-03-08,-0.957455409,0.3105625049,0.1124885888,0.001145856251,0.03,0.2151449616
2006-03-09,-0.9516366167,0.3247526599,0.08665787013,0.003364561478,0.1,-0.0352658587
2006-03-10,-0.9458576678,0.3394743835,0.08303117358,0.004299364962,0.17,0.2264132207
2006-03-11,-0.940117904,0.02900751666,0.07939516014,0.00614109571,0.2,-0.3827718311
2006-03-12,-0.9344166805,0.02900751666,0.07574961554,0.00614109571,0.2,-0.3843568697
2006-03-13,-1.112752852,-0.2347083008,0.07432956108,0.006097980262,0.2,-0.385945061
2006-03-14,-1.105180605,-0.2334964872,-0.7482277135,0.006202449055,0.2,-0.737956071
2006-03-15,-1.097677402,-0.232285249,-0.7483269206,-0.0007560672153,0.16,-1.194581706
2006-03-16,-1.090241854,-0.2310745808,-0.7484261421,0.00016467789,0.15,-0.7446475499
2006-03-17,-1.082872611,-0.2298644772,-0.7451219174,-0.003535828062,0.1,-0.2825528992
2006-03-18,-1.075568356,0.03493232188,-0.7418303293,-0.003969702591,0.14,-0.1823128202
2006-03-19,-1.068327806,0.03493232188,-0.7385512467,-0.003969702591,0.14,-0.1844122044
2006-03-20,-0.8311540117,0.3694957324,-0.7374577146,-0.002108473465,0.12,-0.1865159502
2006-03-21,-0.8263120291,0.3678183356,-0.7341284042,0.00280245967,0.13,-0.4302189201
2006-03-22,-0.8214959287,0.3661427824,-0.7308117186,0.006371481086,0.21,-0.5577360702
2006-03-23,-0.8167053304,0.3644690576,-0.7254001555,0.009027389407,0.18,-0.8609416874
2006-03-24,-0.8119398606,0.3627971463,-0.7233179258,0.01126552621,0.17,-0.8923729161
2006-03-25,-0.8071991518,0.02700207814,-0.7200813984,0.01078108451,0.13,-0.8828273142
2006-03-26,-0.8024828427,0.02700207814,-0.7168566971,0.01078108451,0.13,-0.888051452
2006-03-27,-0.4550786246,0.537826264,-1.029244641,0.007940318093,0.06,-0.8933217492
2006-03-28,-0.4617971538,0.5321995665,-1.023357637,0.002703750845,0.07,-0.6961021952
2006-03-29,-0.4686000534,0.5265965001,-1.017513754,-0.0005651594097,0.1,-0.6122236476
2006-03-30,-0.4754897427,0.5210191218,-1.015152567,0.002734892103,0.12,-1.088134395
2006-03-31,-0.4824687379,0.5154698886,-1.008282288,-0.003831349312,0.12,-0.6263757727
2006-04-01,-0.4895396571,-0.03517085739,-1.002596742,-0.003928420727,0.12,-0.7661987615
2006-04-02,-0.4967052257,-0.03517085739,-0.9969512788,-0.003928420727,0.12,-0.7710012528
2006-04-03,-0.8598143135,-0.5614513883,-0.6798034257,-0.002937843248,0.11,-0.7758431023
2006-04-04,-0.8759345715,-0.5653948444,-0.3619700761,0.003074407848,0.19,-0.6417746149
2006-04-05,-0.8925697779,-0.5693640153,-0.3695531915,-0.0008003025583,0.2,-0.9684782657
2006-04-06,-0.9097518455,-0.5733592846,-0.366054236,0.001744659171,0.22,-0.9812749669
2006-04-07,-0.9275155509,-0.5773810439,-0.3647996255,0.002968113806,0.22,-0.7430822254
2006-04-08,-0.945898875,-0.04879696626,-0.3635461712,0.005580734899,0.27,-0.1275424604
2006-04-09,-0.9649433948,-0.04879696626,-0.3622938667,0.005580734899,0.27,-0.1297390562
2006-04-10,-0.7650015023,0.2531414593,-0.3610427052,0.003694186155,0.28,-0.1319399421
2006-04-11,-0.7808199592,0.2533468119,-0.6743526525,-0.0006220663352,0.18,-0.1858040578
2006-04-12,-0.7971568992,0.2535521965,-0.6600543636,-0.002046847636,0.14,0.4297855087
2006-04-13,-0.8140458262,0.2537576133,-0.6567402607,-0.004628784753,0.17,0.2435092649
2006-04-14,-0.8315233834,0.2539630621,-0.6534372803,-0.002990752878,0.28,-0.04674711068
2006-04-15,-0.8496297445,-0.04785072039,-0.650145298,-0.003052274669,0.28,-0.04644343986
2006-04-16,-0.868409066,-0.04785072039,-0.6468641911,-0.003052274669,0.28,-0.04613977485
2006-04-17,-0.1461539844,0.8929561638,-0.1779093407,-0.003631643095,0.25,-0.04583611557
2006-04-18,-0.1552787952,0.8923761608,-0.1769714354,-0.009202426599,0.13,0.109138841
2006-04-19,-0.1645909509,0.8917966512,-0.1789661153,-0.01358471371,0.06,-0.7900798369
2006-04-20,-0.1741003561,0.891217634,-0.1809646007,-0.01216170262,0.03,-0.8468102441
2006-04-21,-0.1838176556,0.8906391083,-0.1829669267,-0.01056682578,0.07,-0.5997240918
2006-04-22,-0.1937543091,-0.04942699322,-0.1849731285,-0.01119232299,0.04,-0.6339484286
2006-04-23,-0.2039226742,-0.04942699322,-0.1869832416,-0.01119232299,0.04,-0.6300430404
2006-04-24,-0.113445658,0.07110354111,-0.6568157086,-0.0117858804,0.03,-0.6261508061
2006-04-25,-0.1109039152,0.08647927429,-0.3491600124,-0.0101356311,0.01,-0.5025592629
2006-04-26,-0.1083600714,0.102706536,-0.3506053446,-0.0110962118,0.13,-0.4976781986
2006-04-27,-0.1058140697,0.1199020672,-0.3520531466,-0.01265103666,0.13,-0.4856311552
2006-04-28,-0.1032658529,0.1382070488,-0.3535034324,-0.01895862026,0.02,-0.4202549615
2006-04-29,-0.1007153633,0.01781766095,-0.3549562164,-0.02268003868,-0.04,-0.6056859807
2006-04-30,-0.09816254324,0.01781766095,-0.3564115129,-0.02268003868,-0.04,-0.6004631404
2006-05-01,-0.1436629128,-0.04770652934,-0.3578693363,-0.02258659823,-0.02,-0.5952533129
2006-05-02,-0.141266171,-0.04792504372,-0.6683265506,-0.02374905649,0.05,0.1332707971
2006-05-03,-0.1388683208,-0.04814356759,-0.6683265506,-0.02692137917,0.02,-0.2835647921
2006-05-04,-0.1364693169,-0.04836210098,-0.6784313097,-0.02904875697,-0.01,-0.2779682353
2006-05-05,-0.1340691142,-0.04858064393,-0.8312451387,-0.02967959494,0.01,-0.3728929925
2006-05-06,-0.1316676671,0.01673042852,-0.8301884823,-0.03196187507,-0.03,-0.5521623553
2006-05-07,-0.1292649299,0.01673042852,-0.8291334083,-0.03196187507,-0.03,-0.5466564412
2006-05-08,-1.846487494,-2.311960295,-1.132642343,-0.02616752059,0.02,-0.5411560561
2006-05-09,-1.831318467,-2.285718748,-1.128881332,-0.02488294422,0.07,-0.2428257233
2006-05-10,-1.81653835,-2.260329858,-1.12513996,-0.02404609313,0.05,-0.2459697161
2006-05-11,-1.802137432,-2.235754686,-1.108355534,-0.02872738383,0.01,-0.4064466856
2006-05-12,-1.788106716,-2.211957163,-0.9519742203,-0.02912671155,0.04,0.1470035621
2006-05-13,-1.774437889,0.09562555096,-0.9468487506,-0.02570234677,0.08,1.462741908
2006-05-14,-1.761123298,0.09562555096,-0.9417555585,-0.02570234677,0.08,1.457429296
2006-05-15,-1.794689893,0.01699109303,-0.634261888,-0.02258139371,0.08,1.452154502
2006-05-16,-1.777790846,0.005681852986,-1.058003309,-0.01626675909,0,0.9737069376
2006-05-17,-1.761224232,-0.006014801502,-1.051768137,-0.01713811309,-0.07,0.8019852926
2006-05-18,-1.744978298,-0.01813528379,-1.347538876,-0.01058114052,0.02,2.980077185
2006-05-19,-1.729041864,-0.03072107889,-1.517091564,-0.004461938513,0.02,3.43790102
2006-05-20,-1.71340429,0.04309519305,-1.504046197,-0.0021214332,0.04,3.476444495
2006-05-21,-1.698055437,0.04309519305,-1.491205357,-0.0021214332,0.04,3.381959434
2006-05-22,-1.915421969,-0.3161680301,-1.772316727,0.0002502336365,0.01,3.29405575
2006-05-23,-1.89321003,-0.3116817613,-1.351684901,0.002873318991,0,3.55809736
2006-05-24,-1.871540838,-0.3071898466,-1.340050777,0.001509883432,-0.03,3.791489857
2006-05-25,-1.850390601,-0.3026919283,-0.8548491239,0.009291419029,-0.07,3.130015163
2006-05-26,-1.829736958,-0.2981876438,-0.6702892039,0.006002560188,0.01,1.918085878
2006-05-27,-1.809558865,0.06847042806,-0.6671031379,0.006590683591,-0.01,1.1215467
2006-05-28,-1.789836505,0.06847042806,-0.6639277241,0.006590683591,-0.01,1.112582891
2006-05-29,-2.066006911,-0.4158017751,-0.6607956838,0.007253496854,-0.01,1.103706278
2006-05-30,-2.041494102,-0.4179542599,-0.353808079,0.009651621633,0.01,1.095865254
2006-05-31,-2.017629594,-0.4201131161,-0.260833521,0.009819007006,0.02,3.748851312
2006-06-01,-1.994383325,-0.4222783966,0.04542670458,0.01276384606,0.05,2.35683609
2006-06-02,-1.97172715,-0.4244501548,0.2871023046,0.009225960685,-0.01,1.185258058
2006-06-03,-1.949634689,0.06029745998,0.2880752306,0.006973661936,-0.1,1.058572668
2006-06-04,-1.92808118,0.06029745998,0.2890490912,0.006973661936,-0.1,1.053084824
2006-06-05,-1.531405627,0.7230811327,0.2756829827,0.002009063382,-0.1,1.047635816
2006-06-06,-1.517644413,0.7352889304,0.6689553348,0.00177167967,-0.04,2.413355647
2006-06-07,-1.504113854,0.7477958633,0.5717428866,0.006898355947,-0.03,2.769654622
2006-06-08,-1.490806889,0.7606166114,0.2595473969,0.004716319715,0.07,2.973115597
2006-06-09,-1.477716766,0.7737668907,-0.1681989296,0.01019370386,0.04,3.207824014
2006-06-10,-1.464837025,0.09337498874,-0.1697771426,0.006270613583,0.02,3.009388033
2006-06-11,-1.452161483,0.09337498874,-0.1713574686,0.006270613583,0.02,2.94441789
2006-06-12,-0.1791062752,2.344788619,-0.1609949233,0.006222322967,0.02,2.882957877
2006-06-13,-0.1755149142,2.30975556,-0.5485815979,0.008647503441,0.01,4.22491879
2006-06-14,-0.1719180283,2.275940133,-0.5486419893,0.005350957786,0.02,5.33971115
2006-06-15,-0.1683154366,2.243269488,-0.2552758734,0.01013365385,0.04,4.052020121
2006-06-16,-0.1647069561,2.21167674,0.03721374427,0.01006235987,0.08,1.43542159
2006-06-17,-0.1610924018,0.03251314711,0.03484797815,0.01034938891,0.1,2.048646201
2006-06-18,-0.1574715865,0.03251314711,0.03247940243,0.01034938891,0.1,2.029497132
2006-06-19,-0.08197299196,0.1561213197,0.03010796836,0.01041028218,0.1,2.01075661
2006-06-20,-0.07525214011,0.1625875151,0.2339783263,0.01595483051,0.13,2.256409847
2006-06-21,-0.06845638275,0.1691283819,0.4076763144,0.01269503582,0.1,1.730033202
2006-06-22,-0.06158260929,0.1757463623,0.1033451318,0.007996105248,0.13,1.201729825
2006-06-23,-0.05462754649,0.1824440058,-0.1950133702,0.0156958579,0.24,1.36885713
2006-06-24,-0.04758774674,0.06222427641,-0.1966294151,0.01914009004,0.27,1.368683205
2006-06-25,-0.04045957526,0.06222427641,-0.1982478559,0.01914009004,0.27,1.363980755
2006-06-26,-1.84985505,-2.921850688,-0.1998687105,0.02109006954,0.24,1.35930847
2006-06-27,-1.836369671,-2.861598354,-0.4058877684,0.01241531654,0.23,1.233120507
2006-06-28,-1.823279786,-2.804435445,-0.5798901064,0.01074629116,0.15,1.579876043
2006-06-29,-1.810579036,-2.750097918,-0.5798901064,0.004656766868,0.21,1.296423303
2006-06-30,-1.798261827,-2.698352345,-0.5798901064,0.006785587805,0.16,0.06116923108
2006-07-01,-1.786323322,0.1162868062,-0.5798901064,-0.003032052694,0.09,0.08959138483
2006-07-02,-1.774759431,0.1162868062,-0.5798901064,-0.003032052694,0.09,0.09549283227
2006-07-03,-0.6839101413,1.757288694,-0.005167471269,-0.003055320479,0.09,0.1014508681
2006-07-04,-0.6780212281,1.739388765,-0.0074638252,-0.008926396152,0.12,0.09092905636
2006-07-05,-0.6721592148,1.721856695,-0.009763357419,-0.00821277741,0.06,0.09372872998
2006-07-06,-0.6663241122,1.704678697,0.2760328795,-0.005831039414,0.11,0.5993638629
2006-07-07,-0.6605159976,1.68784169,0.3774865637,-0.007832159066,0.05,0.3757276699
2006-07-08,-0.6547350214,0.07721324025,0.373785284,-0.01174672211,0.01,0.5238295454
2006-07-09,-1.766152998,-1.506290331,0.3700864331,-0.01174672211,0.01,0.524500358
2006-07-10,-1.747485541,-1.509308929,0.3668805422,-0.01406223208,-0.03,0.5251717635
2006-07-11,-1.729214582,-1.512340364,0.4609291685,-0.01040685091,-0.02,0.5517279082
2006-07-12,-1.711324745,-1.515384736,0.5440543714,-0.003462047357,-0.06,0.1484859726
2006-07-13,-1.693801471,-1.518442146,0.2513231148,-0.005706177285,-0.07,0.770733315
2006-07-14,-1.676630966,0.07335085192,0.4261428221,-0.008683223766,-0.13,2.264335014
2006-07-15,-1.659800145,0.07335085192,0.4244511731,-0.00744506224,-0.14,2.348234394
2006-07-16,-1.643296591,0.07335085192,0.4227617921,-0.00744506224,-0.14,2.31436311
2006-07-17,-1.463075484,0.3156367674,0.42046898,-0.006863694278,-0.17,2.281636951
2006-07-18,-1.450545643,0.3110583455,-0.2605228083,-0.001434201111,-0.14,2.501440097
2006-07-19,-1.438203772,0.3064733205,-0.3451309737,-0.00259477624,-0.13,2.08135772
2006-07-20,-1.426044405,0.301881301,-0.3464058868,-0.002918889935,-0.12,1.124006038
2006-07-21,-1.414062291,0.2972818903,-0.6215962837,0.003593955315,-0.09,1.39721274
2006-07-22,-1.402252385,0.04828203967,-0.6215962837,0.002786816668,-0.05,1.887989939
2006-07-23,-1.390609835,0.04828203967,-0.6215962837,0.002786816668,-0.05,1.866323864
2006-07-24,-1.279958821,0.20147144,-0.6215962837,0.004947106759,-0.07,1.845176064
2006-07-25,-1.270139525,0.2006669788,-0.6187321897,0.00772682895,-0.07,0.8160320649
2006-07-26,-1.260436615,0.1998627731,-0.6158763575,0.006416568336,-0.15,0.7560283121
2006-07-27,-1.250847252,0.1990588212,-0.6130287058,0.006154598626,-0.15,0.6545729884
2006-07-28,-1.241368693,0.1982551216,-0.8519520648,0.004884870507,-0.08,0.7833521008
2006-07-29,-1.231998281,0.04432250157,-0.8458125922,0.003100741887,-0.14,0.5210879153
2006-07-30,-1.222733442,0.04432250157,-0.8397094044,0.003100741887,-0.14,0.5161539166
2006-07-31,-0.02279787431,1.895833561,-0.8329189937,0.0007409577134,-0.15,0.5112266918
2006-08-01,-0.02132004774,1.876230243,-0.8271738851,-0.002174860406,-0.12,0.7670647825
2006-08-02,-0.01984154048,1.857061664,-0.8214613181,-0.003539375681,-0.14,0.80273446
2006-08-03,-0.01836234197,1.838310665,-0.8157807043,-0.006240976153,-0.15,0.4968624161
2006-08-04,-0.01688244164,1.819961024,-0.3050075907,-0.006201776627,-0.15,0.542508312
2006-08-05,-0.01540182888,0.01118880667,-0.2998477817,-0.01095343195,-0.2,0.4864156553
2006-08-06,-0.01392049304,0.01118880667,-0.2946727714,-0.01095343195,-0.2,0.4812885469
2006-08-07,-0.8970624236,-1.319599979,-0.2909419849,-0.01489956771,-0.19,0.476163664
2006-08-08,-0.8899044604,-1.309131642,-0.2889202085,-0.01639496399,-0.26,0.8494476028
2006-08-09,-0.8827910582,-1.298805202,-0.2852451167,-0.01287626534,-0.22,0.8431536622
2006-08-10,-0.8757211335,-1.288617341,-0.2815686128,-0.01177670905,-0.17,0.8243700847
2006-08-11,-0.8686936222,-1.278564876,-0.5440170132,-0.006429014404,-0.19,0.504496783
2006-08-12,-0.8617074786,0.06311620741,-0.541880517,-0.007468375116,-0.16,0.4314205705
2006-08-13,-0.8547616749,0.06311620741,-0.5397484484,-0.007468375116,-0.16,0.426502704
2006-08-14,0.3647935755,1.855944412,-0.428963292,-0.01005471783,-0.16,0.4215839583
2006-08-15,0.3739888714,1.844256017,-0.4274227937,-0.009815158462,-0.12,0.4002517983
2006-08-16,0.3833633595,1.832731156,-0.4279935541,-0.009496465536,-0.12,0.03731481446
2006-08-17,0.3929250227,1.821365787,-0.428564697,-0.008540308648,-0.19,-0.3962223174
2006-08-18,0.4026823495,1.810156006,-0.4270094549,-0.007192982635,-0.13,-0.4691916231
2006-08-19,0.4126443753,0.04613191521,-0.4254562065,-0.003020787546,-0.15,-0.7263865475
2006-08-20,0.4228207302,0.04613191521,-0.4239049388,-0.003020787546,-0.15,-0.7262570609
2006-08-21,-1.040416875,-1.950786694,-0.5308757569,-0.002468377422,-0.15,-0.7261275981
2006-08-22,-1.038804231,-1.927948827,-0.5287501813,-0.008005378343,-0.17,-0.4790947588
2006-08-23,-1.03757419,-1.905684452,-0.5266288771,-0.003423412754,-0.14,-0.494470432
2006-08-24,-1.036758846,-1.883967992,-0.3895210407,-0.005060701911,-0.1,-0.4086035395
2006-08-25,-1.036394767,-1.862775443,-0.3901558783,0.001981547226,-0.02,-0.412370076
2006-08-26,-1.036523779,0.09879567345,-0.3907911678,0.00289137863,-0.06,-0.4550565573
2006-08-27,-1.037193926,0.09879567345,-0.3914269104,0.00289137863,-0.06,-0.4589010391
2006-08-28,-1.160266311,-0.07139719575,-0.3900420301,0.003834525704,-0.05,-0.462769205
2006-08-29,-1.151021911,-0.08131612256,-0.386963211,0.001989710442,0.01,-0.5211750036
2006-08-30,-1.141873993,-0.09147854693,-0.3838880562,0.003433900998,0.01,-0.4801856317
2006-08-31,-1.132820252,-0.1019003135,-0.3799839283,-0.003161754115,-0.02,-0.5097905689
2006-09-01,-1.123858451,-0.1125987446,-0.3755313524,-0.001455214074,-0.09,-0.4755183232
2006-09-02,-1.114986425,0.05736944972,-0.371077764,-0.002841911392,-0.08,-0.6336604343
2006-09-03,-1.106202067,0.05736944972,-0.3666228514,-0.002841911392,-0.08,-0.6385110746
2006-09-04,-0.3290392692,1.044807004,-0.3621663007,-0.004688279913,-0.11,-0.6434022824
2006-09-05,-0.3229641807,1.041704128,-0.3591416256,-0.003130741695,-0.07,-0.6483347937
2006-09-06,-0.3168552819,1.03861468,-0.3547825826,0.0005113492844,0.03,-0.3535254293
2006-09-07,-0.3107108881,1.035538542,-0.3484958064,0.002671841198,0.04,0.1351814246
2006-09-08,-0.3045292441,1.032475597,-0.4910035019,0.0005431797188,0.08,0.1936622228
2006-09-09,-0.298308519,0.04873676575,-0.4850360303,0.004646181324,0.09,-0.1288707176
2006-09-10,-0.292046801,0.04873676575,-0.4790579365,0.004646181324,0.09,-0.130891979
2006-09-11,0.1016086588,0.5221724219,-0.473068096,0.008484827326,0.12,-0.1329167259
2006-09-12,0.1089582835,0.5202994674,-0.4671360687,0.007956323207,0.16,-0.210529413
2006-09-13,0.1164122872,0.5184299126,-0.5749171888,0.007225352069,0.11,-0.6904154429
2006-09-14,0.123974886,0.516563734,-0.2827288718,0.003922535046,0.07,-1.020493022
2006-09-15,0.1316505276,0.5147009083,-0.2620349786,0.001288276682,0.11,-0.8559295648
2006-09-16,0.1394439082,0.04060161503,-0.2533134007,0.003347884764,0.14,-0.7643754651
2006-09-17,0.147359991,0.04060161503,-0.244358645,0.003347884764,0.14,-0.7666974222
2006-09-18,-0.50674039,-0.7318656966,-0.235213184,0.003717039001,0.1,-0.7690279395
2006-09-19,-0.5010017192,-0.7314071747,-0.22650073,0.003665566179,0.1,-0.7620144452
2006-09-20,-0.4952595973,-0.730948947,-0.4170038188,0.006057643432,0.07,-0.6754304245
2006-09-21,-0.4895132035,-0.730491013,-0.9494580712,0.005239441236,0.15,-0.9425278489
2006-09-22,-0.4837617012,-0.7300333725,-0.9437535337,0.00448576738,0.06,-0.5579111854
2006-09-23,-0.4780042372,0.04207660204,-0.9380873127,0.003674555218,0.02,-0.4076975301
2006-09-24,-0.4722399407,0.04207660204,-0.9324587854,0.003674555218,0.02,-0.4108570476
2006-09-25,-1.071827286,-0.6429083908,-1.193196173,0.003780586493,0.02,-0.4140314666
2006-09-26,-1.06821317,-0.6369034214,-1.184811908,0.005661992299,-0.07,-0.629588895
2006-09-27,-1.06484559,-0.6309102216,-0.8503297359,0.004577460821,-0.07,-0.8962904202
2006-09-28,-1.061738884,-0.6249280432,-0.6474279421,0.002043741591,-0.08,-0.8716334927
2006-09-29,-1.05890909,-0.6189561349,-0.6435005549,-0.001769642986,-0.08,-0.8074064693
2006-09-30,-1.056374185,0.07973322136,-0.6395868799,-0.001084389977,-0.08,-0.6845979408
2006-10-01,-1.054154356,0.07973322136,-0.6356867239,-0.001084389977,-0.08,-0.6796501743
2006-10-02,-1.419196773,-0.317268064,-0.3632921128,-0.002836828972,-0.11,-0.6747215986
2006-10-03,-1.415122376,-0.3168685573,-0.360214686,-0.003595918114,-0.09,-0.4051372538
2006-10-04,-1.411415629,-0.3164691766,-0.3561392751,-0.0005174301648,-0.06,-0.5522115205
2006-10-05,-1.408093419,-0.3160699217,-0.01695594753,0.003667017656,-0.08,-0.7215989654
2006-10-06,-1.405174664,-0.3156707923,-0.004661877685,0.000684245253,-0.07,-0.6662911594
2006-10-07,-1.402680568,0.08153184083,0.008134712406,0.003579050691,-0.01,-0.8547581285
2006-10-08,-1.400634912,0.08153184083,0.02148937166,0.003579050691,-0.01,-0.8535444361
2006-10-09,-1.604294657,-0.1504406025,0.04900518218,0.004368552131,-0.02,-0.8523328341
2006-10-10,-1.588926491,-0.1608946533,0.08656462713,0.004073533441,0.02,-0.7963114561
2006-10-11,-1.573833611,-0.1716182412,0.1305194968,0.00771122585,0.03,-0.8646263656
2006-10-12,-1.559006708,-0.1826286903,-0.1947191486,0.009891184716,0.14,-0.8176109549
2006-10-13,-1.544436903,-0.1939449268,-0.1835739295,0.009853198279,0.17,-1.049716833
2006-10-14,-1.530115719,0.04079904771,-0.1718309302,0.00953848449,0.2,-1.194952446
2006-10-15,-1.51603506,0.04079904771,-0.1593716961,0.00953848449,0.2,-1.187766123
2006-10-16,-1.980522714,-0.4946205253,-0.149124722,0.008258930166,0.23,-1.180645937
2006-10-17,-1.957383224,-0.4900205784,-0.1418059032,0.006674791317,0.2,-1.023865314
2006-10-18,-1.934835874,-0.4854268653,-0.1343897112,0.005353497118,0.2,-0.7356993465
2006-10-19,-1.912854118,-0.4808390822,-0.3315150708,0.005898727128,0.19,-0.9046446375
2006-10-20,-1.891413058,-0.4762569249,-0.3284575128,0.0018785918,0.22,-1.092969472
2006-10-21,-1.870489316,0.06551024479,-0.3254019376,0.0005861043327,0.22,-1.204912811
2006-10-22,-1.850060918,0.06551024479,-0.3223482583,0.0005861043327,0.22,-1.197661256
2006-10-23,-2.807943877,-1.080917188,-0.3223482583,0.002432481284,0.22,-1.190477132
2006-10-24,-2.765583919,-1.072355376,-0.3223482583,0.003277395449,0.24,-0.9874790752
2006-10-25,-2.72504436,-1.063871555,-0.6624948631,-0.0001951850293,0.25,-1.113818235
2006-10-26,-2.686206661,-1.055463885,-0.6606973711,-0.0007316010973,0.13,-1.16064183
2006-10-27,-2.648963456,-1.047130576,-0.6589037845,-0.006809933656,0.04,-1.200662384
2006-10-28,-2.613217263,0.1076399703,-0.6571140803,-0.01086119484,0,-1.092367307
2006-10-29,-2.578879385,0.1076399703,-0.6553282357,-0.01086119484,0,-1.08839904
2006-10-30,-1.941505839,0.8485280716,-0.6535462277,-0.01094448424,0,-1.084452394
2006-10-31,-1.918867103,0.8427109084,-0.6517680339,-0.0136009099,-0.03,-0.9091884819
2006-11-01,-1.896790737,0.8369611407,-0.311402173,-0.01541228494,-0.11,-0.948706023
2006-11-02,-1.875251803,0.8312800005,1.452473901,-0.01351903755,-0.15,-0.7709167961
2006-11-03,-1.854226878,0.8256689006,2.104901398,-0.01158499679,-0.15,-0.8084984954
2006-11-04,-1.83369394,0.05387154594,2.077533684,-0.01092406696,-0.07,-0.9195974727
2006-11-05,-1.813632265,0.05387154594,2.050954576,-0.01092406696,-0.07,-0.9186807159
2006-11-06,-1.246059393,0.7861511116,2.66429272,-0.01002026137,-0.05,-0.917765184
2006-11-07,-1.236855715,0.7816471347,2.840941476,-0.007402415782,-0.1,-0.9164739201
2006-11-08,-1.227754976,0.7771649216,2.784750824,-0.01187530674,-0.14,-0.9430755575
2006-11-09,-1.218754791,0.7727041667,2.193286292,-0.007220492076,-0.2,-1.08637168
2006-11-10,-1.209852847,0.7682645691,1.548585629,-0.006711293167,-0.21,-0.972692657
2006-11-11,-1.201046903,0.03580257041,1.53419571,-0.007121835235,-0.24,-1.06322707
2006-11-12,-1.192334786,0.03580257041,1.520048554,-0.007121835235,-0.24,-1.059527216
2006-11-13,-1.631840065,-0.5706778593,0.9017776994,-0.01000017268,-0.28,-1.055846192
2006-11-14,-1.615720987,-0.5665087528,0.6887013482,-0.005679773053,-0.23,-1.02078995
2006-11-15,-1.599901697,-0.5623508932,1.286909151,-0.004665716959,-0.16,-1.167282691
2006-11-16,-1.584371682,-0.5582040627,0.7972247835,-0.0005598080308,-0.11,-1.241080791
2006-11-17,-1.569120934,-0.5540680452,0.8015937505,0.003265929097,0.01,-1.29610262
2006-11-18,-1.554139912,0.05589064602,0.80599483,0.005068139344,-0.04,-1.335613776
2006-11-19,-1.539419518,0.05589064602,0.8104285061,0.005068139344,-0.04,-1.328784808
2006-11-20,-1.355429325,0.2922250709,0.8149369383,0.00428730147,-0.06,-1.322017596
2006-11-21,-1.344328541,0.2899087246,0.8093838928,0.00652325031,-0.01,-1.349813572
2006-11-22,-1.33337506,0.2875939189,0.2065309544,0.005401308171,0.02,-1.3753181
2006-11-23,-1.322564941,0.2852806165,0.204243708,-0.001270792458,-0.02,-1.270754203
2006-11-24,-1.311894385,0.2829687802,0.1975389368,-0.001939196221,-0.1,-1.264307613
2006-11-25,-1.301359729,0.04430759344,0.195269299,-0.006704809309,-0.13,-1.015751462
2006-11-26,-1.290957436,0.04430759344,0.192999706,-0.006704809309,-0.13,-1.011784528
2006-11-27,-0.4063370143,1.283428275,1.066803721,-0.007569065293,-0.09,-1.007838768
2006-11-28,-0.4024979178,1.276636601,1.406431124,-0.004584110265,-0.08,-0.3612549279
2006-11-29,-0.398662223,1.269905812,1.39424873,-0.007554826809,-0.08,-0.6418361926
2006-11-30,-0.3948297551,1.263234851,3.23277494,-0.006629464812,-0.06,-0.9666466691
2006-12-01,-0.3910003394,1.256622685,3.654887195,-0.009089528625,-0.09,-0.9328793931
2006-12-02,-0.3871738011,0.02789238601,3.547227352,-0.01031459886,-0.15,-0.6248193527
2006-12-03,-0.3833499653,0.02789238601,3.447742376,-0.01031459886,-0.15,-0.6259378387
2006-12-04,-1.115842084,-0.9955047421,2.58339787,-0.01361994633,-0.19,-0.6270581431
2006-12-05,-1.107028227,-0.9878149619,2.233157241,-0.01345916775,-0.17,-0.8040093486
2006-12-06,-1.098300174,-0.9801854445,2.203437852,-0.01663704223,-0.19,-0.786699164
2006-12-07,-1.089655921,-0.9726148411,0.5151045478,-0.01560068623,-0.24,-0.7629628692
2006-12-08,-1.081093524,-0.9651018345,-0.4969216443,-0.01699026897,-0.18,-0.2116831443
2006-12-09,-1.072611093,0.06125872225,-0.5001866885,-0.01401431845,-0.12,-0.4610283712
2006-12-10,-1.064206792,0.06125872225,-0.5034684489,-0.01401431845,-0.12,-0.4624561559
2006-12-11,-0.05286925742,1.442176581,-0.5033447301,-0.01441565145,-0.12,-0.4638866632
2006-12-12,-0.04985898416,1.42924769,-0.5005506471,-0.01384288141,-0.14,-1.024333257
2006-12-13,-0.04684299874,1.416513765,0.2302453653,-0.008403438889,-0.15,-1.047540658
2006-12-14,-0.04382118954,1.403968941,0.6662119342,-0.008220942179,-0.08,-1.238177001
2006-12-15,-0.04079344371,1.391607586,0.6886747262,-0.002792953639,-0.04,-1.319126204
2006-12-16,-0.03775964718,0.02078956538,0.6857846941,-0.0008241840321,0.02,-1.278756034
2006-12-17,-0.03471968457,0.02078956538,0.6829040023,-0.0008241840321,0.02,-1.271380687
2006-12-18,-0.9401677611,-1.201820242,0.680032563,-0.0001329916102,0.05,-1.264076167
2006-12-19,-0.9327099583,-1.192485848,0.6750548578,0.003233074632,0.1,-1.03525635
2006-12-20,-0.9253034459,-1.183253138,-0.0590898638,0.0007598776349,0.09,-1.149989033
2006-12-21,-0.9179469992,-1.174119686,-0.01595167729,0.002053264774,0.16,-1.159128807
2006-12-22,-0.9106394181,-1.165083141,-0.01785585995,0.004730531783,0.19,-1.044710657
2006-12-23,-0.9033795259,0.05157503924,-0.01976197439,0.006767677291,0.25,-0.707026891
2006-12-24,-0.8961661682,0.05157503924,-0.02167004563,0.006767677291,0.25,-0.7048139045
2006-12-25,-0.7475829341,0.2452065923,-0.01992172155,0.007045386433,0.24,-0.7026068944
2006-12-26,-0.7416375646,0.249393141,-0.01817222012,0.009499190298,0.24,-0.7000301316
2006-12-27,-0.7357302147,0.2536055406,-0.01642152322,0.009292311591,0.2,-0.7399701196
2006-12-28,-0.7298610528,0.257844268,-0.01466961264,0.00920778192,0.24,-0.9876746879
2006-12-29,-0.7240303282,0.2621098112,-0.3005796877,0.004691949162,0.2,-0.8451727927
2006-12-30,-0.7182383774,0.07023396947,-0.2977334126,0.004335886838,0.2,-0.6159193699
2006-12-31,-0.7124856325,0.07023396947,-0.2948885383,0.004335886838,0.2,-0.6158534552
2007-01-01,-1.469337084,-0.9058267556,-0.2957317341,0.003792494874,0.24,-0.6157875462
2007-01-02,-1.462436923,-0.9000548697,-0.2940360207,0.003312932535,0.26,-0.6153762793
2007-01-03,-1.455814443,-0.8943200187,-0.2923416026,0.003129342001,0.16,-0.6149652325
2007-01-04,-1.449475136,-0.8886215773,-0.2906484647,0.003445440138,0.13,-0.4225872129
2007-01-05,-1.443425326,-0.8829589327,-0.2889565922,0.005561644655,0.07,-0.63492618
2007-01-06,-1.43767224,0.0914746801,-0.2872659702,0.008190898246,0.09,-0.3827899137
2007-01-07,-1.432224088,0.0914746801,-0.285576584,0.008190898246,0.09,-0.3838344084
2007-01-08,-1.426581106,0.09120870252,-0.2838884187,0.006424725621,0.07,-0.3848801839
2007-01-09,-1.123698657,0.452705432,-0.4990017101,0.008838218408,0.07,-0.4402269544
2007-01-10,-1.119480543,0.4508166606,-0.4988785692,0.01227574548,0.07,-0.4762764817
2007-01-11,-1.115491624,0.4489308037,-0.4988533236,0.01217048377,0.13,-0.6521419783
2007-01-12,-1.111743032,0.4470478387,-0.5004074245,0.0100214908,0.08,-0.8908276139
2007-01-13,-1.108247176,0.4454376095,-0.5019648859,0.008337855636,0.14,-1.175220144
2007-01-14,-1.105017904,0.08277473746,-0.503525727,0.008337855636,0.14,-1.170468341
2007-01-15,-1.639746094,-0.5643457737,-0.5088347754,0.008225728233,0.14,-1.165747318
2007-01-16,-1.623497971,-0.5774468275,-1.178990302,0.007630280741,0.15,-1.160106586
2007-01-17,-1.607554343,-0.5909250271,-1.156669547,0.007962340393,0.09,-0.9219431118
2007-01-18,-1.591904476,-0.6048028656,-0.6831940184,0.007060173738,0.09,-0.97834789
2007-01-19,-1.576538152,-0.6191047759,-0.685879458,0.008217975249,0.06,-0.8712689155
2007-01-20,-1.561445634,0.05038322883,-0.6885764959,0.006756589633,0.06,-1.041922891
2007-01-21,-1.54661764,0.05038322883,-0.6912851439,0.006756589633,0.06,-1.034185486
2007-01-22,-0.9617204061,0.7715702504,-0.6902048617,0.006745176606,0.06,-1.026513992
2007-01-23,-0.9548232004,0.7674964821,-0.01653734151,0.008190056301,0.06,-0.8748998066
2007-01-24,-0.9479768094,0.7634410124,-0.2660018297,0.007038127998,0.1,-1.037400701
2007-01-25,-0.9411802224,0.7594036084,-0.7645621002,0.00392616875,0.08,-1.204887067
2007-01-26,-0.9344324519,0.7553840406,-0.7791672232,0.0006085082752,0.1,-0.6755922546
2007-01-27,-0.9277325319,0.03431822537,-0.7942074255,0.003773774009,0.1,-0.7049392795
2007-01-28,-0.9210795178,0.03431822537,-0.8097084193,0.003773774009,0.1,-0.6987634458
2007-01-29,0.04368331219,1.239430545,-0.8345651407,0.003692682129,0.1,-0.6926083834
2007-01-30,0.04416033371,1.229723701,-0.8483702138,0.002474373291,0.11,-0.5583307994
2007-01-31,0.04463741264,1.220127993,-0.6012844285,0.0005831123725,0.04,-0.7507487942
2007-02-01,0.04511454932,1.210640706,-0.6055877865,-0.001228532541,-0.03,-0.9641654544
2007-02-02,0.04559174408,1.201259212,0.02571189635,-0.002153777024,-0.07,-1.001212683
2007-02-03,0.04606899726,0.00295023377,0.02212097735,0.0005443163366,-0.07,-1.086794334
2007-02-04,0.04654630921,0.00295023377,0.0185189869,0.0005443163366,-0.07,-1.078334792
2007-02-05,1.059147813,1.259651958,0.8093119364,0.0005535125066,-0.07,-1.069953187
2007-02-06,1.051843759,1.249415562,0.8043137837,-0.001138989361,-0.07,-0.8718906635
2007-02-07,1.044602009,1.239300977,0.8001055934,-0.0001554972895,-0.1,-0.8269480131
2007-02-08,1.037421327,1.229305091,1.324615722,-0.001070239173,-0.07,-0.9555910532
2007-02-09,1.03030051,1.219424891,0.6826895164,0.001331807368,-0.08,-0.8990319916
2007-02-10,1.023238383,-0.03114458054,0.6864498821,0.0002129253901,-0.04,-0.6216942203
2007-02-11,1.0162338,-0.03114458054,0.6902337207,0.0002129253901,-0.04,-0.6165703788
2007-02-12,0.4592412287,-0.7173304829,-0.125084625,-0.001220521942,-0.01,-0.6114611983
2007-02-13,0.4583034224,-0.7118949225,0.6731483453,0.001320905372,0,-0.394830952
2007-02-14,0.4573664934,-0.7064819778,0.9472598614,-0.002060097234,0.02,-0.9159747804
2007-02-15,0.4564304385,-0.701091169,0.4127311813,-0.005741029195,-0.1,-0.9569189431
2007-02-16,0.4554952546,-0.6957220229,1.773446834,-0.01008975121,-0.1,-0.9574745458
2007-02-17,0.4545609386,-0.005003662996,1.756665196,-0.01003677059,-0.12,-1.038693007
2007-02-18,0.4536274875,-0.005003662996,1.740211882,-0.01003677059,-0.12,-1.035082293
2007-02-19,1.70071081,1.55073688,1.724229104,-0.01061639442,-0.14,-1.031708405
2007-02-20,1.704671971,1.559265086,1.728901789,-0.01015776631,-0.1,-1.040354499
2007-02-21,1.70865405,1.567897029,0.9337502896,-0.006563635621,-0.04,-0.968536482
2007-02-22,1.712657242,1.576634981,1.324641175,-0.004504140309,-0.09,-1.003340002
2007-02-23,1.716681748,1.585481286,2.30673682,-0.007229446906,-0.07,-1.006590096
2007-02-24,1.720727769,0.006094524769,2.278317229,-0.008152137857,-0.12,-0.8042385095
2007-02-25,1.724795511,0.006094524769,2.250726873,-0.008152137857,-0.12,-0.8003490999
2007-02-26,0.8586666982,-1.087000071,1.182853449,-0.007095126188,-0.11,-0.7966288694
2007-02-27,0.869776052,-1.079695041,1.182055844,-0.005193598654,-0.14,-0.4986224157
2007-02-28,0.8811160161,-1.072453951,1.185163882,-0.006504038418,-0.26,3.208076375
2007-03-01,0.8926959518,-1.065275547,-0.4052816713,-0.00591206632,-0.19,1.713298244
2007-03-02,0.9045257648,-1.058158609,-1.343651284,-0.003805231118,-0.24,1.92095916
2007-03-03,0.9166159464,0.02987593883,-1.332903594,-0.003464418326,-0.28,3.311047326
2007-03-04,0.9289776191,0.02987593883,-1.322295032,-0.003464418326,-0.28,3.258766549
2007-03-05,2.152575061,1.505903632,-1.539240866,-0.005838214678,-0.31,3.208661727
2007-03-06,2.123876688,1.507390866,-1.527067548,-0.0003551459834,-0.29,3.629510193
2007-03-07,2.096036225,1.509660297,-1.539271803,0.00240959149,-0.19,1.850608227
2007-03-08,2.069008829,1.512778256,-0.6184317358,0.003056851258,-0.22,1.50394487
2007-03-09,2.042752874,1.516820776,0.3107736338,0.004210407147,-0.19,1.036577541
2007-03-10,2.017229656,-0.06067892934,0.3073228515,0.003004199086,-0.11,0.936044059
2007-03-11,1.992403133,-0.06067892934,0.3038724773,0.003004199086,-0.11,0.9328394302
2007-03-12,-0.3310118164,-3.109600497,-0.3463407329,0.003102275242,-0.11,0.9296486156
2007-03-13,-0.3261178549,-3.051105777,-0.3426609642,-0.0002024229098,-0.14,0.8783401173
2007-03-14,-0.3212147918,-2.995612056,-0.3165436133,-0.0005109489051,-0.18,2.827227287
2007-03-15,-0.3163021117,-2.942874764,-1.242629463,0.0001017827401,-0.17,2.388095716
2007-03-16,-0.31137929,-2.892676884,-2.133976461,0.0007409267347,-0.13,1.972911519
2007-03-17,-0.3064457923,0.03500562613,-2.110084764,-0.001388208563,-0.14,2.119899677
2007-03-18,-0.3062227881,0.02841728311,-2.086874584,-0.001388208563,-0.14,2.098733517
2007-03-19,0.2107132882,0.6698113756,-1.445503572,-0.00192742633,-0.1,2.078055973
2007-03-20,0.208869078,0.6636716697,-1.435604159,0.0001843682503,0.04,1.068425553
2007-03-21,0.2070254193,0.6575467214,-1.427087956,-0.004525980423,-0.03,0.4642008616
2007-03-22,0.2051822933,0.6514357841,-0.496138839,-0.007359060079,-0.05,-0.02576010298
2007-03-23,0.203339681,0.6482688542,-0.1135484517,-0.01006274064,0.02,0.3265055545
2007-03-24,0.2014975635,-0.011790436,-0.1068655106,-0.008245942501,0.04,0.3502672671
2007-03-25,0.1996559221,-0.011790436,-0.1001106782,-0.008245942501,0.04,0.3652890648
2007-03-26,0.4841204638,0.352613527,-0.0932809022,-0.01131751707,0.02,0.380904263
2007-03-27,0.4817433023,0.3521857184,-0.0917278312,-0.009875677222,-0.03,0.5033388365
2007-03-28,0.4793706484,0.3517580682,-0.09088107512,-0.01026106194,0,0.6802434844
2007-03-29,0.477002458,0.351330576,-0.09003436166,-0.01110654473,0,1.438428235
2007-03-30,0.4746386877,0.3509032416,0.240565113,-0.009739789997,-0.07,1.527069777
2007-03-31,0.4722792942,-0.01371419642,0.2377942299,-0.01167297208,-0.04,1.293990509
2007-04-01,0.4699242343,-0.01371419642,0.2350233864,-0.01167297208,-0.04,1.3144819
2007-04-02,-0.1099160332,-0.7495250014,0.2322525155,-0.01010263994,-0.01,1.335671763
2007-04-03,-0.1092471439,-0.7451425251,0.2294815501,-0.009286126457,0.06,1.280709677
2007-04-04,-0.108578326,-0.7407797339,0.4178932609,-0.009236614619,0.07,0.7250961644
2007-04-05,-0.1079095785,-0.7364363506,0.9146437158,-0.009079915597,0.06,0.6140377696
2007-04-06,-0.1072409007,-0.7321121018,0.9073586861,-0.009500137571,0.06,0.6146909733
2007-04-07,-0.1065722916,0.004230463,0.9001208246,-0.008121334656,0.11,0.6183033719
2007-04-08,-0.1059037503,0.004230463,0.8929289873,-0.008121334656,0.11,0.6219371922
2007-04-09,-0.08236976423,0.03407493996,1.108297582,-0.008790375898,0.09,0.6255927185
2007-04-10,-0.07589472307,0.04233649207,1.099510303,-0.00522218836,0.1,0.5838654493
2007-04-11,-0.0693534962,0.05074360975,1.090807093,-0.005191498611,0.13,0.3445690181
2007-04-12,-0.06274348027,0.0593037064,0.8897696736,-0.003734854387,0.11,0.7831883833
2007-04-13,-0.05606194572,0.06802471817,0.3841244356,-0.007935488815,0.09,0.3680712386
2007-04-14,-0.04930602826,0.04535981734,0.382556352,-0.008856100789,0.12,0.09747023811
2007-04-15,-0.04247271972,0.04535981734,0.380990027,-0.008856100789,0.12,0.1023937124
2007-04-16,0.4483540565,0.6628038509,-0.5584662005,-0.008682610853,0.15,0.1073517316
2007-04-17,0.4487938031,0.6566185681,-0.5558411454,-0.009351433506,0.14,-0.005617792102
2007-04-18,0.4492337793,0.6504454087,0.3717249732,-0.01146447175,0.12,0.08947068882
2007-04-19,0.4496739854,0.6442835134,0.3702174232,-0.01239084955,0.08,0.251747693
2007-04-20,0.450114422,0.6381320164,0.3666627586,-0.01087124669,0.06,0.3238389289
2007-04-21,0.4505550893,0.0023313793,0.363110572,-0.01193023548,0.06,0.06688548794
2007-04-22,0.4509959877,0.0023313793,0.3595607247,-0.01193023548,0.06,0.07208641162
2007-04-23,2.412669813,2.538810539,-0.5225954157,-0.01192202871,0.06,0.07732636731
2007-04-24,2.406496058,2.527197716,-0.5216671327,-0.01238983413,0,0.6283310337
2007-04-25,2.400362384,2.515720697,-1.655076696,-0.01249213923,-0.02,0.6745504257
2007-04-26,2.394268343,2.504376768,-1.641224399,-0.01320345239,0,0.7229841509
2007-04-27,2.388213496,2.493163292,-1.627603382,-0.01129631823,-0.01,0.4843393255
2007-04-28,2.382197409,-0.006012497394,-1.614206586,-0.01290666434,-0.02,0.2905389741
2007-04-29,2.376219656,-0.006012497394,-1.601027249,-0.01290666434,-0.02,0.2886924223
2007-04-30,1.900533807,-0.6071394605,-0.7527525151,-0.01332080214,-0.02,0.286847232
2007-05-01,1.88097242,-0.6212029554,-0.7514228342,-0.01333154386,-0.07,1.277192664
2007-05-02,1.861843986,-0.6356997668,-0.5254735756,-0.01068007369,-0.09,0.8735232865
2007-05-03,1.843131468,-0.6506571745,-1.599780499,-0.00798226303,-0.06,0.6300448314
2007-05-04,1.824818754,-0.6661049466,-1.586470374,-0.007254129619,-0.06,0.6336899613
2007-05-05,1.80689059,-0.04409222234,-1.573374869,-0.008350137393,-0.07,0.5311216445
2007-05-06,1.789332528,-0.04409222234,-1.560487586,-0.008350137393,-0.07,0.5295296307
2007-05-07,1.724372895,-0.1134580346,-1.569818968,-0.006718728088,-0.06,0.5279402279
2007-05-08,1.707840162,-0.1140158046,-1.556930037,-0.007252849558,-0.02,0.6596636619
2007-05-09,1.691626493,-0.1145737217,-1.544243173,-0.004680472013,0.01,0.6905605035
2007-05-10,1.675720657,-0.1151317867,-0.4917405662,-0.005016206367,0.02,0.5043300165
2007-05-11,1.660111969,-0.1156900001,-1.283413046,-0.002296961622,0,0.9024748165
2007-05-12,1.644790251,-0.04684723464,-1.274986167,-0.001741109519,0.03,0.5372462402
2007-05-13,1.629745806,-0.04684723464,-1.266649376,-0.001741109519,0.03,0.5347493542
2007-05-14,0.882410681,-1.150187741,-1.236722235,-0.001888986829,0.05,0.5322580544
2007-05-15,0.8822001197,-1.141128582,-0.8377235698,-0.003510899446,0.11,1.087907737
2007-05-16,0.8819896242,-1.132163421,-0.4417981804,-0.003081717707,0.15,1.110176516
2007-05-17,0.8817791943,-1.123290088,-1.568293224,-0.003688319167,0.12,0.8282885973
2007-05-18,0.88156883,-1.11450648,-2.000993386,-0.001856640806,0.16,0.8352913161
2007-05-19,0.8813585313,-0.000887585353,-1.979918809,-0.003715386648,0.21,0.4199578852
2007-05-20,0.881148298,-0.000887585353,-1.959337322,-0.003715386648,0.21,0.4210377346
2007-05-21,0.7371803391,-0.2177840259,-1.939228652,-0.001889567835,0.26,0.4221190251
2007-05-22,0.7406916416,-0.2147258875,-2.282821175,-0.003169350246,0.24,0.7213603706
2007-05-23,0.7442232632,-0.2116663578,-2.607036686,-0.004839259559,0.26,0.5850658495
2007-05-24,0.7477754528,-0.2086053412,-1.537579959,-0.005904225257,0.25,0.6801509744
2007-05-25,0.7513484633,-0.2055427417,0.06061078489,-0.002205205254,0.24,1.138053933
2007-05-26,0.7549425524,0.01507519337,0.06013733248,-0.004315585628,0.25,0.7240900978
2007-05-27,0.7585579819,0.01507519337,0.05966389381,-0.004315585628,0.25,0.719906813
2007-05-28,-0.1095666447,-1.266366788,0.05919046858,-0.001998069518,0.22,0.7157411338
2007-05-29,-0.106708442,-1.263213547,0.05871705646,-0.003888692118,0.22,0.7116317667
2007-05-30,-0.1038467679,-1.260074275,0.05704038329,-0.004641678262,0.25,0.8119636027
2007-05-31,-0.1009815364,-1.256948853,-1.137404312,-0.004229567796,0.25,0.4232010504
2007-06-01,-0.09811266091,-1.253837166,-0.5015084187,-0.007178682891,0.24,0.5423155807
2007-06-02,-0.09524005394,0.02151514458,-0.505419103,-0.009173346245,0.27,0.3932195553
2007-06-03,-0.09236362743,0.02151514458,-0.5093547294,-0.009173346245,0.27,0.3927488337
2007-06-04,-0.2163098996,-0.1635112931,0.3814852005,-0.007325995737,0.25,0.3922783213
2007-06-05,-0.2151462898,-0.1663681509,0.3754010278,-0.005927616453,0.18,0.6697399735
2007-06-06,-0.2139831544,-0.1692340399,0.3702688867,-0.00860313265,0.22,0.8509850807
2007-06-07,-0.2128204886,-0.1721090778,1.601022436,-0.0075099727,0.17,1.51781057
2007-06-08,-0.2116582877,-0.1749933837,0.9004487283,-0.003207359601,0.24,2.664799602
2007-06-09,-0.2104965469,0.008399655954,0.8933750484,0.001083910063,0.23,1.456325096
2007-06-10,-0.2093352614,0.008399655954,0.8863464417,0.001083910063,0.23,1.444191539
2007-06-11,0.2376848768,0.6620632925,-1.510040798,0.000605052026,0.26,1.432235814
2007-06-12,0.2357420131,0.657264997,-1.499521692,0.0008702060686,0.24,1.35369239
2007-06-13,0.2337999741,0.6524841143,-1.073289647,0.002576869368,0.33,2.356941815
2007-06-14,0.2318587375,0.6477203115,-1.066295928,0.00209709353,0.27,1.329221991
2007-06-15,0.2299182814,0.6429732592,-1.038023128,0.004240112929,0.28,0.7554630572
2007-06-16,0.2279785837,-0.01424922953,-1.031369317,0.001276160767,0.24,0.9058017264
2007-06-17,0.2260396224,-0.01424922953,-1.024768515,0.001276160767,0.24,0.8996219567
2007-06-18,-0.9178630235,-1.678099962,0.02552196593,0.001342915407,0.24,0.8934827688
2007-06-19,-0.9148236049,-1.663513369,0.2369744569,0.002058221599,0.19,0.6192819013
2007-06-20,-0.9117966044,-1.649180996,-0.1873183616,-0.002393467937,0.15,0.3205230257
2007-06-21,-0.9087819105,-1.635094757,-0.1875524219,0.000427262077,0.19,1.255819094
2007-06-22,-0.9057794132,-1.621246923,-0.1877865151,0.005049292483,0.17,1.009848552
2007-06-23,-0.9027890038,0.01334230795,-0.1880206411,0.003241193218,0.13,1.786708103
2007-06-24,-0.8998105749,0.01334230795,-0.1882548,0.003241193218,0.13,1.767548709
2007-06-25,-1.094485386,-0.2708721607,-0.1884889918,0.004683133167,0.15,1.748804706
2007-06-26,-1.092488512,-0.2723013761,-0.3984725534,0.005445825789,0.07,2.176812167
2007-06-27,-1.090497383,-0.2737327146,-1.889934121,0.003677154153,0.12,3.2249086
2007-06-28,-1.088511966,-0.2751661891,-1.871304264,0.002221428518,0,1.548758755
2007-06-29,-1.086532228,-0.2766018125,-1.731681068,-0.005491774474,0.04,1.538927307
2007-06-30,-1.084558138,0.006975046782,-1.716563828,-0.006549183779,-0.04,1.856360153
2007-07-01,-1.082589663,0.006975046782,-1.70171794,-0.006549183779,-0.04,1.835853722
2007-07-02,-1.903165952,-1.189418137,-1.687134599,-0.005475524416,-0.07,1.815820087
2007-07-03,-1.900069575,-1.190376822,-1.672805397,-0.01124720298,-0.22,1.402524748
2007-07-04,-1.896984938,-1.191336884,-1.660433483,-0.01268794566,-0.07,1.161994177
2007-07-05,-1.893911962,-1.192298327,-0.2162953502,-0.01271194031,-0.09,1.152608289
2007-07-06,-1.890850571,-1.193261155,-0.2384426372,-0.009062297882,0.03,1.4090056
2007-07-07,-1.887800686,0.005055520239,-0.2399574482,-0.01106392962,0.06,1.036641401
2007-07-08,-1.884762233,0.005055520239,-0.2414745316,-0.01106392962,0.06,1.028467255
2007-07-09,-1.574505079,0.4543623561,0.8600907464,-0.01027631614,0.06,1.020361813
2007-07-10,-1.569053518,0.4563775118,1.86379533,-0.008171945884,0.08,1.220630184
2007-07-11,-1.563640995,0.4583983516,1.842810326,-0.01089317923,-0.09,2.334697824
2007-07-12,-1.558267003,0.4604249189,1.829652422,-0.01372409951,-0.03,1.873566005
2007-07-13,-1.552931046,0.4624572575,2.313959144,-0.01394896709,0.04,1.345691486
2007-07-14,-1.547632636,0.01287387051,2.294196211,-0.01507670185,0.03,1.153871731
2007-07-15,-1.542371293,0.01287387051,2.274843826,-0.01507670185,0.03,1.144622072
2007-07-16,-0.8118809998,1.103624933,1.069903458,-0.01584162606,0.06,1.135467193
2007-07-17,-0.8103940126,1.101265886,0.4829160934,-0.01649662636,-0.01,1.328826198
2007-07-18,-0.8089100728,1.098914798,0.4927143147,-0.01748881437,0.03,1.335798486
2007-07-19,-0.8074291661,1.096571614,0.6933407875,-0.01531841744,-0.09,1.493440926
2007-07-20,-0.8059512787,1.094236282,1.187596017,-0.0149363762,0,1.128534749
2007-07-21,-0.8044763966,0.007101031707,1.187023356,-0.01509890131,-0.05,1.900367136
2007-07-22,-0.8030045059,0.007101031707,1.186451177,-0.01509890131,-0.05,1.878991166
2007-07-23,-1.055649849,-0.3733432685,1.18199398,-0.009783839204,-0.01,1.858126783
2007-07-24,-1.055260523,-0.374708054,0.7870630965,-0.01108359926,-0.05,1.775478289
2007-07-25,-1.054871423,-0.3760750896,0.7880618729,-0.01271659027,-0.1,2.520691324
2007-07-26,-1.054482548,-0.3774443872,0.5932322632,-0.009026793494,-0.2,2.287578237
2007-07-27,-1.054093899,-0.378815959,-0.4330744426,-0.004886942044,-0.32,3.371506399
2007-07-28,-1.053705474,0.001397536974,-0.4292516078,-0.0002928104352,-0.31,4.640656219
2007-07-29,-1.053317275,0.001397536974,-0.4254334683,-0.0002928104352,-0.31,4.444949926
2007-07-30,0.4544110659,2.246333209,-0.4216198546,-3.634346283e-05,-0.27,4.270879913
2007-07-31,0.4497313945,2.216598939,-0.4178105974,0.002763197509,-0.15,2.932020611
2007-08-01,0.4450545757,2.187775029,-0.4155735942,0.001259258227,-0.27,3.819985876
2007-08-02,0.440380269,2.159813311,0.8225978156,0.003020839821,-0.3,3.755550227
2007-08-03,0.4357081325,2.132669118,0.8742181158,0.003123209261,-0.27,2.813768115
2007-08-04,0.4310378229,-0.03676277042,0.8698648298,0.0009740542482,-0.29,4.067576329
2007-08-05,0.4263689948,-0.03676277042,0.8655344932,0.0009740542482,-0.29,3.927635006
2007-08-06,-0.6943900534,-1.622721035,0.8648961561,0.002093437263,-0.25,3.800250318
2007-08-07,-0.6908079473,-1.608101395,1.237524529,0.002170929776,-0.27,3.006694769
2007-08-08,-0.6872391486,-1.59375415,1.235618636,0.005616627459,-0.13,2.520859566
2007-08-09,-0.6836835004,-1.579670861,-0.03218075436,0.00394357145,-0.07,2.446656821
2007-08-10,-0.6801408477,-1.565843493,0.0002640557009,0.007798925558,-0.06,3.886898475
2007-08-11,-0.6766110376,0.02065151679,0.01261224872,0.008666072031,-0.04,4.260435626
2007-08-12,-0.6730939188,0.02065151679,0.02545687434,0.008666072031,-0.04,4.099212384
2007-08-13,0.3324531849,1.441534241,0.03551908544,0.009312691226,-0.07,3.953873298
2007-08-14,0.3285846745,1.428985916,-0.3552618763,0.01187179071,-0.06,3.385353858
2007-08-15,0.3247158458,1.416627639,-0.2279963475,0.01208257954,-0.07,3.57482028
2007-08-16,0.3208465052,1.404453928,-0.1844718065,0.01484987962,-0.01,4.187150421
2007-08-17,0.3169764585,1.392459524,-0.5868248101,0.01450584456,-0.09,4.068704849
2007-08-18,0.3131055101,-0.02903444952,-0.5855233136,0.00823636937,-0.03,3.738971842
2007-08-19,0.3092334634,-0.02903444952,-0.5842237864,0.00823636937,-0.03,3.624891436
2007-08-20,0.6103422715,0.4003574231,-0.5829262197,0.007769911467,-0.04,3.519806002
2007-08-21,0.6087896026,0.4060311858,0.3410394253,0.008428024627,0,2.645734229
2007-08-22,0.607239744,0.4117618927,0.2198651149,0.009277192667,-0.06,2.368617113
2007-08-23,0.6056926809,0.4175509226,0.2223894542,0.008531270966,-0.04,1.827899291
2007-08-24,0.6041483986,0.4233997001,0.6317959521,0.009438917167,-0.05,1.75036827
2007-08-25,0.6026068826,-0.008669063722,0.6328873919,0.006255377057,-0.04,1.323718682
2007-08-26,0.6010681183,-0.008669063722,0.633980566,0.006255377057,-0.04,1.312595217
2007-08-27,-1.201601926,-2.568753954,0.7964582509,0.00617648575,-0.06,1.301617198
2007-08-28,-1.196863396,-2.539506544,-0.1355231952,0.00314840474,-0.13,1.719072402
2007-08-29,-1.192155565,-2.511089477,-0.1345041963,0.007953907082,-0.25,2.455796824
2007-08-30,-1.187478045,-2.483462794,-0.133316385,0.002958016288,-0.16,1.899957586
2007-08-31,-1.182830454,-2.456589186,-0.1321287161,0.002256168107,-0.24,2.13831963
2007-09-01,-1.178212416,0.01546522191,-0.1309411845,0.001561140017,-0.22,1.763409001
2007-09-02,-1.173623564,0.01546522191,-0.1297537852,0.001561140017,-0.22,1.74471788
2007-09-03,0.03332381354,1.67753495,-0.1285665132,0.0006858739872,-0.18,1.726423275
2007-09-04,0.03133693915,1.662575254,-0.2870243339,-0.003961012999,-0.15,1.708509781
2007-09-05,0.02934843254,1.647881662,-0.2851685836,-0.009080288758,-0.1,1.568678001
2007-09-06,0.02735826648,1.633445516,1.383488341,-0.01433215146,-0.1,1.91890028
2007-09-07,0.02536641362,1.619258546,3.118189857,-0.009247341469,-0.13,1.778274167
2007-09-08,0.02337284645,-0.01350471908,3.047219408,-0.01086843584,-0.26,2.205939993
2007-09-09,0.02137753734,-0.01350471908,2.980321597,-0.01086843584,-0.26,2.175845219
2007-09-10,0.8440494954,1.094596569,3.722301798,-0.009763962392,-0.25,2.14668538
2007-09-11,0.8371835607,1.08589839,4.59277293,-0.01095498347,-0.24,2.340656616
2007-09-12,0.8303542339,1.077281222,5.207446658,-0.0124909936,-0.26,1.901101923
2007-09-13,0.8235605437,1.068743138,3.605606562,-0.01430156827,-0.21,1.819707462
2007-09-14,0.816801532,1.060282263,2.08669938,-0.01141148706,-0.16,1.761625164
2007-09-15,0.8100762534,-0.05523124382,2.06009806,-0.01043909302,-0.2,1.773335984
2007-09-16,0.8033837743,-0.05523124382,2.034246936,-0.01043909302,-0.2,1.7543515
2007-09-17,0.774067901,-0.08532852344,1.316265133,-0.009642039549,-0.18,1.735774286
2007-09-18,0.7676385903,-0.08376129559,0.5064079182,-0.0108312713,-0.12,2.009261758
2007-09-19,0.7612371105,-0.08219370503,0.4335984511,-0.01129992936,-0.19,0.8371821662
2007-09-20,0.7548626552,-0.08062573966,0.5716131897,-0.01684582919,-0.11,0.7700999301
2007-09-21,0.7485144263,-0.0790573874,0.5676221766,-0.02398059517,0,0.8431226674
2007-09-22,0.742191633,-0.0473629861,0.5636421498,-0.02329519128,-0.03,0.5616647827
2007-09-23,0.7358934914,-0.0473629861,0.5596729164,-0.02329519128,-0.03,0.5560376854
2007-09-24,2.041395277,1.684157744,0.5557142853,-0.02331291749,-0.03,0.5504159162
2007-09-25,2.020464648,1.666996997,0.5489829903,-0.02393764423,-0.03,0.6153491963
2007-09-26,2.000098512,1.650173486,-0.1656257656,-0.02358322652,0.05,0.4625799361
2007-09-27,1.980274859,1.633674854,-0.3068748686,-0.02154487901,0.02,0.271553598
2007-09-28,1.960973087,1.61748936,-0.307890814,-0.02083951898,0.08,0.1459329583
2007-09-29,1.942173898,-0.09276691488,-0.3089078272,-0.0251817107,0.08,0.3337242572
2007-09-30,1.923859215,-0.09276691488,-0.3099259127,-0.0251817107,0.08,0.328672503
2007-10-01,1.623136587,-0.4636096895,-0.3109450749,-0.0245648357,0.13,0.3236097115
2007-10-02,1.607934467,-0.4595396932,-0.393330123,-0.02199960398,0.1,0.2877129767
2007-10-03,1.593012436,-0.4554754835,-0.3925290668,-0.01639273478,0.05,0.408916542
2007-10-04,1.578361285,-0.4514168555,-0.4095390152,-0.01634037738,0.01,0.4637969256
2007-10-05,1.56397224,-0.447363605,-0.4103161733,-0.01666625318,0.04,0.3884486145
2007-10-06,1.549836936,-0.07187370862,-0.4110940418,-0.02123865932,0.14,0.08425953901
2007-10-07,1.535947392,-0.07187370862,-0.4118726229,-0.02123865932,0.14,0.07993004351
2007-10-08,1.592877101,0.02929395454,-0.4126519185,-0.02244810015,0.13,0.07558334411
2007-10-09,1.577709434,0.03357650287,-0.4134319309,-0.02061766661,0.15,0.1797404844
2007-10-10,1.562810235,0.03788033971,0.2831244494,-0.014025527,0.13,-0.08941681043
2007-10-11,1.548170511,0.04220593138,0.2968747427,-0.00772030995,-0.01,0.01470146557
2007-10-12,1.533781677,0.04655375496,0.8520610367,-0.01087933157,0.01,0.448410158
2007-10-13,1.519635534,-0.05152321884,0.8475639639,-0.009738165871,0.05,0.2138792816
2007-10-14,1.505724248,-0.05152321884,0.8430905689,-0.009738165871,0.05,0.2085142401
2007-10-15,1.739853908,0.3007336781,0.9794516116,-0.008831345588,0.03,0.2031226339
2007-10-16,1.725617776,0.3050690301,0.9765015385,-0.008764035595,0,0.5035002015
2007-10-17,1.711624244,0.3094335712,0.3830501078,-0.007887699804,-0.03,0.652853869
2007-10-18,1.697865873,0.3138278458,0.3856712074,-0.009137413697,-0.05,0.3479647501
2007-10-19,1.684335537,0.3182524116,-0.1638909285,-0.00699546757,-0.07,0.3344063096
2007-10-20,1.671026412,-0.03439053003,-0.1614021116,-0.009271578521,-0.18,1.232459095
2007-10-21,1.657931954,-0.03439053003,-0.1589123285,-0.009271578521,-0.18,1.22263639
2007-10-22,1.598382789,-0.103154181,-0.2943480052,-0.008568432473,-0.17,1.2129293
2007-10-23,1.584045581,-0.1057503393,-0.2914217636,-0.00485403863,-0.12,0.9368684121
2007-10-24,1.569953105,-0.1083527169,-0.3961010103,-0.01003141472,-0.14,0.6802155135
2007-10-25,1.556097566,-0.1109613933,-0.3933275653,-0.01027827018,-0.17,0.7533759342
2007-10-26,1.542471511,-0.113576449,-0.11737698,-0.008230171491,-0.3,0.8224122575
2007-10-27,1.529067804,-0.04705388092,-0.1124371496,-0.01199590475,-0.29,0.4860007885
2007-10-28,1.515879617,-0.04705388092,-0.1074723844,-0.01199590475,-0.29,0.4800865283
2007-10-29,1.04036761,-0.767874868,-0.1024819473,-0.01209062459,-0.29,0.4741622825
2007-10-30,1.039909506,-0.7614460243,-0.09740974144,-0.01594855433,-0.3,0.5325624111
2007-10-31,1.039451715,-0.7550448514,-0.09427006065,-0.01532485113,-0.27,0.7763223576
2007-11-01,1.038994235,-0.748670581,-0.09011047661,-0.01493202019,-0.18,0.2390413245
2007-11-02,1.038537067,-0.7423224553,-0.3598112089,-0.01580338762,-0.36,1.213639813
2007-11-03,1.03808021,-0.001736609326,-0.3535585728,-0.01878811628,-0.44,1.162880279
2007-11-04,1.037623663,-0.001736609326,-0.3472695734,-0.01878811628,-0.44,1.154320894
2007-11-05,1.856533123,1.295846284,-0.3425570583,-0.01818338456,-0.42,1.145862263
2007-11-06,1.837935101,1.285224343,-0.3378388518,-0.02014280313,-0.37,1.4093946
2007-11-07,1.81973249,1.274737452,-0.3494454578,-0.02233000055,-0.29,0.7884491007
2007-11-08,1.801910271,1.264382158,-0.3486171385,-0.024862582,-0.29,1.844378166
2007-11-09,1.784454209,1.254155136,-0.1551500296,-0.02040256866,-0.21,1.756138533
2007-11-10,1.767350806,-0.0494532565,-0.1581518368,-0.0182006051,-0.27,2.214200754
2007-11-11,1.750587249,-0.0494532565,-0.1611637372,-0.0182006051,-0.27,2.185055103
2007-11-12,0.5816290766,-1.937040069,-0.1649754176,-0.02444040817,-0.29,2.156789582
2007-11-13,0.5849757101,-1.917502323,-0.1688058929,-0.01912520138,-0.29,2.635827296
2007-11-14,0.5883404091,-1.898447293,-1.158498174,-0.01246422879,-0.21,1.228663058
2007-11-15,0.5917233975,-1.879856751,-1.136486252,-0.01139428286,-0.16,1.579996841
2007-11-16,0.5951249029,-1.861713554,-1.128007559,-0.002336844735,-0.24,1.976442616
2007-11-17,0.5985451566,0.01776721588,-1.119612284,-0.003709950162,-0.25,1.45643889
2007-11-18,0.6019843942,0.01776721588,-1.11129857,-0.003709950162,-0.25,1.443280424
2007-11-19,0.4318001709,-0.2596071072,-1.295107893,-0.001046841692,-0.24,1.430323864
2007-11-20,0.427651531,-0.2750256321,-1.286243812,0.002250204869,-0.36,1.517606146
2007-11-21,0.4235067245,-0.2911273855,-0.3139093147,0.00138323448,-0.46,1.288023106
2007-11-22,0.4193655278,-0.3079805979,-0.3161761833,0.001933541791,-0.38,1.652126784
2007-11-23,0.4152277175,-0.3256636055,-0.3221494615,0.004887931927,-0.3,1.635748112
2007-11-24,0.4110930699,-0.03791816933,-0.3281862542,0.003892346252,-0.29,1.387644448
2007-11-25,0.406961361,-0.03791816933,-0.3342882709,0.003892346252,-0.29,1.375955892
2007-11-26,1.048766999,1.079585723,-0.3377141371,0.003974794426,-0.31,1.364429783
2007-11-27,1.041337603,1.076350992,-0.1120217358,0.007358707616,-0.48,1.967323962
2007-11-28,1.03397132,1.073130884,1.570291086,0.01527427492,-0.33,1.457848292
2007-11-29,1.026666869,1.069925267,1.5554692,0.01310173787,-0.17,1.041090439
2007-11-30,1.019423,1.066734009,1.541636832,0.0102485262,-0.21,1.006704181
2007-12-01,1.012238497,-0.04594345931,1.528032545,0.01310965787,-0.19,0.7928028944
2007-12-02,1.005112172,-0.04594345931,1.514649237,0.01310965787,-0.19,0.7862365777
2007-12-03,0.9954499098,-0.0501510817,0.8061863995,0.01306957554,-0.19,0.7797001644
2007-12-04,0.9891415393,-0.0486157907,0.5742149035,0.006045907144,-0.29,0.9122962393
2007-12-05,0.9828800701,-0.04707992147,-1.066944501,0.007869201087,-0.29,0.9388487264
2007-12-06,0.9766646765,-0.0455434624,-1.060711372,0.004850108395,-0.15,0.6948106679
2007-12-07,0.970494551,-0.04400640182,-0.9733475929,0.006813840852,-0.03,0.3935821804
2007-12-08,0.9643689039,-0.0382574946,-0.967108907,0.004722441787,0.06,0.3684592367
2007-12-09,0.9582869626,-0.0382574946,-0.9609152844,0.004722441787,0.06,0.3641678261
2007-12-10,0.5008607672,-0.8366568183,-0.2862816176,0.002388127721,0.16,0.3598757473
2007-12-11,0.4966517981,-0.836532972,0.7989107701,0.004692915926,0.21,0.3346954924
2007-12-12,0.4924504269,-0.8364091483,0.8135319655,0.004280507571,0.11,0.869729855
2007-12-13,0.4882564289,-0.8362853471,0.92033536,0.004567493107,0.16,0.6506108641
2007-12-14,0.4840695807,-0.8361615686,0.8358925514,0.01007413849,0.24,0.6617662965
2007-12-15,0.4798896594,-0.03788062604,0.8347000966,0.01340342274,0.27,0.7907234542
2007-12-16,0.4757164433,-0.03788062604,0.8335096482,0.01340342274,0.27,0.7841435283
2007-12-17,0.5287771079,0.06286642358,0.8333367913,0.01446519715,0.45,0.7775930559
2007-12-18,0.5243833501,0.06255623651,-0.1147926176,0.01261741093,0.28,1.009244078
2007-12-19,0.5199985901,0.06224606001,-0.1112581248,0.01275672532,0.09,0.642543192
2007-12-20,0.5156225728,0.06193589399,-0.2144533606,0.01394904893,0.12,0.4526462942
2007-12-21,0.5112550446,0.06162573835,-0.212341458,0.009465394349,0.11,0.2354144447
2007-12-22,0.506895753,-0.03942783616,-0.210230016,0.008323923357,0.21,-0.1779213375
2007-12-23,0.5025444466,-0.03942783616,-0.2081190061,0.008323923357,0.21,-0.1834515119
2007-12-24,1.004534014,0.8525910971,-0.2086762243,0.00810907594,0.27,-0.1890316775
2007-12-25,0.9976211351,0.8509201236,-0.2092336672,0.005705542272,0.29,-0.1694612595
2007-12-26,0.9907624362,0.8492530322,-0.3394069285,0.003376908621,0.22,-0.1752102531
2007-12-27,0.9839568734,0.8475898032,0.5601968061,-4.670465312e-05,0.18,-0.1689103944
2007-12-28,0.9772034267,0.8459304167,0.5590217976,-0.000624024961,-0.01,0.1422409924
2007-12-29,0.9705011001,-0.04443429464,0.5578483611,-0.003711834188,-0.08,0.2317686162
2007-12-30,1.141255751,0.2712915323,0.5566764901,-0.003711834188,-0.08,0.2258970919
2007-12-31,1.141106686,0.2835306681,0.5530068425,-0.00305750041,-0.11,0.2199883931
2008-01-01,1.140957653,0.2961473768,0.5493468802,-0.0009719386163,0,0.5684001169
2008-01-02,1.140808654,0.3091683758,0.5437471123,-0.001172342088,-0.05,0.5625096816
2008-01-03,1.140659687,0.3226231304,0.5381514728,-0.008720020768,-0.28,0.691923341
2008-01-04,1.140510754,-0.0006140256951,-0.3680077086,-0.01330797428,-0.32,0.5479391932
2008-01-05,1.140361853,-0.0006140256951,-0.3720346728,-0.01313436797,-0.34,0.8366041918
2008-01-06,1.300715123,0.3052908766,-0.3760870445,-0.01313436797,-0.34,0.829946378
2008-01-07,1.295918521,0.3017440834,-0.2198065764,-0.01424401041,-0.3,0.823326871
2008-01-08,1.291153404,0.298197138,0.5994157658,-0.01091428685,-0.23,0.7858721114
2008-01-09,1.286419381,0.2946498945,0.5952725969,-0.01406946114,-0.16,1.115131506
2008-01-10,1.281716067,0.2911022064,0.5894503845,-0.008718960534,-0.18,0.8382369869
2008-01-11,1.277043081,-0.01936203641,0.7934701267,-0.008239715295,-0.16,0.6934314074
2008-01-12,1.272400054,-0.01936203641,0.7868539539,-0.009358484052,-0.28,0.734766313
2008-01-13,1.267786617,-0.01936203641,0.7802673813,-0.009358484052,-0.28,0.7284157029
2008-01-14,0.4062541715,-1.66936365,0.6124496991,-0.007288852812,-0.32,0.7220875233
2008-01-15,0.4078250108,-1.653967407,0.6860009735,-0.01002122455,-0.35,0.5525813346
2008-01-16,0.4093990221,-1.638851102,0.6798091762,-0.008530669709,-0.5,0.6390178016
2008-01-17,0.4109762244,-1.624005376,-1.146916197,-0.0001549886267,-0.35,0.8519892809
2008-01-18,0.4125566371,-1.609421302,-1.452135278,0.002701133805,-0.35,1.701250747
2008-01-19,0.4141402795,0.01196315065,-1.447902461,0.005507404909,-0.36,1.419877827
2008-01-20,0.4157271713,0.01196315065,-1.443693938,0.005507404909,-0.36,1.409491587
2008-01-21,0.244079968,-0.3118849043,-1.439338388,0.003000098181,-0.31,1.399285685
2008-01-22,0.2436689783,-0.3157218122,-2.013664817,0.003311402359,-0.31,1.388295875
2008-01-23,0.2432580906,-0.3195806901,-2.81551545,0.005468297083,-0.31,2.174918506
2008-01-24,0.2428473046,-0.3234618935,-2.177705996,0.007652049176,-0.27,1.739296705
2008-01-25,0.2424366201,-0.3273657852,-0.4343474452,-0.0004896539592,-0.12,1.466515533
2008-01-26,0.2420260368,-0.003708023531,-0.4412314657,-0.0003170985594,-0.22,1.726716281
2008-01-27,0.2416155546,-0.003708023531,-0.4482048555,-0.0003170985594,-0.22,1.713077562
2008-01-28,1.243462803,1.885603597,-0.3515424391,-0.003945438185,-0.23,1.699756843
2008-01-29,1.234829269,1.864307127,0.2487713569,-0.00430155429,-0.24,1.415315882
2008-01-30,1.226288288,1.843514159,0.2412197958,-0.009439043183,-0.19,1.309266814
2008-01-31,1.217837838,1.823203287,-0.4358114865,-0.009801099276,-0.23,1.363257231
2008-02-01,1.209475953,1.803354353,-0.3549416657,-0.009682590216,-0.23,1.054384134
2008-02-02,1.201200727,-0.04449389653,-0.3538599757,-0.01160726753,-0.25,0.5848882852
2008-02-03,1.193010308,-0.04449389653,-0.3527791545,-0.01160726753,-0.25,0.5787904626
2008-02-04,1.56208462,0.6667625091,-0.4046078856,-0.008877075191,-0.22,0.5726930723
2008-02-05,1.547165776,0.6606184928,-0.4214656588,-0.007590109416,-0.07,0.9911262335
2008-02-06,1.532504956,0.6544880261,-0.4200426866,-0.006625396871,-0.16,1.468408652
2008-02-07,1.518093582,0.6483703034,-0.4236109437,-0.007247201289,-0.07,1.615947533
2008-02-08,1.50392346,0.6422645154,-0.5301027585,-0.005308161465,0.05,1.322872813
2008-02-09,1.489986762,-0.08453797886,-0.5302883665,-0.007527311114,-0.06,1.391020108
2008-02-10,1.476275998,-0.08453797886,-0.5304740182,-0.007527311114,-0.06,1.3829991
2008-02-11,1.691064424,0.3637309192,-0.4745598737,-0.007827503572,-0.06,1.375182549
2008-02-12,1.673902973,0.3611842183,-0.4535717144,-0.0069579252,0.04,1.277005552
2008-02-13,1.657080316,0.3586403802,-0.4508758396,-0.01067578058,0.05,0.9891245358
2008-02-14,1.640584063,0.3560993553,-0.4454013485,-0.0007264329675,-0.02,0.6602040488
2008-02-15,1.624402444,0.3535610938,-0.4412499536,-0.003507124091,0.23,0.8010452806
2008-02-16,1.608524268,-0.09700559616,-0.4371031559,-0.003562045497,0.14,0.6785042601
2008-02-17,1.592938892,-0.09700559616,-0.4329607342,-0.003562045497,0.14,0.6723112964
2008-02-18,0.9177052099,-1.41785599,-0.4379341304,-0.0006171625138,0.15,0.6661332711
2008-02-19,0.9109403918,-1.405312169,-0.4429497462,0.0007452084895,0.11,0.6599820899
2008-02-20,0.904221429,-1.392952003,-0.4458460527,0.002461005902,0.11,0.7831662666
2008-02-21,0.8975473851,-1.380770081,-0.4487548734,0.006796029991,0.22,0.5056036461
2008-02-22,0.8909173431,-1.368761205,-0.4515705868,0.002640073054,0.12,0.664823409
2008-02-23,0.8843304049,-0.05677475783,-0.4543980935,0.00255191993,0.13,0.4137013692
2008-02-24,0.8777856909,-0.05677475783,-0.4572375215,0.00255191993,0.13,0.4073048448
2008-02-25,0.7923185143,-0.2197141369,-0.4556102094,0.002592711474,0.06,0.400872232
2008-02-26,0.7857388754,-0.2268678869,0.2737917808,-0.006047644708,0.19,0.150146247
2008-02-27,0.779189174,-0.2341198243,0.2716136178,-0.01010014753,0.08,-0.1287947916
2008-02-28,0.7726685531,-0.2414734584,0.2694367216,-0.02333651301,-0.05,0.05399630915
2008-02-29,0.7661761651,-0.2489324708,0.267261061,-0.0245038813,-0.1,0.250542394
2008-03-01,0.7597111714,-0.08846600915,0.2650866052,-0.02305693849,-0.26,0.9786687552
2008-03-02,0.7532727419,-0.08846600915,0.262913323,-0.02305693849,-0.26,0.9717528129
2008-03-03,0.610800682,-0.3604162389,0.2607411836,-0.02297262004,-0.22,0.9649071221
2008-03-04,0.6046902575,-0.3604956507,0.2484504077,-0.01928864277,-0.28,0.8937502713
2008-03-05,0.5985844116,-0.3605750686,0.2419309009,-0.02057815841,-0.27,0.6995788272
2008-03-06,0.592482197,-0.3606544927,0.2353546154,-0.01991777787,-0.41,0.4654073161
2008-03-07,0.5863826505,-0.360733923,0.2143597845,-0.02238567569,-0.41,1.19325035
2008-03-08,0.5802847912,-0.08882778376,0.2079061778,-0.01996386976,-0.47,1.170162283
2008-03-09,0.5741876197,-0.08882778376,0.2013956009,-0.01996386976,-0.47,1.162198624
2008-03-10,1.366641093,1.433816263,0.1948254895,-0.01996166496,-0.47,1.154346607
2008-03-11,1.362619881,1.422084269,0.09657771449,-0.02042880941,-0.66,1.620384165
2008-03-12,1.35894207,1.410534694,-0.1308625966,-0.02331352541,-0.5,0.8513035357
2008-03-13,1.355623755,1.399162916,-0.1321458847,-0.0224085847,-0.48,1.064473253
2008-03-14,1.35268295,1.387964513,-0.1185057077,-0.02614301722,-0.39,1.076072003
2008-03-15,1.350139822,-0.1431747327,-0.1199284007,-0.0256808277,-0.43,2.057685186
2008-03-16,1.348016973,-0.1431747327,-0.121352493,-0.0256808277,-0.43,2.043265213
2008-03-17,0.2314983558,-2.116565199,-0.03575343202,-0.02380013847,-0.52,2.029393023
2008-03-18,0.2235621144,-2.088859374,0.2389359878,-0.01995577743,-0.39,2.287247271
2008-03-19,0.2154906117,-2.061959526,0.4697350235,-0.01392564061,-0.34,0.6170109213
2008-03-20,0.2072743553,-2.035824508,-0.8850759904,-0.005294342705,-0.22,1.653411755
2008-03-21,0.1989029387,-2.010416052,-0.8796095571,0.001880333251,-0.08,0.8133699611
2008-03-22,0.1903649181,-0.09056099847,-0.8742351497,0.0005242906015,-0.08,0.8081635126
2008-03-23,0.1816476675,-0.09056099847,-0.8689555427,0.0005242906015,-0.08,0.8030439156
2008-03-24,-0.2079681583,-0.6872722515,-1.929810483,-0.0003094977997,-0.06,0.7980146288
2008-03-25,-0.2171231728,-0.6813376986,-2.262366321,7.330714894e-05,0.09,0.5537115695
2008-03-26,-0.2264636691,-0.6754218056,-3.098025889,-0.00345212642,0.09,0.5450527278
2008-03-27,-0.2359989572,-0.669523925,-3.028264473,-0.004132987384,0.17,0.6374476857
2008-03-28,-0.2457390087,-0.6636434127,-1.04087314,-0.007661335678,0.22,0.5768620514
2008-03-29,-0.2556945197,-0.05786794957,-1.032640211,-0.005611426237,0.12,0.5235159591
2008-03-30,-0.2658769809,-0.05786794957,-1.024476922,-0.005611426237,0.12,0.5173731694
2008-03-31,1.200029997,2.111335932,0.02036594396,-0.005832794004,0.23,0.5112192398
2008-04-01,1.197019531,2.083694086,0.3028642201,-0.005600145911,0.06,0.4766218819
2008-04-02,1.194336688,2.056854696,0.3045282791,0.003454478369,0.27,-0.3669930873
2008-04-03,1.19200123,2.030776836,0.3053319776,0.00578197944,0.21,-0.1586678605
2008-04-04,1.190035316,2.005422444,-0.4208098233,0.002456320194,0.27,-0.2253774235
2008-04-05,1.18846384,-0.104497728,-0.421147873,0.0009337024948,0.17,-0.4429873411
2008-04-06,1.187314838,-0.104497728,-0.4214860516,0.0009337024948,0.17,-0.4408456701
2008-04-07,-0.01287891492,-1.68687743,-0.4218243594,0.001958497458,0.13,-0.4387074144
2008-04-08,-0.01752345465,-1.676777836,-0.4221627964,0.005618962576,0.15,-0.4496878328
2008-04-09,-0.02219429224,-1.66700671,-0.4225013629,0.00186426876,0.22,-0.4655209598
2008-04-10,-0.02689206362,-1.657563837,-0.4381652364,-0.00862139053,0.17,-0.3343918816
2008-04-11,-0.03161742142,-1.648449698,-0.4337942245,-0.008003568353,0.24,-0.5754703855
2008-04-12,-0.03637103563,-0.03100719027,-0.429426563,-0.008120525942,0.17,-0.1455855573
2008-04-13,-0.04115359423,-0.03100719027,-0.4250619841,-0.008120525942,0.17,-0.1436629595
2008-04-14,-0.0552099334,-0.04281147124,-0.4207002194,-0.009247477102,-0.05,-0.1417401466
2008-04-15,-0.06556957302,-0.04944111397,-0.4154805992,-0.005581921346,-0.02,-0.03859607767
2008-04-16,-0.07620780063,-0.05614753348,-0.4102556742,-0.0009335503915,0.04,-0.3412050086
2008-04-17,-0.08714448313,-0.062933543,-0.3889056409,-0.006414653076,0.18,-0.9908335059
2008-04-18,-0.09840153414,-0.06980209049,-0.3875312653,-0.006108251796,0.31,-1.029026914
2008-04-19,-0.1100031993,-0.06440576586,-0.3861583367,-0.00126043291,0.32,-1.089914985
2008-04-20,-0.1219763921,-0.06440576586,-0.3847868463,-0.00126043291,0.32,-1.081519124
2008-04-21,1.57754882,2.053278764,-0.3834167854,-0.001850311634,0.34,-1.073203986
2008-04-22,1.564985275,2.041737849,-0.3835774752,-0.008384696349,0.22,-0.9584346154
2008-04-23,1.552664152,2.030349487,-2.026744463,-0.01106704447,0.17,-0.8443597932
2008-04-24,1.540579814,2.019110169,-3.007095192,-0.002981219357,0.16,-1.015309712
2008-04-25,1.528726953,2.008016497,-4.598459907,0.002365022633,0.38,-1.067933567
2008-04-26,1.517100572,-0.07550419798,-4.403791235,0.003732481956,0.42,-1.198562342
2008-04-27,1.50569598,-0.07550419798,-4.230625666,0.003732481956,0.42,-1.191357528
2008-04-28,-0.3212928231,-2.256243392,-4.075230575,0.002663880004,0.37,-1.184291995
2008-04-29,-0.3260824464,-2.224105002,-3.931138276,0.0003066745526,0.3,-1.159965818
2008-04-30,-0.3309094878,-2.193013488,-3.368851744,0.003425875874,0.37,-0.9745943894
2008-05-01,-0.3357747216,-2.162909716,-2.510938249,0.004364656913,0.24,-0.808082333
2008-05-02,-0.3406789435,-2.133739123,-1.007370009,0.007303801375,0.33,-1.364276798
2008-05-03,-0.3456229709,-0.02191377742,-0.9999941723,0.008418214881,0.34,-1.562249683
2008-05-04,-0.3506076443,-0.02191377742,-0.9926774643,0.008418214881,0.34,-1.553807755
2008-05-05,-0.8243160457,-0.5390087861,-0.985206517,0.0102131809,0.3,-1.545457325
2008-05-06,-0.8567261881,-0.5537997607,-0.9796510141,0.006858986591,0.25,-1.326293509
2008-05-07,-0.8915733557,-0.569095586,0.1456749952,0.01098090071,0.14,-1.512789181
2008-05-08,-0.9292161457,-0.5849319704,0.6179879564,0.01433553561,0.07,-1.064936706
2008-05-09,-0.9700925548,-0.6013482982,0.5993777486,0.01074569184,-0.02,-1.151375839
2008-05-10,-1.014744234,-0.06518533054,0.5963371944,0.00837997543,-0.06,-1.140958868
2008-05-11,-1.063850485,-0.06518533054,0.5933052911,0.00837997543,-0.06,-1.133498873
2008-05-12,0.5468187223,1.534662424,0.5902819444,0.01106515918,-0.05,-1.126107609
2008-05-13,0.5414214498,1.5374154,0.5868730656,0.01295634667,-0.02,-1.575937417
2008-05-14,0.5360661508,1.540178949,0.2741509176,0.008671734729,0.07,-1.5094964
2008-05-15,0.5307569191,1.542953146,-0.6785788841,0.007501551051,-0.07,-1.584901817
2008-05-16,0.5254985597,1.545738063,-0.6578998195,0.00401457038,-0.2,-1.945602166
2008-05-17,0.5202967206,-0.06167886393,-0.6523453559,-0.0005550840284,-0.19,-1.876399752
2008-05-18,0.515158055,-0.06167886393,-0.6468295953,-0.0005550840284,-0.19,-1.855360061
2008-05-19,0.1785426373,-0.3535039815,-0.6431055111,0.0002535628461,-0.15,-1.834814918
2008-05-20,0.1724038934,-0.3483002852,-0.6437577238,-0.0005813083467,-0.2,-1.669840283
2008-05-21,0.1662159845,-0.3430850281,-0.6514118701,-0.003774857378,-0.19,-1.499067351
2008-05-22,0.159976934,-0.3378575425,-0.0893650906,-0.0111918673,-0.22,-1.212635378
2008-05-23,0.1536846778,-0.3326171462,0.6022512654,-0.01041830265,-0.12,-1.348559738
2008-05-24,0.1473370586,-0.03169412232,0.6149307291,-0.0119097432,-0.17,-0.9331565357
2008-05-25,0.1409318201,-0.03169412232,0.6279539367,-0.0119097432,-0.17,-0.926283303
2008-05-26,-0.9167936191,-0.9488371442,0.6347882732,-0.01000877519,-0.17,-0.9194581249
2008-05-27,-0.9239719183,-0.9436399903,0.6358399992,-0.007565028153,-0.19,-0.9121633775
2008-05-28,-0.9312395414,-0.9384757852,0.6364699282,-0.01026080206,-0.05,-0.8864324411
2008-05-29,-0.9385986627,-0.9333440404,0.6379799957,-0.01100420204,0.15,-1.039035293
2008-05-30,-0.9460515316,-0.9282442763,1.198247702,-0.007921808813,0.23,-1.285455236
2008-05-31,-0.9536004762,-0.01394244815,1.195503377,-0.008050171456,0.19,-1.365924801
2008-06-01,-0.9612479063,-0.01394244815,1.192769743,-0.008050171456,0.19,-1.362603046
2008-06-02,2.97262381,3.30346152,0.4864741737,-0.005628427292,0.17,-1.35929659
2008-06-03,2.913437067,3.250844594,0.4886029286,-0.005750965189,0,-0.8219121596
2008-06-04,2.857216287,3.200434719,0.4871033567,-0.00606644011,0.02,-0.7144520971
2008-06-05,2.803714372,3.152078644,0.4850138964,-0.0009451459757,0.19,-0.5687511673
2008-06-06,2.752712181,3.105637643,-0.06897340568,0.003587004742,0.22,-1.160501681
2008-06-07,2.704014587,-0.03945675297,-0.06863364418,0.000199342056,0.06,0.1713790266
2008-06-08,2.657447192,-0.03945675297,-0.06829389661,0.000199342056,0.06,0.1659631112
2008-06-09,-0.04251508929,-2.37587874,-0.08453322679,-0.0002268997092,0.11,0.1605163786
2008-06-10,-0.04258384392,-2.342835828,-0.08446674667,0.004007499766,0.23,0.03427595287
2008-06-11,-0.04265259925,-2.310882976,-0.08440026758,0.01521596574,0.32,0.04580943498
2008-06-12,-0.04272135526,-2.279958615,-0.0843998354,0.01023605719,0.21,0.3002799739
2008-06-13,-0.04279011195,-2.250005952,0.5981153646,0.01655022148,0.37,0.07647857208
2008-06-14,-0.04285886934,-0.0002858267041,0.5949841527,0.01821510531,0.41,-0.516969104
2008-06-15,-0.04292762742,-0.0002858267041,0.5918619418,0.01821510531,0.41,-0.524570745
2008-06-16,0.9521970509,0.8292612494,0.6054701425,0.01824109525,0.41,-0.5322834491
2008-06-17,0.9469308033,0.8252316354,0.6022640959,0.01093400612,0.3,-0.6150656268
2008-06-18,0.9416983287,0.8212213136,1.683102122,0.008268676492,0.17,-0.573837612
2008-06-19,0.9364991203,0.8172300494,1.134939314,0.007227223157,0.06,-0.264975081
2008-06-20,0.9313326813,0.8132576118,0.7203842004,0.006136309018,0.17,-0.4589858144
2008-06-21,0.9261985238,-0.0147963142,0.7234981156,0.004080859245,0.14,-0.09351500565
2008-06-22,0.9210961697,-0.0147963142,0.7266277973,0.004080859245,0.14,-0.09992252723
2008-06-23,1.067214101,0.1123163429,0.8650422859,0.003133942269,0.21,-0.1064012903
2008-06-24,1.062711109,0.1131975623,1.935181551,0.004380676656,0.24,-0.1781068228
2008-06-25,1.058235342,0.1140792071,0.8397021522,-0.001530426556,0.05,-0.2458540301
2008-06-26,1.053786458,0.1149612794,1.374998842,-0.0004971480008,0.02,-0.6269530363
2008-06-27,1.049364123,0.1158437817,1.09722876,-0.001422765164,0.08,0.1898328326
2008-06-28,1.044968009,-0.01050908975,1.090951758,-0.001840954439,0.01,0.04427072241
2008-06-29,1.040597791,-0.01050908975,1.084724832,-0.001840954439,0.01,0.04370773198
2008-06-30,0.9175496537,-0.1118248563,2.278321888,-0.003067555253,-0.06,0.04314473809
2008-07-01,0.9139319608,-0.1116762045,1.208031933,-0.008098730429,-0.14,0.1914341707
2008-07-02,0.910331377,-0.1115275593,1.199371698,-0.00414192159,-0.13,0.09895607617
2008-07-03,0.9067477211,-0.1113789206,2.349303257,-0.01301662773,-0.3,0.7658957568
2008-07-04,0.9031808144,-0.1112302884,2.315410605,-0.01000316765,-0.35,0.4268317033
2008-07-05,0.8996304806,-0.009772836788,2.282664283,-0.0100738131,-0.35,0.4215938505
2008-07-06,0.8960965461,-0.009772836788,2.250997698,-0.0100738131,-0.35,0.4163510624
2008-07-07,2.16504708,1.096345475,2.205741929,-0.00587016298,-0.34,0.4111027446
2008-07-08,2.135795251,1.087686056,0.9742913972,-0.002850580723,-0.32,0.7005845221
2008-07-09,2.107430485,1.079107591,0.9690160094,-0.002401728694,-0.23,-0.08824585633
2008-07-10,2.079905764,1.070608169,0.9637750924,-0.00629295545,-0.36,0.5282536251
2008-07-11,2.053177488,1.062185935,-0.06075962231,-0.004503841038,-0.32,0.6330584592
2008-07-12,2.027205155,-0.04556754501,-0.06115670592,-0.007854680358,-0.24,1.194644974
2008-07-13,2.001951091,-0.04556754501,-0.06155383407,-0.007854680358,-0.24,1.186024031
2008-07-14,-0.3074203787,-2.108839758,3.274945687,-0.01141185765,-0.27,1.177492914
2008-07-15,-0.3032611592,-2.08342066,2.877526572,-0.009873905614,-0.21,1.461134021
2008-07-16,-0.2990985121,-2.05871572,2.819621528,-0.01355947779,-0.25,1.465382939
2008-07-17,-0.2949321724,-2.03469108,2.764604101,-0.008661814297,-0.07,0.4513531531
2008-07-18,-0.2907618725,-2.011315142,2.68855608,-0.008128758238,0.12,0.4264330792
2008-07-19,-0.2865873419,0.0198372837,2.640083145,-0.006572948767,0.17,0.1481764211
2008-07-20,-0.2824083076,0.0198372837,2.593741014,-0.006572948767,0.17,0.1540853664
2008-07-21,1.702040604,1.747472282,-0.4287787719,-0.007936645148,0.17,0.1600529238
2008-07-22,1.685595161,1.733805377,0.007555036723,-0.009552684274,0.17,-0.1315281009
2008-07-23,1.66947712,1.720468293,-0.9436479428,-0.003322224561,0.28,-0.693850555
2008-07-24,1.653675133,1.707453908,-1.973092282,-0.00711175667,0.38,-0.649123369
2008-07-25,1.638178422,1.694755646,-1.991534437,-0.005483545335,0.27,0.001242179799
2008-07-26,1.62297674,-0.04967435551,-1.974082213,-0.00559980018,0.37,-0.156834248
2008-07-27,1.608060342,-0.04967435551,-1.956975469,-0.00559980018,0.37,-0.1538345389
2008-07-28,1.359319279,-0.2616309687,-1.94180414,-0.006555759605,0.36,-0.1508319311
2008-07-29,1.349137646,-0.2617764349,-2.098089928,-0.00587736181,0.25,0.2536637915
2008-07-30,1.339113037,-0.2619219173,-1.202214738,0.003281965944,0.37,-0.4137692566
2008-07-31,1.32924251,-0.262067416,-0.1811769204,0.003519734789,0.31,-0.657910176
2008-08-01,1.31952329,-0.2622129309,-0.1811769204,0.007372913791,0.17,-0.1251762644
2008-08-02,1.309952758,-0.05036156489,-0.1811769204,0.007013372612,0.15,-0.2349213637
2008-08-03,1.300528455,-0.05036156489,-0.1811769204,0.007013372612,0.15,-0.2314259311
2008-08-04,1.277630435,-0.05742274263,-0.1432772339,0.00833605279,0.2,-0.227927761
2008-08-05,1.267127397,-0.05366038053,-0.1048303735,0.01383436722,0.24,0.06132903386
2008-08-06,1.256752588,-0.0498863467,-1.047999737,0.01628796034,0.26,-0.6582917982
2008-08-07,1.246502668,-0.0461003845,-1.039942347,0.01933587546,0.19,-0.9331531755
2008-08-08,1.236374412,-0.04230223294,-1.031957083,0.02090887439,0.03,-0.6454723822
2008-08-09,1.226364701,-0.03139860461,-1.024042446,0.03276734419,0.07,-0.7928104383
2008-08-10,1.216470518,-0.03139860461,-1.016196984,0.03276734419,0.07,-0.7891461964
2008-08-11,-1.068750463,-2.077798678,-1.062235361,0.03346854215,0.06,-0.7854977786
2008-08-12,-1.064812563,-2.052161513,-1.090990845,0.03299768305,0.09,-0.9453974941
2008-08-13,-1.06089587,-2.027227103,-0.1404883802,0.03390891471,-0.08,-0.6199143563
2008-08-14,-1.05700015,-2.002961637,-0.1426947385,0.03378868703,0.06,-0.5021109754
2008-08-15,-1.053125172,-1.979333541,-0.1446295742,0.03444663602,-0.12,-0.8713323811
2008-08-16,-1.04927071,0.009237791264,-0.1465676535,0.0385778247,-0.13,-1.100808083
2008-08-17,-1.045436542,0.009237791264,-0.1485090068,0.0385778247,-0.13,-1.097731433
2008-08-18,-0.01508413979,0.9123487577,-0.1308699212,0.03767697585,-0.04,-1.094668098
2008-08-19,-0.02017373446,0.9054099986,-0.1274046881,0.03201082731,-0.09,-0.6684790406
2008-08-20,-0.02529792787,0.8985174654,-0.6122574312,0.03259511131,-0.03,-0.5738886762
2008-08-21,-0.03045764442,0.8916701619,-0.6068092736,0.03270904835,-0.05,-0.8322839115
2008-08-22,-0.03565383693,0.8848671123,-0.6014983262,0.02403781369,-0.02,-1.009500558
2008-08-23,-0.04088748785,-0.02192532433,-0.5962001658,0.02778440024,0.06,-1.306288068
2008-08-24,-0.0461596106,-0.02192532433,-0.5909143314,0.02778440024,0.06,-1.296556778
2008-08-25,-3.795014422,-3.240901837,-0.5856403637,0.02500542722,0.05,-1.286941763
2008-08-26,-3.690753809,-3.16255848,-0.5825462641,0.02268800077,-0.1,-0.6332492164
2008-08-27,-3.594000974,-3.089023065,-0.08988713728,0.02397591792,-0.16,-0.7739844103
2008-08-28,-3.503881243,-3.019810402,-0.08946686141,0.02012786606,-0.1,-0.9891509717
2008-08-29,-3.419656504,-2.954501328,-0.08904661429,0.0104461611,-0.1,-1.085284325
2008-08-30,-3.34069895,0.04105779752,-0.08862639569,0.01308076257,-0.04,-0.7248142698
2008-08-31,-3.266470736,0.04105779752,-0.0882062054,0.01308076257,-0.04,-0.7294142121
2008-09-01,-1.64635058,1.494658413,-0.08778604318,0.01147526254,-0.12,-0.7340502004
2008-09-02,-1.632237061,1.486420826,-0.08736590882,0.009960579247,-0.04,-0.7384072805
2008-09-03,-1.618362755,1.478271089,-0.08736590882,0.01704748374,-0.06,-0.3383422505
2008-09-04,-1.604720223,1.470207471,-0.6791437036,0.016349344,0.04,-0.5132526402
2008-09-05,-1.591302345,1.46222829,-0.6738632217,0.016023512,0.04,0.2741930313
2008-09-06,-1.578102302,0.02496355878,-0.6686020695,0.01801739549,0.05,-0.02438059031
2008-09-07,-1.563978271,0.02590101956,-0.6633598081,0.01801739549,0.05,-0.02721965695
2008-09-08,-2.191802293,-0.580966338,-0.6581360037,0.0194694888,0.04,-0.03006509829
2008-09-09,-2.162390144,-0.5773069186,-0.6692978236,0.02249390662,0,-0.1587053832
2008-09-10,-2.133873896,-0.5736579821,-1.353699847,0.02096151852,0.09,0.7026910258
2008-09-11,-2.106206069,-0.5700193758,-1.854049345,0.03616464671,0.09,0.4105932725
2008-09-12,-2.079342639,-0.5672380273,-1.83437522,0.0364418337,-0.02,0.3685072725
2008-09-13,-2.053242716,0.04163766109,-1.815138675,0.02501734125,0.1,0.7535583943
2008-09-14,-2.027379152,0.04248819805,-1.796322234,0.02501734125,0.1,0.7507068603
2008-09-15,-2.606941705,-0.5714579091,-1.777477545,0.02419902048,0.15,0.7478651805
2008-09-16,-2.561562297,-0.5678732222,-1.743345147,0.02292401286,0.07,2.544103302
2008-09-17,-2.518087625,-0.5642984825,-1.074202712,0.02696841544,0.27,2.100572894
2008-09-18,-2.476382274,-0.5607335465,2.385741731,0.02533552284,0.19,3.742390253
2008-09-19,-2.436323959,-0.5579436913,2.626344746,0.01837064871,0.26,2.783231557
2008-09-20,-2.397801926,0.05796888878,2.588039991,0.01049005793,0.17,2.450074421
2008-09-21,-2.360715595,0.05796888878,2.551116375,0.01049005793,0.17,2.412160268
2008-09-22,-3.615186737,-1.395286797,3.957244312,0.01022868561,0.17,2.375639933
2008-09-23,-3.516463523,-1.391948208,5.42720029,-0.008056686312,0.16,2.808469041
2008-09-24,-3.42472907,-1.388625003,5.845209482,-0.007778386984,0.28,3.232106991
2008-09-25,-3.33918014,-1.385317051,3.56601063,-0.007699471601,0.35,3.023624842
2008-09-26,-3.259137307,-1.382024223,3.192931583,-0.009589341041,0.38,2.382378331
2008-09-27,-3.184021434,0.06360386302,3.118044032,-0.007157793324,0.39,2.82894582
2008-09-28,-3.113335393,0.06360386302,3.047611577,-0.007157793324,0.39,2.781862594
2008-09-29,-1.941346563,1.482992148,1.862517363,-0.01064551673,0.42,2.736749803
2008-09-30,-1.923937029,1.470130252,1.658002742,-0.001985195118,0.34,5.355111784
2008-10-01,-1.906874133,1.457465997,1.10575414,0.002702752574,0.55,3.564439411
2008-10-02,-1.890145723,1.444993526,1.097084185,0.0002259701309,0.59,3.566740518
2008-10-03,-1.873740235,1.432707217,1.141866175,0.02086572079,0.38,4.571679929
2008-10-04,-1.857646662,0.03007950189,1.133774089,0.02263896815,0.39,4.366792252
2008-10-05,-1.841854513,0.03007950189,1.125760301,0.02263896815,0.39,4.20613245
2008-10-06,-1.540475102,0.3992275714,0.4541231127,0.01944701767,0.48,4.060982996
2008-10-07,-1.526134281,0.4042753137,-0.4757338157,0.03371192947,0.36,5.094436096
2008-10-08,-1.512034057,0.409366438,-0.5651186904,0.03681613756,0.51,5.090626922
2008-10-09,-1.498166671,0.4145018622,0.1696914635,0.05732457685,0.75,5.396235209
2008-10-10,-1.484524706,0.4196825306,0.2406635594,0.06058038668,0.94,5.943814885
2008-10-11,-1.471101061,0.04947008436,0.2392342139,0.07689552029,1.12,6.267824329
2008-10-12,-1.457888939,0.04947008436,0.2378055963,0.07689552029,1.12,5.806497909
2008-10-13,-1.513570438,-0.04114388648,1.051990713,0.08752562092,1.12,5.43125975
2008-10-14,-1.499538559,-0.03876094423,0.8559562784,0.08706521486,0.98,3.514993752
2008-10-15,-1.485736465,-0.03637518951,0.7021045385,0.06405247833,1,3.435716105
2008-10-16,-1.47215685,-0.03398657258,-0.0444125177,0.07449723706,0.93,4.808261903
2008-10-17,-1.458792718,-0.03159504338,-0.528936284,0.08469552484,0.92,4.426735448
2008-10-18,-1.44563737,0.06169894948,-0.5274866685,0.07761073228,0.77,4.502166399
2008-10-19,-1.432684388,0.06169894948,-0.5260392545,0.07761073228,0.77,4.31532583
2008-10-20,-1.594996707,-0.17774162,-0.7092029658,0.06925240793,0.84,4.148681759
2008-10-21,-1.580177305,-0.17555546,-0.7297655184,0.06260412461,0.51,2.477853784
2008-10-22,-1.565623063,-0.1733691564,-0.635446408,0.07472841068,0.37,2.450993796
2008-10-23,-1.551325394,-0.1711826767,-0.6331563237,0.08389341524,0.42,3.832798912
2008-10-24,-1.537276104,-0.1689959884,-0.5543109612,0.08088076509,0.49,3.559668129
2008-10-25,-1.523467374,0.07291787223,-0.5524929551,0.08876069847,0.84,4.348395819
2008-10-26,-1.509891735,0.07291787223,-0.5506783815,0.08876069847,0.84,4.176887481
2008-10-27,-1.883372637,-0.4776292227,-0.5488672184,0.07020908358,0.81,4.022977664
2008-10-28,-1.861821864,-0.4797274531,-0.4407672833,0.0717633149,0.7,3.949266443
2008-10-29,-1.840784372,-0.4818319884,-0.4160460138,0.05625750244,0.37,2.901259833
2008-10-30,-1.820238107,-0.4839428782,-0.4149333408,0.0371178157,0.26,3.051692707
2008-10-31,-1.800162314,-0.4860601726,-0.08090973232,0.014875662,0.09,2.496834202
2008-11-01,-1.780537438,0.06537074917,-0.08124765114,0.01803283707,0.17,2.24817982
2008-11-02,-1.761345038,0.06537074917,-0.08158560725,0.01803283707,0.17,2.216377114
2008-11-03,-2.175167332,-0.5791480555,-0.08192360076,0.01834873623,0.17,2.185602249
2008-11-04,-2.145598635,-0.5766491592,-0.1647172886,0.03303848967,0.04,1.73479751
2008-11-05,-2.116934019,-0.574156393,-0.1631926821,0.008139540865,-0.14,1.311908022
2008-11-06,-2.089125211,-0.5716697025,-0.1616683206,-0.002772243006,-0.26,1.764020649
2008-11-07,-2.06212747,-0.5691890339,-0.1601441933,0.01853047567,-0.06,2.352850262
2008-11-08,-2.035899262,0.0757161347,-0.1586202895,0.01707742606,-0.01,1.81852197
2008-11-09,-2.010401969,0.0757161347,-0.1570965987,0.01707742606,-0.01,1.798966751
2008-11-10,-1.075827544,1.489388067,-0.15557311,0.01257022937,0.1,1.779843148
2008-11-11,-1.067989341,1.47655987,-0.1540690639,0.001664584679,0.21,2.012821611
2008-11-12,-1.060221216,1.463928904,-0.1525652054,-0.01589715165,0.25,2.081800244
2008-11-13,-1.052521684,1.451489345,-0.1616348652,0.0008664079971,0.12,2.372826934
2008-11-14,-1.044889301,1.439235605,-0.1601179782,-0.000689288148,-0.07,1.921168195
2008-11-15,-1.037322661,0.04269741779,-0.1586013167,-0.008578789956,-0.15,2.302876349
2008-11-16,-1.029820392,0.04269741779,-0.1570848703,-0.008578789956,-0.15,2.269464127
2008-11-17,-1.100440337,-0.07415173147,-0.1555686283,-0.01339632505,-0.15,2.237172488
2008-11-18,-1.091730021,-0.0696423605,-0.1542317048,-0.01289448916,-0.21,2.376915729
2008-11-19,-1.083101998,-0.0651127558,-0.1533287604,0.01298544308,-0.13,2.250993549
2008-11-20,-1.074554331,-0.06056239554,-0.02212474259,0.02436836898,-0.08,2.607183479
2008-11-21,-1.066085141,-0.05599074551,-0.02171677457,0.03515719753,-0.08,2.939359662
2008-11-22,-1.057692598,0.06685749981,-0.02130880024,0.03871752157,0.01,2.417001623
2008-11-23,-1.049374921,0.06685749981,-0.02090081941,0.03871752157,0.01,2.379956505
2008-11-24,-2.135349486,-1.652364135,0.09940853245,0.04218254228,0.06,2.344251523
2008-11-25,-2.107213326,-1.647879259,0.1000522547,0.03578014137,0.23,1.868749321
2008-11-26,-2.079905637,-1.643420531,0.1011558581,0.02756910882,0.03,1.636979535
2008-11-27,-2.053383708,-1.638987676,0.09955896877,0.01728211991,-0.13,1.289858811
2008-11-28,-2.027607848,-1.634580425,0.09697906583,0.01873344977,-0.18,1.279568365
2008-11-29,-2.002541115,0.07264866387,0.09538539764,0.02266123645,-0.26,1.320242584
2008-11-30,-1.978149077,0.07264866387,0.09379142652,0.02266123645,-0.26,1.309507917
2008-12-01,-0.834876682,1.899414861,0.09021753881,0.02065575054,-0.24,1.298910172
2008-12-02,-0.8303664658,1.877550495,-0.03429385151,0.02580516264,-0.46,1.977437076
2008-12-03,-0.8258795714,1.856213413,-0.04020405612,0.007850213499,-0.53,1.656085445
2008-12-04,-0.8214156817,1.835380747,-0.04616897865,0.006397508204,-0.81,1.518110629
2008-12-05,-0.8169744852,1.815030985,-0.1773954276,0.01090417498,-0.89,1.660457988
2008-12-06,-0.812555675,0.02644799118,-0.1786614633,0.02495481353,-0.64,1.446168613
2008-12-07,-0.8081589493,0.02644799118,-0.1799287855,0.02495481353,-0.64,1.433371378
2008-12-08,0.2235335347,1.655207881,-0.178969526,0.02361257689,-0.62,1.420766835
2008-12-09,0.2270376511,1.653658422,-0.1774467018,0.003217073568,-0.45,1.332241573
2008-12-10,0.2305581161,1.652112131,-0.1759242233,-0.001431089788,-0.57,1.343055151
2008-12-11,0.2340951807,1.650568995,-0.1744020799,-0.01919559384,-0.62,1.164220586
2008-12-12,0.2376491007,1.649029005,0.002779239718,-0.0397456694,-0.8,1.157633017
2008-12-13,0.2412201365,0.02424623452,0.002109801378,-0.03193993181,-0.72,1.069637083
2008-12-14,0.2448085535,0.02424623452,0.001440289951,-0.03193993181,-0.72,1.061354169
2008-12-15,-0.7153528871,-1.475739916,0.0007707045149,-0.01165494276,-0.68,1.053145419
2008-12-16,-0.7107413834,-1.471609207,0.1201606078,-0.01686116129,-0.36,1.174702996
2008-12-17,-0.7061494667,-1.467501564,0.2750628605,-0.02745006251,-0.47,0.9359733632
2008-12-18,-0.7015768279,-1.463416749,0.5131093123,-0.04378686187,-0.82,0.7965925675
2008-12-19,-0.6970231628,-1.459354532,0.3393901921,-0.04724300224,-0.75,0.659625727
2008-12-20,-0.6924881711,0.03106194726,0.3372522156,-0.03461987982,-0.62,0.5282722978
2008-12-21,-0.6879715568,0.03106194726,0.3351163856,-0.03461987982,-0.62,0.5238770348
2008-12-22,-0.09944748061,0.9374857689,0.3329826724,-0.03960483252,-0.4,0.5194907372
2008-12-23,-0.09780451916,0.9322361353,0.2100784986,-0.03750204679,-0.25,0.4957577944
2008-12-24,-0.09616122083,0.9270196681,0.05285790484,-0.04056915736,-0.11,0.5155194862
2008-12-25,-0.09451757173,0.9218358681,0.05191965996,-0.03768534802,0.09,0.4682101965
2008-12-26,-0.09287355797,0.9166842459,-0.1853521662,-0.05071301437,-0.16,0.4635974411
2008-12-27,-0.09122916562,0.01278886733,-0.1853521662,-0.05054391624,-0.2,0.4152871412
2008-12-28,0.1746765978,0.4191180263,-0.1853521662,-0.05054391624,-0.2,0.4108155852
2008-12-29,0.1795712254,0.4248626503,-0.1853521662,-0.03404648127,-0.44,0.4063453158
2008-12-30,0.1845022031,0.4306660048,0.002196487206,-0.03733931229,-0.39,0.42937183
2008-12-31,0.1894703651,0.4365295186,-0.001949599345,-0.0287092771,-0.42,0.3049695066
2009-01-01,0.1944765698,0.4424546684,-0.00829712424,-0.008625255125,-0.21,0.2145687803
2009-01-02,0.1995217007,0.03397020098,-0.01870104481,-0.01661898544,-0.29,0.2106458961
2009-01-03,0.2046066672,0.03397020098,-0.02939732869,-0.01712736371,-0.14,0.1636420438
2009-01-04,0.2097324062,0.03397020098,-0.04040849782,-0.01712736371,-0.14,0.1597366954
2009-01-05,1.456846531,1.943217648,-0.05175959419,-0.005038340022,-0.14,0.1558226346
2009-01-06,1.446433273,1.92419063,-0.06347856321,0.004492414988,0.13,0.1460431063
2009-01-07,1.436156027,1.905641249,0.03955079555,0.02028863066,0.23,0.1144766271
2009-01-08,1.426011439,1.887552234,0.03188769279,0.01284840575,0.2,0.3690712759
2009-01-09,1.415996266,1.869907358,0.01682868125,0.001982109046,-0.01,0.3199803812
2009-01-10,1.406107374,-0.03487141222,0.01323408992,0.007616597947,-0.11,0.3292783761
2009-01-11,1.396341735,-0.03487141222,0.009628106517,0.007616597947,-0.11,0.3245907497
2009-01-12,1.361091345,-0.07490298794,0.006010504914,0.007241940298,-0.14,0.3198963433
2009-01-13,1.350837428,-0.07623204598,0.002381055276,0.01355859074,-0.28,0.478051743
2009-01-14,1.340713214,-0.07756208104,-0.322029201,0.02173379662,-0.33,0.334165229
2009-01-15,1.33071548,-0.07889310141,-0.1912973046,0.02557666332,-0.28,0.6467944043
2009-01-16,1.32084111,-0.08022511542,0.01462584804,0.03262690389,-0.25,0.7415308827
2009-01-17,1.311087093,-0.04146033711,0.01560105423,0.02495028465,-0.22,0.4708051128
2009-01-18,1.301450518,-0.04146033711,0.01657653902,0.02495028465,-0.22,0.4657376842
2009-01-19,0.1485293544,-1.867238338,0.01755230535,0.02833588092,-0.21,0.4606715417
2009-01-20,0.15078321,-1.847078581,0.0185283562,0.02365950319,-0.21,0.4554232857
2009-01-21,0.1530418868,-1.82738513,0.3398471143,0.02087341539,-0.32,1.023587973
2009-01-22,0.155305436,-1.80813908,0.4645367008,0.03496033524,-0.16,0.4587938719
2009-01-23,0.1575739093,-1.7893226,0.8790914905,0.03288411453,-0.32,0.5009072536
2009-01-24,0.1598473589,0.01655681737,0.8723847381,0.03558591817,-0.36,0.4942605115
2009-01-25,0.1621258376,0.01655681737,0.8657195044,0.03558591817,-0.36,0.4887111799
2009-01-26,-0.0403887709,-0.3012818581,1.21878552,0.03224945537,-0.41,0.4831599407
2009-01-27,-0.03797350785,-0.3007701831,1.221397853,0.02216180048,-0.17,0.3904293535
2009-01-28,-0.0355552929,-0.3002586987,0.8849616206,0.03141228884,-0.28,0.1946914934
2009-01-29,-0.03313407391,-0.2997474044,0.7499123017,0.02261745301,-0.16,0.04609986955
2009-01-30,-0.03070979838,-0.2992362998,0.6309346741,0.02492637183,-0.04,0.2068086221
2009-01-31,-0.02828241342,0.01893106134,0.628255765,0.03278577439,-0.14,0.3254469967
2009-02-01,-0.02585186576,0.01893106134,0.6255843979,0.03278577439,-0.14,0.3205232182
2009-02-02,1.137947487,1.807339875,0.07757275606,0.02524743429,-0.02,0.3155894933
2009-02-03,1.131382201,1.787546697,0.4504511541,0.0213930492,-0.05,0.3488283341
2009-02-04,1.124872098,1.768192796,0.4487770882,0.01087791525,-0.03,0.2053369309
2009-02-05,1.118416215,1.749260383,0.6872334875,0.004339414558,0,0.2450597981
2009-02-06,1.112013613,1.730732651,0.5560121011,0.012319409,0.03,0.2331640241
2009-02-07,1.105663372,-0.02820097985,0.5552933913,0.01027196632,0.01,0.207562238
2009-02-08,1.099364595,-0.02820097985,0.5545752969,0.01027196632,0.01,0.202399847
2009-02-09,1.637377001,0.8070573697,0.551945088,0.01027196632,0.01,0.19721441
2009-02-10,1.63673704,0.8191459342,0.7257713597,0.002509159873,-0.16,0.2078173204
2009-02-11,1.636097625,0.8315170425,1.210619471,-0.003832490864,-0.33,0.3769045797
2009-02-12,1.635458754,0.8441837035,2.461331794,0.003896185509,-0.31,0.2487130541
2009-02-13,1.634820426,0.8571597864,3.376256746,0.004783095811,-0.32,0.05418587319
2009-02-14,1.634182642,-0.001396227343,3.288789301,0.001823530794,-0.25,0.1473717405
2009-02-15,1.6335454,-0.001396227343,3.207107338,0.001823530794,-0.25,0.1431765064
2009-02-16,0.6431382179,-1.583916518,3.130595195,0.01306641948,-0.24,0.138968803
2009-02-17,0.6424527163,-1.585796087,3.545767246,0.01112580582,-0.09,0.1346602289
2009-02-18,0.641767827,-1.587680491,3.635190528,0.0319893064,-0.28,0.4641680699
2009-02-19,0.6410835485,-1.589569755,3.546362909,0.02663020847,-0.2,0.4474842666
2009-02-20,0.6403998795,-1.5914639,2.300239754,0.0161452218,0,0.3617795503
2009-02-21,0.6397168186,-0.004002080783,2.267137136,0.01867957214,-0.06,0.486613573
2009-02-22,0.6390343644,-0.004002080783,2.235136783,0.01867957214,-0.06,0.4811447447
2009-02-23,0.5193745125,-0.1965945323,1.157628064,0.01480586147,-0.02,0.4756742702
2009-02-24,0.521519129,-0.1934308545,0.7176030702,0.01856641002,-0.06,0.6657686678
2009-02-25,0.5236705176,-0.1902647112,0.09041828278,0.02038455198,0.04,0.2385226439
2009-02-26,0.5258287318,-0.1870959919,-0.311197866,0.02311780971,0.14,0.1850197726
2009-02-27,0.5279938258,-0.1839245853,-0.4281964507,0.02394012512,0.2,0.1794695516
2009-02-28,0.5301658544,0.01256294484,-0.4264758313,0.031282956,0.24,0.2754404118
2009-03-01,0.5323448728,0.01256294484,-0.424757556,0.031282956,0.24,0.2705169326
2009-03-02,1.491787395,1.544244333,-0.4227761891,0.0392685688,0.4,0.2655795447
2009-03-03,1.486061791,1.531328606,-0.4189476639,0.04180832843,0.35,0.6384161151
2009-03-04,1.48037976,1.518615034,-0.4170093989,0.03701975743,0.36,0.52917518
2009-03-05,1.474740693,1.506097683,-0.4140794269,0.02785434414,0.48,0.3203500241
2009-03-06,1.469143996,1.493770853,-0.4194602873,0.0343181245,0.3,0.4730581039
2009-03-07,1.463589084,-0.01578613428,-0.4169839144,0.03028374576,0.34,0.4168092748
2009-03-08,1.458075384,-0.01578613428,-0.4145113053,0.03028374576,0.34,0.4115264387
2009-03-09,1.470848603,0.01399162763,-0.4176118595,0.03028374576,0.34,0.4062370246
2009-03-10,1.46469249,0.01356860527,-0.4148314194,0.02173906758,0.53,0.4223440228
2009-03-11,1.458586677,0.01314557106,-0.4120551521,0.01035001466,0.52,0.09232775955
2009-03-12,1.452530408,0.01272252477,-0.1724984619,0.01044951313,0.3,0.04142919269
2009-03-13,1.446522942,0.01229946618,-0.08226733918,0.008321124659,0.21,-0.1124191834
2009-03-14,1.440563553,-0.01790387165,-0.07855546482,0.0008286517394,0.2,-0.04402301929
2009-03-15,1.434651532,-0.01790387165,-0.07483333128,0.0008286517394,0.2,-0.04845985021
2009-03-16,0.9572798348,-0.7913733546,0.3307812849,0.003556914488,0.17,-0.05292082992
2009-03-17,0.9610473025,-0.7850551964,0.6452526728,-0.007524314094,0.06,0.02852111513
2009-03-18,0.9648378404,-0.7787676025,0.6431040241,-0.01033567702,-0.08,-0.1595748137
2009-03-19,0.9686517266,-0.7725098234,0.787451297,-0.01133408779,-0.74,-0.2100395213
2009-03-20,0.9724892439,-0.76628112,1.172417432,-0.04320374655,-0.75,0.01237432542
2009-03-21,0.9763506799,0.0142526273,1.163510168,-0.03688515216,-0.63,0.1469350601
2009-03-22,0.9802363272,0.0142526273,1.154695519,-0.03688515216,-0.63,0.1426245916
2009-03-23,0.1034677499,-1.391674788,1.037101958,-0.04627709823,-0.57,0.1383002659
2009-03-24,0.1048363614,-1.393906293,0.7147175565,-0.04642211405,-0.62,-0.033604442
2009-03-25,0.1062061706,-1.39614501,0.9828355682,-0.0419502768,-0.73,-0.05632373782
2009-03-26,0.107577187,-1.398390981,0.5936444613,-0.04573447353,-0.54,-0.104076856
2009-03-27,0.1089494199,-1.400644249,0.1243698158,-0.04076809145,-0.72,-0.2288402265
2009-03-28,0.1103228789,0.01068832467,0.1295794496,-0.03372972009,-0.64,-0.1903569928
2009-03-29,0.1116975735,0.01068832467,0.1348303249,-0.03372972009,-0.64,-0.1952961284
2009-03-30,0.06399427106,-0.06852793384,-0.08627756533,-0.03942153328,-0.68,-0.2002728886
2009-03-31,0.06917669177,-0.0629861045,-0.07951881348,-0.02251147074,-0.76,0.08416851917
2009-04-01,0.07439764295,-0.0574039903,-0.3409293498,-0.0235937278,-0.6,-0.01229583719
2009-04-02,0.07965813913,-0.05178031546,-0.3469737401,-0.02635904281,-0.51,-0.1391167942
2009-04-03,0.08495922703,-0.04611375888,-0.3532229493,-0.03109481647,-0.43,-0.1601808331
2009-04-04,0.09030198702,0.04028764218,-0.3595432547,-0.03330784762,-0.34,-0.318971896
2009-04-05,0.09568753462,0.04028764218,-0.3659366424,-0.03330784762,-0.34,-0.3245993066
2009-04-06,1.379027098,2.062726505,-0.4336988941,-0.02478282566,-0.35,-0.3302817502
2009-04-07,1.377707818,2.036958832,-0.4410323962,-0.02216108611,-0.38,-0.254099764
2009-04-08,1.376390994,2.011900236,-0.444643912,-0.01960864268,0.33,-0.2961419638
2009-04-09,1.375076619,1.987516354,-0.4446358758,0.004977334551,0.26,-0.4055278374
2009-04-10,1.373764683,1.963775109,-0.4446278397,-0.002565850733,0.19,-0.5668744793
2009-04-11,1.372455178,-0.003577844137,-0.4446198037,-0.002952756879,0.19,-0.5728368874
2009-04-12,1.371148096,-0.003577844137,-0.4446117678,-0.002952756879,0.19,-0.5788632792
2009-04-13,0.8378628511,-0.8241712436,-0.4369946448,-0.003395547115,0.22,-0.5849551623
2009-04-14,0.8409610334,-0.8198308043,-0.4351024888,-0.008858588228,0.19,-0.5035531301
2009-04-15,0.8440748104,-0.8155120257,-0.4381896869,-0.01047565848,0.08,-0.5201531878
2009-04-16,0.8472043428,-0.811214623,-0.4412912495,-0.009370208809,0.25,-0.6308368172
2009-04-17,0.8503497937,-0.8069383161,-0.6475303886,-0.01754832146,0.21,-0.6642281901
2009-04-18,0.8535113286,0.01254186795,-0.6499121003,-0.01244024871,0.32,-0.799996647
2009-04-19,0.8566891153,0.01254186795,-0.6523026834,-0.01244024871,0.32,-0.8074486425
2009-04-20,0.1088474013,-1.121281135,-0.9939328332,-0.02118852738,0.31,-0.8150004468
2009-04-21,0.1093685286,-1.125663953,-0.9948138429,-0.009065592458,0.23,-0.4541754977
2009-04-22,0.1098897785,-1.130077198,-0.9912046196,-0.009261181373,0.32,-0.6063344
2009-04-23,0.1104111514,-1.13452127,-0.9876130319,0.002388144336,0.21,-0.5455619584
2009-04-24,0.1109326479,-1.138996578,-0.8218037379,0.003612773479,-0.01,-0.6219756388
2009-04-25,0.1114542685,0.003904574499,-0.8196146079,-0.006145490641,0,-0.6547822502
2009-04-26,0.1119760135,0.003904574499,-0.8174318778,-0.006145490641,0,-0.6639882733
2009-04-27,0.9453979565,1.273441171,-0.4834992366,-0.009098221963,0.01,-0.6733589941
2009-04-28,0.9437648567,1.26850792,-0.4833123633,-0.002525232519,-0.13,-0.5718074832
2009-04-29,0.9421355734,1.263607916,-0.4847877658,0.004159778304,-0.03,-0.6076557824
2009-04-30,0.940510088,1.25874073,-0.4862661425,-0.007915768839,-0.03,-0.7558815309
2009-05-01,0.938888382,1.253905941,-0.4494181002,-0.006505577131,0.07,-0.7343750173
2009-05-02,0.937270437,-0.006908691293,-0.4510606638,-0.007483150506,0.18,-0.8356207162
2009-05-03,0.9356562349,-0.006908691293,-0.4527068665,-0.007483150506,0.18,-0.8467745979
2009-05-04,0.9058440402,-0.05208562073,-0.4543567309,-0.001310206328,0.25,-0.8581631753
2009-05-05,0.8986205198,-0.06337889862,-0.4560102795,-0.007764010902,0.25,-0.9271180508
2009-05-06,0.8914428039,-0.0750306327,-0.4560102795,-0.01294861592,0.22,-1.027846466
2009-05-07,0.8843097763,-0.08707049298,-0.4650610573,-0.01146707152,0.15,-1.109625005
2009-05-08,0.8772203411,-0.09953174633,-0.4650172093,-0.02008413881,0.04,-1.043648725
2009-05-09,0.8701734214,-0.06264638189,-0.4649733635,-0.02431096559,0.07,-1.163628827
2009-05-10,0.8631679589,-0.06264638189,-0.4649295199,-0.02431096559,0.07,-1.174087789
2009-05-11,0.03175534963,-1.404118066,-0.4648856785,-0.03273696869,0.11,-1.184727775
2009-05-12,0.03071448505,-1.392765192,-0.4648418393,-0.03392390151,0.01,-1.129903427
2009-05-13,0.02967343432,-1.38158339,-0.4647980023,-0.03251076506,0.04,-1.225807094
2009-05-14,0.02863219392,-1.370568453,-0.4191898383,-0.0294921614,0.15,-1.08622468
2009-05-15,0.02759076034,-1.359716357,-0.4213751776,-0.01896837172,0.15,-1.279836639
2009-05-16,0.02654913008,-0.008494129241,-0.4235671224,-0.01917632098,0.13,-1.145353513
2009-05-17,0.02550729962,-0.008494129241,-0.4257657285,-0.01917632098,0.13,-1.154624259
2009-05-18,0.9581952748,1.50572355,-0.427971052,-0.02600624666,0.18,-1.164036801
2009-05-19,0.9509698363,1.4917635,-0.4302430009,-0.03329533285,0.12,-1.412764975
2009-05-20,0.9437973514,1.478030189,-0.4352597923,-0.02718175536,0.06,-1.537286326
2009-05-21,0.9366766893,1.464516417,-0.4817593089,-0.03529821926,-0.13,-1.52342238
2009-05-22,0.9296067445,1.451215294,-0.4892851921,-0.03401606108,-0.13,-1.335713906
2009-05-23,0.9225864355,-0.0494842123,-0.4969202714,-0.0412666478,-0.08,-1.234416427
2009-05-24,0.9156147045,-0.0494842123,-0.5046680735,-0.0412666478,-0.08,-1.241237485
2009-05-25,1.12707075,0.3015878537,-0.5125322851,-0.0328363629,-0.05,-1.248131579
2009-05-26,1.118070708,0.2980599564,-0.1749735612,-0.03008611786,-0.05,-1.248955193
2009-05-27,1.109159159,0.294531829,-0.1800447873,-0.02948706023,-0.02,-1.420872434
2009-05-28,1.100333975,0.2910033279,-0.1750289299,-0.02627851287,0.09,-1.269160226
2009-05-29,1.091593086,0.2874743086,-0.1693592137,-0.02033693106,0.1,-1.326687136
2009-05-30,1.082934481,-0.06826775855,-0.1636530423,-0.02913472249,-0.1,-1.557558872
2009-05-31,1.074356206,-0.06826775855,-0.1579090894,-0.02913472249,-0.1,-1.554136002
2009-06-01,0.6286335139,-0.7842169202,-0.1488685692,-0.02536139217,-0.03,-1.550728796
2009-06-02,0.6226555466,-0.7892363479,-0.08137425889,-0.03083201042,0.11,-1.452035388
2009-06-03,0.6166903572,-0.7942989052,-0.06418194942,-0.03439847553,0.02,-1.480974871
2009-06-04,0.6107374341,-0.7994053513,-0.09809473071,-0.03110251908,0,-1.359910584
2009-06-05,0.6047962858,-0.8045564638,-0.08730839063,-0.02868419255,0.17,-1.428188677
2009-06-06,0.5988664446,-0.08275535375,-0.07614889467,-0.02104961659,0.22,-1.470466203
2009-06-07,0.5929474681,-0.08275535375,-0.06457755044,-0.02104961659,0.22,-1.465610142
2009-06-08,1.862769983,1.920898356,-0.06849577246,-0.01939939474,0.22,-1.46078578
2009-06-09,1.843300287,1.910792845,-0.5543533054,-0.006454385004,0.29,-1.436639875
2009-06-10,1.82427836,1.900808715,-0.5489139277,-0.006389101456,0.32,-1.551700367
2009-06-11,1.805686688,1.890943406,-0.4947393719,-0.004929407612,0.24,-1.52611461
2009-06-12,1.787508737,1.881194434,-0.4893580295,-0.003958122129,0.17,-1.54209524
2009-06-13,1.769728894,-0.09333699752,-0.4839770936,-0.0004463969094,0.19,-1.526157959
2009-06-14,1.752332397,-0.09333699752,-0.4785959752,-0.0004463969094,0.19,-1.513706586
2009-06-15,1.852327072,0.09644226964,-0.4641544508,-0.0004463969094,0.19,-1.501444211
2009-06-16,1.832360493,0.09710401475,-0.4660833599,0.007958286452,0.18,-1.275036941
2009-06-17,1.81285017,0.09776595723,-0.4686626523,0.003119978492,0.05,-1.11491448
2009-06-18,1.793777694,0.09842809805,-0.4667959537,0.005291720803,0.08,-1.197141918
2009-06-19,1.775125693,0.09909043816,-0.4645782408,0.009239198892,0.31,-1.308879709
2009-06-20,1.756877758,-0.09013810782,-0.4623643997,0.008024730235,0.24,-1.464606889
2009-06-21,1.739018373,-0.09013810782,-0.4601543947,0.008024730235,0.24,-1.455880584
2009-06-22,1.530868315,-0.4036609393,-0.4549599467,0.01288673114,0.11,-1.447380211
2009-06-23,1.517171152,-0.4026600053,-0.4798713915,0.02351894658,0.2,-1.178490951
2009-06-24,1.503703709,-0.4016599442,-0.4755705545,0.01519325249,0.16,-1.216418478
2009-06-25,1.490459,-0.4006607526,-0.4746060384,0.009913718017,0.1,-1.332952168
2009-06-26,1.477430347,-0.3996624269,-0.6542192241,0.006934523933,-0.06,-1.541824376
2009-06-27,1.464611361,-0.08554658568,-0.6555192927,0.00158577777,-0.03,-1.568108335
2009-06-28,1.451995925,-0.08554658568,-0.6568218736,0.00158577777,-0.03,-1.559542659
2009-06-29,1.198945894,-0.4840687983,-0.6596493686,-0.00477265485,-0.09,-1.551264379
2009-06-30,1.189758113,-0.4832646568,-0.6331272561,0.003004574081,-0.05,-1.58362338
2009-07-01,1.180677581,-0.4824612037,-0.8041292448,0.002584062658,-0.13,-1.487423576
2009-07-02,1.171702072,-0.4816584369,-0.8056906175,0.001662839413,-0.06,-1.490096884
2009-07-03,1.16282945,-0.4808563543,-0.8065659111,0.00506698944,-0.04,-1.339855883
2009-07-04,1.154057658,-0.08206629124,-0.8074423681,0.00506698944,-0.04,-1.340915905
2009-07-05,1.145384722,-0.08206629124,-0.8083199916,0.00506698944,-0.04,-1.342657499
2009-07-06,-0.01236173411,-1.934248088,-0.6310229545,-0.004447457879,-0.03,-1.345141292
2009-07-07,-0.01931771212,-1.916051946,-0.6437114354,0.003696177915,0.15,-1.258391908
2009-07-08,-0.02636105453,-1.898233049,-0.6444808374,-8.174668874e-05,-0.08,-1.090328452
2009-07-09,-0.03349527082,-1.8807776,-0.8169210042,0.009071412673,-0.19,-1.046528802
2009-07-10,-0.04072405608,-1.863672499,-0.8142117773,0.006137505532,-0.04,-1.174387573
2009-07-11,-0.04805130439,-0.05346820006,-0.8115120303,0.01092755057,-0.11,-1.233332232
2009-07-12,-0.05548112324,-0.05346820006,-0.8088216845,0.01092755057,-0.11,-1.224446152
2009-07-13,0.01920666595,0.06938453792,-0.8061406624,0.002065403409,-0.09,-1.215681166
2009-07-14,0.01022807843,0.0665978409,-0.7924642523,0.004972047128,0,-1.446292835
2009-07-15,0.00105972845,0.06380708403,-1.288321503,0.004395403426,-0.07,-1.547131296
2009-07-16,-0.008310160374,0.06101218452,-0.9486181308,-0.009376757884,0.05,-1.456558529
2009-07-17,-0.01789439575,0.05821305885,-0.9352701024,-0.004879747592,-0.03,-1.489230724
2009-07-18,-0.02770693924,-0.0679498967,-0.9320458922,-0.006132430985,-0.04,-1.571636027
2009-07-19,-0.03776304712,-0.0679498967,-0.928835649,-0.006132430985,-0.04,-1.557768998
2009-07-20,-0.3455351277,-0.4838070371,-0.9356196933,-0.00663327861,-0.02,-1.544147556
2009-07-21,-0.3519944593,-0.4782010557,-0.9323495278,-0.01334148196,-0.05,-1.527208853
2009-07-22,-0.3585307314,-0.4725910065,-0.5011944162,-0.006290110299,-0.12,-1.563264884
2009-07-23,-0.3651461828,-0.4669761345,-0.6932085465,-0.01511291341,-0.12,-1.591594938
2009-07-24,-0.3718431422,-0.4613556713,-0.7018505443,-0.01857942559,-0.07,-1.583086583
2009-07-25,-0.3786240324,-0.0340504624,-0.7003977322,-0.01678751184,-0.06,-1.606389448
2009-07-26,-0.3854913762,-0.0340504624,-0.6989476422,-0.01678751184,-0.06,-1.599585584
2009-07-27,1.098083281,1.985685143,-0.6874858166,-0.01979767619,-0.22,-1.593144932
2009-07-28,1.090852368,1.961998734,-0.6861059152,-0.02034727591,-0.02,-1.482293771
2009-07-29,1.083722621,1.938922457,-0.7256214366,-0.02536786078,0.07,-1.411860171
2009-07-30,1.076693943,1.916428412,-0.8767541328,-0.01504938321,-0.03,-1.360719779
2009-07-31,1.069766375,1.89449045,-0.8731375254,-0.02250883017,-0.02,-1.396433216
2009-08-01,1.062940099,-0.07405699298,-0.8695375844,-0.02914343456,-0.09,-1.350875042
2009-08-02,1.056215448,-0.07405699298,-0.8659541308,-0.02914343456,-0.09,-1.356707905
2009-08-03,-0.08781323279,-1.526756597,-0.8617081488,-0.02831870267,-0.13,-1.363709745
2009-08-04,-0.1019429416,-1.528237508,-0.8574840036,-0.03131391611,-0.08,-1.398205943
2009-08-05,-0.1167260716,-1.529721465,-0.743830159,-0.02163143369,-0.06,-1.461212195
2009-08-06,-0.1322371667,-1.531208478,-0.3976097062,-0.02025926595,0.03,-1.449679765
2009-08-07,-0.148563553,-1.53269856,-0.3963312034,-0.01744494977,0.06,-1.360176738
2009-08-08,-0.1658083555,-0.07647851621,-0.395054017,-0.01186566196,0.07,-1.445239482
2009-08-09,-0.18409444,-0.07647851621,-0.3937781399,-0.01186566196,0.07,-1.435763136
2009-08-10,0.3747638566,0.5531601066,-0.5248062599,-0.006531686197,0.15,-1.426489291
2009-08-11,0.368046464,0.5600745786,-0.5352144524,-0.004709835424,0.12,-1.407177129
2009-08-12,0.3612732097,0.5670782266,-0.6354186601,2.002827149e-05,0.05,-1.298861006
2009-08-13,0.3544404971,0.5741735568,-0.633428344,7.828037067e-05,0.04,-1.353292075
2009-08-14,0.3475444797,0.5813631746,-0.6321880666,-0.004914228031,-0.01,-1.433672367
2009-08-15,0.3405810354,-0.05653021678,-0.6309496866,-0.002424380653,0.04,-1.477748651
2009-08-16,0.3335457366,-0.05653021678,-0.629713196,-0.002424380653,0.04,-1.473842222
2009-08-17,0.3118791509,-0.06878432942,-0.4971434055,-0.002016565627,0,-1.470343982
2009-08-18,0.3075820119,-0.06269800806,-0.4849315061,0.005744549446,-0.07,-1.058731923
2009-08-19,0.3032806345,-0.05655701473,-0.3826930359,-0.0005884343234,-0.06,-1.249769865
2009-08-20,0.298974718,-0.05035939946,-0.3827430032,-0.005145595158,-0.08,-1.23479191
2009-08-21,0.2946639587,-0.04410312905,-0.3818530956,0.001024905414,-0.11,-1.363666361
2009-08-22,0.2903480491,-0.02536686288,-0.3809638574,-0.002570751364,-0.02,-1.365637715
2009-08-23,0.2860266782,-0.02536686288,-0.3800752862,-0.002570751364,-0.02,-1.358535389
2009-08-24,1.631520415,1.408052387,-0.3485804765,0.004028489925,-0.09,-1.351649868
2009-08-25,1.625162029,1.397530889,-0.3472435074,0.002202114414,-0.14,-1.3321378
2009-08-26,1.619199293,1.387183847,-0.4980974102,0.001298717916,-0.13,-1.35019557
2009-08-27,1.613643109,1.37700803,-0.4943007616,0.009904636997,-0.15,-1.337098183
2009-08-28,1.608505921,1.367000404,-0.4911859612,0.00344133326,-0.13,-1.358415192
2009-08-29,1.60380187,-0.08422134624,-0.4880776986,-0.0002148848514,-0.12,-1.337515235
2009-08-30,1.599546967,-0.08422134624,-0.4849758807,-0.0002148848514,-0.12,-1.326314891
2009-08-31,1.706329581,0.04297287709,-0.5122757109,-0.001689062422,-0.07,-1.315264143
2009-09-01,1.692541507,0.04621336034,-0.509546073,-0.002609947738,-0.04,-1.157312006
2009-09-02,1.679060207,0.04946366467,-0.355161063,0.007200172626,-0.1,-0.7777046207
2009-09-03,1.6658783,0.05272395432,-0.3029245742,0.009744352669,-0.09,-0.8008378408
2009-09-04,1.652988888,0.05599439596,0.1869722975,0.005123048426,-0.16,-1.007106305
2009-09-05,1.640385534,-0.06886073688,0.1848504036,0.001123048426,-0.15,-1.216115702
2009-09-06,1.625651479,-0.06721125911,0.1827285811,0.001123048426,-0.15,-1.206173533
2009-09-07,1.570797141,-0.1078800176,0.1806068006,-0.005481459984,-0.09,-1.196343252
2009-09-08,1.557234236,-0.1060694999,0.1667642848,-0.005579749306,-0.08,-1.186666548
2009-09-09,1.543914119,-0.1042585113,0.1655486422,-0.007161439024,-0.04,-1.134814677
2009-09-10,1.530829854,-0.102447033,0.1643332818,-0.006970912313,0.06,-1.277981004
2009-09-11,1.517974831,-0.1022769056,0.1113516759,-0.003357078958,-0.1,-1.357060555
2009-09-12,1.505342754,-0.05975946051,0.1103467821,-0.007316219606,-0.1,-1.27583142
2009-09-13,1.492927625,-0.05975946051,0.1093419672,-0.007316219606,-0.1,-1.2653628
2009-09-14,1.778089047,0.2626245876,-0.381130692,-0.006515178129,-0.08,-1.255021635
2009-09-15,1.762584847,0.2710876919,-0.3274900137,-0.00305622821,-0.07,-1.278242607
2009-09-16,1.74736438,0.2797006375,-0.3261931778,-0.01500534437,-0.08,-1.318365978
2009-09-17,1.732418329,0.2884698947,-0.07346876274,-0.0199073151,-0.13,-1.276336752
2009-09-18,1.717737799,0.2974023268,-0.07329204024,-0.01715424955,-0.14,-1.270272982
2009-09-19,1.703314295,-0.02838839439,-0.07311532321,-0.01403510258,-0.08,-1.228834994
2009-09-20,1.689139695,-0.02838839439,-0.07293861165,-0.01403510258,-0.08,-1.218764523
2009-09-21,0.2720216029,-1.610183422,-0.07276190554,-0.01582008916,-0.08,-1.208809544
2009-09-22,0.2724999411,-1.595865029,0.389144667,-0.01959040161,-0.05,-1.18350356
2009-09-23,0.272978476,-1.581791273,0.3860905812,-0.0240769251,-0.06,-1.285852389
2009-09-24,0.2734572081,-1.567954388,0.1289528762,-0.02085110416,-0.06,-1.230420415
2009-09-25,0.2739361377,-1.554346949,-0.1210145562,-0.01173913181,-0.06,-1.05538514
2009-09-26,0.2744152652,0.002410102056,-0.1206305567,-0.01086474993,-0.1,-0.9712140079
2009-09-27,0.2748945911,0.002410102056,-0.1202465962,-0.01086474993,-0.1,-0.9638264346
2009-09-28,1.828825713,1.715203309,-0.1198626744,-0.01086474993,-0.1,-0.9564982257
2009-09-29,1.810932732,1.703489276,-0.6142417992,-0.002831467914,-0.09,-1.034156085
2009-09-30,1.793442572,1.69209805,-0.6101906938,0.0009189734394,-0.07,-0.9957456312
2009-10-01,1.776340811,1.681026048,-0.5665145598,-0.005379172995,-0.03,-0.9387938607
2009-10-02,1.759613825,1.670270268,-0.3152986032,0.002968201666,-0.09,-0.6158965305
2009-10-03,1.743248737,-0.07026183388,-0.3108408884,0.00378365346,-0.05,-0.5607531348
2009-10-04,1.727233368,-0.07026183388,-0.3063777404,0.00378365346,-0.05,-0.5546626472
2009-10-05,0.3597119671,-1.592015234,-0.2610338198,0.0005981653414,-0.11,-0.5485687737
2009-10-06,0.3534476488,-1.579864366,-0.2055174093,-0.00114615695,-0.13,-0.7656161479
2009-10-07,0.3471465383,-1.567895201,-0.1209141528,-0.00310202008,-0.09,-0.8973387645
2009-10-08,0.3408066222,-1.55610274,0.1317795145,-0.0003738068076,-0.17,-1.013746506
2009-10-09,0.3344257916,-1.544482176,0.1343796915,-0.00983534733,-0.19,-1.066289231
2009-10-10,0.3280018354,-0.04548557784,0.1369865438,-0.008858148283,-0.12,-1.186733086
2009-10-11,0.3215324322,-0.04548557784,0.1396001536,-0.008858148283,-0.12,-1.178011495
2009-10-12,0.1040570673,-0.267641686,0.09895731301,-0.01131490969,-0.13,-1.16939676
2009-10-13,0.1033770186,-0.2609785076,0.05009324885,-0.006116313328,-0.09,-1.174533781
2009-10-14,0.1026970343,-0.2542542577,-0.02883496876,-0.01238666796,-0.17,-1.167899652
2009-10-15,0.1020171134,-0.2474658239,-0.3150063921,-0.02103437651,-0.13,-1.17497537
2009-10-16,0.101337255,-0.2406099149,-0.3112164768,-0.02262662541,-0.1,-1.30507364
2009-10-17,0.1006574581,-0.003708634051,-0.307425779,-0.02030282138,-0.15,-1.330256179
2009-10-18,0.09997772182,-0.003708634051,-0.3036341154,-0.02030282138,-0.15,-1.319899667
2009-10-19,1.674229871,1.718239703,-0.2998413018,-0.01939510137,-0.12,-1.309688774
2009-10-20,1.663231971,1.707750894,-0.2954548686,-0.02492066336,-0.21,-1.292416867
2009-10-21,1.652383909,1.697398053,-0.2896453427,-0.01491243225,-0.19,-1.3564732
2009-10-22,1.641682004,1.687178023,-0.322577925,-0.0237073916,-0.07,-1.184851815
2009-10-23,1.6311227,1.67708775,-0.3158699948,-0.02207725384,-0.05,-1.362943975
2009-10-24,1.620702559,-0.01955599169,-0.3092118038,-0.02073645645,-0.03,-1.1586405
2009-10-25,1.610418262,-0.01955599169,-0.3026428058,-0.02073645645,-0.03,-1.149965038
2009-10-26,1.388030294,-0.2582529747,-0.2962215672,-0.01716922589,0,-1.141387914
2009-10-27,1.375870468,-0.2653615586,-0.3440143535,-0.005605761237,0.06,-0.8809972745
2009-10-28,1.363882529,-0.2725669477,-0.4047470654,-0.002807293575,0.04,-0.8109412373
2009-10-29,1.352061513,-0.2798724872,-0.4215868119,0.006591661841,-0.01,-0.4177667166
2009-10-30,1.340402643,-0.2872816816,-0.4253767788,0.001867854697,-0.06,-0.8111413842
2009-10-31,1.328901323,-0.04897886212,-0.4325338788,0.003491934855,-0.15,-0.04579840502
2009-11-01,1.31755313,-0.04897886212,-0.4449862552,0.003491934855,-0.15,-0.03668413685
2009-11-02,-0.02350959881,-1.578680947,-0.5061119204,0.003491934855,-0.15,-0.02736830136
2009-11-03,-0.02747574309,-1.565876159,-0.4153470581,0.006782296768,-0.05,-0.1377353472
2009-11-04,-0.03145872362,-1.55327122,0.02519973612,0.01528883216,-0.06,-0.2609669783
2009-11-05,-0.03545888457,-1.54086035,0.1132866174,0.0102344026,-0.05,-0.4019431142
2009-11-06,-0.03947657711,-1.528637997,0.1083506224,0.007523940555,-0.04,-0.707660453
2009-11-07,-0.04351215953,-0.02198561779,0.1073334964,0.007972365666,-0.08,-0.8722828436
2009-11-08,-0.04756599754,-0.02198561779,0.1063164385,0.007972365666,-0.08,-0.8671822624
2009-11-09,-0.2321819215,-0.2236409028,0.170944008,0.01032582901,-0.01,-0.8621880149
2009-11-10,-0.229719819,-0.2175103414,0.6053190283,-0.001251620353,-0.07,-1.009703648
2009-11-11,-0.2272581049,-0.2113343936,0.2517445583,0.003123204622,-0.12,-1.054400531
2009-11-12,-0.2247967332,-0.2051111355,0.2501059594,0.0006375023879,-0.18,-1.022342893
2009-11-13,-0.222335658,-0.1988385581,0.2522853045,0.002321953581,-0.18,-0.8449006953
2009-11-14,-0.2198748332,0.01430502436,0.2505424562,-0.001719117745,-0.2,-0.9754749273
2009-11-15,-0.6224593924,-0.4467400246,0.2488005583,-0.001719117745,-0.2,-0.9752513036
2009-11-16,-0.6179911483,-0.4445989625,0.2036125012,-0.005693823439,-0.28,-0.9755336458
2009-11-17,-0.613537319,-0.4424613564,-0.2315250639,-0.01447583848,-0.28,-1.051115936
2009-11-18,-0.6090976353,-0.4403271745,-0.2314387004,-0.01156383868,-0.28,-1.123572527
2009-11-19,-0.6046718307,-0.4381963851,0.03023946344,-0.01321281961,-0.29,-1.2441097
2009-11-20,-0.6002596415,0.02409902583,0.03315409153,-0.009047653494,-0.2,-1.075786176
2009-11-21,-0.5958608067,0.02409902583,0.03607572315,-0.006803014877,-0.2,-1.141854027
2009-11-22,-0.5914750679,0.02409902583,0.03900446851,-0.006803014877,-0.2,-1.136498369
2009-11-23,0.5686946845,1.337534267,0.09081692102,-0.004970248815,-0.2,-1.131323453
2009-11-24,0.5650789159,1.326079521,0.3926897675,-0.01525558186,-0.25,-1.298839334
2009-11-25,0.5614730966,1.314776726,0.4782044451,-0.008861944843,-0.24,-1.406593755
2009-11-26,0.5578770797,1.303621665,0.5027647345,-0.01490951738,-0.25,-1.396404442
2009-11-27,0.5542907199,1.292610275,0.6899725601,-0.01534776284,-0.21,-1.393296402
2009-11-28,0.5507138731,-0.01882015353,0.7478473475,-0.009282912341,-0.22,-0.6455030213
2009-11-29,0.5471463969,-0.01882015353,0.8159619138,-0.009282912341,-0.22,-0.6421737328
2009-11-30,-0.2273481477,-0.8920801722,0.88557107,-0.001733087131,-0.15,-0.6390749293
2009-12-01,-0.2341967123,-0.8974316194,1.145140077,-0.003209481388,-0.18,-0.6960233844
2009-12-02,-0.241133197,-0.9028315274,0.8871807887,-0.00909389424,-0.17,-1.165420636
2009-12-03,-0.2481605574,-0.9082807664,0.9017907121,-0.01147955161,-0.15,-1.310256717
2009-12-04,-0.2552818854,-0.9137802289,0.3392826601,-0.007209359719,-0.07,-1.056538553
2009-12-05,-0.2625004167,-0.03204472623,0.3513705624,-0.002127208836,0.03,-1.279557098
2009-12-06,-0.2698195401,-0.03204472623,0.3638100086,-0.002127208836,0.03,-1.276141772
2009-12-07,-0.5228444332,-0.3017286996,0.1971404018,0.002046187249,0.13,-1.273062088
2009-12-08,-0.5313092735,-0.3009754751,-0.03926149203,-0.002185479045,0.11,-1.11492259
2009-12-09,-0.5399157695,-0.3002226354,-1.652229281,0.007696522702,0.1,-0.8020640259
2009-12-10,-0.5486690529,-0.2994701791,-1.702724798,0.002520082761,0.15,-1.00848456
2009-12-11,-0.5575745191,-0.2987181048,-1.71553992,0.0001815402878,0.19,-1.078134155
2009-12-12,-0.5666378446,-0.02848357371,-1.698048552,0.003304685479,0.2,-1.226252426
2009-12-13,-0.575865007,-0.02848357371,-1.680908247,0.003304685479,0.2,-1.223712888
2009-12-14,-0.5475389538,0.006860759283,-1.501717541,0.008834099932,0.21,-1.221540836
2009-12-15,-0.5445360046,0.01563885284,-1.456097358,0.005205676656,0.16,-1.316542211
2009-12-16,-0.5415405252,0.02459231856,0.04865340652,0.01535283713,0.21,-1.243278119
2009-12-17,-0.5385524281,0.03373129396,0.4864488052,0.01300143239,0.18,-1.448651507
2009-12-18,-0.5355716269,0.04306673868,0.4843123697,0.01854967704,0.13,-1.007451458
2009-12-19,-0.5325980355,0.01498007628,0.4821798051,0.01787446792,0.16,-1.186467455
2009-12-20,-0.5296315689,0.01498007628,0.4800510786,0.01787446792,0.16,-1.180859697
2009-12-21,-0.4265224098,0.1273514512,1.148102389,0.01960672725,0.18,-1.175439891
2009-12-22,-0.4279538504,0.12328894,1.769530652,0.02566157633,0.25,-1.441962072
2009-12-23,-0.4293879409,0.1192144815,1.751775547,0.02640207018,0.25,-1.654600352
2009-12-24,-0.4308246958,0.1151277581,1.305064026,0.02215581113,0.22,-1.607400039
2009-12-25,-0.4322641295,0.1110284464,1.294045172,0.01629229837,0.16,-1.653813016
2009-12-26,-0.4337062566,-0.006452147136,1.283166455,0.01629229837,0.16,-1.641219261
2009-12-27,-0.4351510917,-0.006452147136,1.272424086,0.01629229837,0.16,-1.628906052
2009-12-28,-0.8794057878,-0.4978844006,1.268211132,0.01450709734,0.19,-1.61686785
2009-12-29,-0.8888900305,-0.5028509187,0.5967244011,0.00813474089,0.19,-1.51210043
2009-12-30,-0.898537403,-0.5078599283,0.02042422168,0.00945290934,0.1,-1.490096051
2009-12-31,-0.9083533941,-0.5129122714,0.01064302013,0.01173711216,0.04,-1.502156112
2010-01-01,-0.918343756,-0.5180088131,0.003564802874,0.006693782735,0.07,-1.085892799
2010-01-02,-0.9285145211,-0.02368814369,-0.003604772314,0.006693782735,0.07,-1.083517411
2010-01-03,-0.9388720193,-0.02368814369,-0.01086954526,0.006693782735,0.07,-1.081475604
2010-01-04,-0.9577953661,-0.04078159384,-0.01198889302,0.009582692694,0.11,-1.079791503
2010-01-05,-0.9555867686,-0.03481212971,-0.5645153166,-7.47048347e-05,0.1,-1.498378613
2010-01-06,-0.9533850383,-0.0287898274,-0.5631741976,0.0008030420099,0.09,-1.679443749
2010-01-07,-0.9511901304,-0.02271289303,-1.212330045,-0.01213086618,0.2,-1.725933002
2010-01-08,-0.9490020006,-0.0165794593,-1.245384219,-0.008531265564,0.13,-1.7514163
2010-01-09,-0.946820605,0.006970018344,-1.237081223,-0.01089163962,0.1,-1.98992238
2010-01-10,-0.9446458998,0.006970018344,-1.228864901,-0.01089163962,0.1,-1.982801384
2010-01-11,-1.133396748,-0.2082900874,-1.657349548,-0.01089163962,0.02,-1.976330245
2010-01-12,-1.129653035,-0.2075825957,-1.111597625,-0.01812192693,0.04,-2.120650844
2010-01-13,-1.125928792,-0.206875323,-1.507263494,-0.01322507923,-0.11,-1.919060891
2010-01-14,-1.122223816,-0.2061682681,-0.9640894986,-0.01229899192,-0.07,-2.010217343
2010-01-15,-1.118537911,-0.2054614299,-1.154046933,-0.01381509948,-0.1,-2.05540944
2010-01-16,-1.114870882,0.01041642275,-1.146905935,-0.01187258666,-0.16,-1.962678689
2010-01-17,-1.111222535,0.01041642275,-1.139829246,-0.01187258666,-0.16,-1.946236608
2010-01-18,0.4555680193,1.778800013,-1.132815658,-0.01005940714,-0.16,-1.930262026
2010-01-19,0.4492417522,1.763016417,-0.7955332852,-0.01202577845,-0.12,-1.917279176
2010-01-20,0.4428872334,1.747586059,-0.8919966707,-0.01209725934,-0.09,-1.989045077
2010-01-21,0.4365023863,1.732498264,-0.4871880002,-0.002537874385,-0.17,-1.684871129
2010-01-22,0.4300850255,1.717742976,-0.4845567235,-0.002687477667,-0.19,-0.7028792853
2010-01-23,0.4236328472,-0.05522219658,-0.4819306778,0.0003293424774,-0.17,0.6871285814
2010-01-24,0.4171434181,-0.05522219658,-0.4793098049,0.0003293424774,-0.17,0.7001894758
2010-01-25,-1.543757656,-2.127156767,-0.2424058675,0.006349302595,-0.16,0.7136033047
2010-01-26,-1.533594822,-2.105231608,-0.1401725299,0.007441696052,-0.1,0.1854451352
2010-01-27,-1.523562368,-2.083941569,-0.03818170249,0.01341779767,-0.17,-0.05295607324
2010-01-28,-1.513657213,-2.063261552,-0.03818170249,0.009907067785,-0.09,-0.4469780951
2010-01-29,-1.503876376,-2.043168159,-0.03818170249,0.01210003418,-0.06,-0.272697867
2010-01-30,-1.494216973,0.02040850944,-0.03818170249,0.0175293141,-0.11,-0.009107734655
2010-01-31,-1.484676214,0.02040850944,-0.03818170249,0.0175293141,-0.11,8.116291398e-05
2010-02-01,0.04759697077,1.657295847,-0.03818170249,0.02362562323,-0.17,0.009472873925
2010-02-02,0.04679371987,1.643987811,-0.03249889111,0.02215473198,-0.06,-0.5847456699
2010-02-03,0.0459904285,1.630894618,-0.02677069708,0.01838495016,-0.17,-0.9098961172
2010-02-04,0.04518709509,1.618009948,-0.19809933,0.02227841688,-0.1,-0.8694660728
2010-02-05,0.04438371806,1.605327737,-0.8414518973,0.02586229442,-0.07,0.4994166407
2010-02-06,0.04358029584,-0.004227204573,-0.8347409365,0.03111146951,-0.02,0.5136569671
2010-02-07,0.04277682685,-0.004227204573,-0.8280683815,0.03111146951,-0.02,0.51876724
2010-02-08,0.3994335362,0.3707500834,-0.6148199428,0.03111146951,-0.02,0.5239228752
2010-02-09,0.394754357,0.3664869637,-0.608724428,0.02893288575,0,0.6551870943
2010-02-10,0.3900738064,0.3622234963,-0.6026346892,0.02098911699,0.06,0.5037436829
2010-02-11,0.3853915134,0.3579594158,-0.4151808904,0.02114227192,0.15,0.3262799957
2010-02-12,0.3807071031,0.3536944547,0.2625318716,0.01806268358,0.16,-0.11973899
2010-02-13,0.3760201974,-0.02749125052,0.2693872036,0.0113467394,0.15,-0.5031791368
2010-02-14,0.3713304142,-0.02749125052,0.2763309742,0.0113467394,0.15,-0.4970791468
2010-02-15,-2.19099816,-2.700103913,0.2831275714,0.01170704091,0.13,-0.4909664753
2010-02-16,-2.16306127,-2.667886445,0.06515788861,0.007155270878,0.15,-0.4848130257
2010-02-17,-2.135961974,-2.637012141,0.4239575476,0.002127921873,0.07,-0.6340802072
2010-02-18,-2.109657777,-2.607413848,0.4222143074,0.004863639044,0.11,-0.7994019052
2010-02-19,-2.084109198,-2.579030456,0.4204734293,0.00118809178,0.18,-1.145062226
2010-02-20,-2.059279494,0.06843074952,0.4187348958,0.002059430185,0.22,-1.33290451
2010-02-21,-2.035134427,0.06843074952,0.4169986893,0.002059430185,0.22,-1.322339388
2010-02-22,-0.1256662984,2.075582848,0.2000548059,0.002398324587,0.23,-1.311920502
2010-02-23,-0.1200768768,2.051210136,0.2353703647,0.003496278914,0.29,-1.332166245
2010-02-24,-0.1144495187,2.027478528,-0.231369396,0.003766015713,0.2,-0.86192273
2010-02-25,-0.1087829407,2.004358509,-0.2302051816,-0.001727212952,0.24,-1.224692495
2010-02-26,-0.1030758133,1.981822428,-0.2290415008,-0.002558607002,0.19,-1.275180124
2010-02-27,-0.09732675881,0.03091985063,-0.2278783489,-0.01016256296,0.16,-1.465619812
2010-02-28,-0.09153434839,0.03091985063,-0.2267157211,-0.01016256296,0.16,-1.453789893
2010-03-01,0.3752176426,0.4886105889,-0.01093062225,-0.01016256296,0.13,-1.44215445
2010-03-02,0.3791752625,0.4853338171,-0.04688758421,-0.008707295782,0.09,-1.519146303
2010-03-03,0.383157373,0.4820637353,0.598248445,-0.01198243956,0.02,-1.580921395
2010-03-04,0.3871643722,0.4788002363,1.058744382,-0.01728671406,-0.01,-1.647840532
2010-03-05,0.3911966666,0.4755432138,1.050486766,-0.006273564431,-0.02,-1.668646115
2010-03-06,0.3952546715,0.01521184282,1.042301663,-0.00782254015,0.02,-2.084645918
2010-03-07,0.399338811,0.01521184282,1.034187408,-0.00782254015,0.02,-2.058182934
2010-03-08,0.3925154574,0.005177264579,1.096993075,-0.00782254015,0.02,-2.03246527
2010-03-09,0.3942936379,0.00355064989,1.08844981,-0.002539526326,0.07,-1.886875987
2010-03-10,0.3960759164,0.001922972409,0.5455765795,-0.005580625094,0.02,-1.82376388
2010-03-11,0.397862321,0.0002942175435,0.007247415208,-0.008869222116,0.01,-1.593871661
2010-03-12,0.3996528803,-0.001335629356,0.002368756834,-0.009617175535,-0.03,-1.745686305
2010-03-13,0.4014476231,0.007087312979,-0.002539441114,-0.01378610831,-0.07,-1.884724869
2010-03-14,0.4032465782,0.007087312979,-0.007477945143,-0.01378610831,-0.07,-1.866694275
2010-03-15,-1.361758505,-1.717194708,-0.08143134946,-0.01150626946,-0.1,-1.84909585
2010-03-16,-1.360500872,-1.721289532,-0.08379149839,-0.01080236733,-0.04,-1.700156297
2010-03-17,-1.35924548,-1.725406604,-0.0861561969,-0.01471096805,-0.09,-1.79511854
2010-03-18,-1.357992322,-1.729546139,-0.01928882443,-0.02050334977,-0.11,-2.04466651
2010-03-19,-1.35674139,-1.733708354,-0.02439937848,-0.009770425432,-0.03,-2.124661677
2010-03-20,-1.355492678,0.002223282696,-0.02954513926,-0.006614335652,0.02,-1.992895914
2010-03-21,-1.354246176,0.002223282696,-0.03472704881,-0.006614335652,0.02,-1.977263993
2010-03-22,-1.610001375,-0.2550251908,-0.03994607837,-0.008072675401,0.04,-1.962121209
2010-03-23,-1.603528907,-0.2534292474,-0.04502492405,-0.003794069827,0.02,-1.972295388
2010-03-24,-1.597110698,-0.251834214,0.5009805199,0.0002140104811,0.03,-2.114874214
2010-03-25,-1.590745926,-0.2502400782,0.4947912861,0.002557599518,0.16,-1.706166667
2010-03-26,-1.584433789,-0.2486468277,1.054081064,0.003497661971,0.17,-1.417344871
2010-03-27,-1.5781735,0.01008733634,1.04789066,0.004557039661,0.14,-1.605499667
2010-03-28,-1.571964289,0.01008733634,1.041816133,0.004557039661,0.14,-1.589835854
2010-03-29,-0.6645353459,0.9217714647,1.036033296,0.004747728019,0.13,-1.574455672
2010-03-30,-0.6705390747,0.9151517598,1.681755016,0.001092343829,0.18,-1.615804996
2010-03-31,-0.676607146,0.9085772845,1.088185855,0.002365583077,0.17,-1.743441557
2010-04-01,-0.682741016,0.9020471494,1.079663506,-0.001661413405,0.11,-1.58280999
2010-04-02,-0.6889421871,0.8955604837,1.071267191,4.856380637e-05,0.16,-1.605008919
2010-04-03,-0.6952122101,-0.01715244907,1.062948965,0.002634316696,0.24,-1.590001473
2010-04-04,-0.7015526859,-0.01715244907,1.054707107,0.002634316696,0.24,-1.575258906
2010-04-05,-1.850286496,-1.149384965,0.4682393159,-0.0006292744949,0.23,-1.560772448
2010-04-06,-1.829561685,-1.144228965,0.4627266448,0.000749500513,0.28,-1.682108011
2010-04-07,-1.809315199,-1.139265429,-0.1987739088,0.003166220634,0.28,-1.902265051
2010-04-08,-1.789527045,-1.134501192,-0.09148630806,1.078224079e-06,0.1,-1.764577056
2010-04-09,-1.770178374,-1.129943873,1.140119777,-0.003435055841,0.08,-1.787743272
2010-04-10,-1.751251399,0.05064369673,1.134161399,-0.006056489257,0.06,-1.869857964
2010-04-11,-1.732729316,0.05064369673,1.128358785,-0.006056489257,0.06,-1.849683266
2010-04-12,-1.077691231,0.7298965667,1.201601742,-0.007044741247,0.08,-1.829976156
2010-04-13,-1.076176461,0.7236389918,1.195895207,-0.0082037718,0.03,-1.973397054
2010-04-14,-1.07466503,0.717405115,1.187961065,-0.01471379695,-0.1,-1.770412205
2010-04-15,-1.073156923,0.7111942586,1.058725359,-0.0177243999,-0.11,-1.927378517
2010-04-16,-1.071652125,0.7050057561,-0.2181460681,-0.0158441966,-0.13,-1.819778034
2010-04-17,-1.070150622,0.003939908429,-0.2184792153,-0.01240296177,-0.16,-1.090475239
2010-04-18,-1.0686524,0.003939908429,-0.2188124403,-0.01240296177,-0.16,-1.081835135
2010-04-19,0.2318964629,1.401382115,-0.3008451534,-0.008259741318,-0.2,-1.073274935
2010-04-20,0.2301476693,1.394759075,-0.3036641496,-0.004342572111,-0.17,-1.357950826
2010-04-21,0.2283996422,1.388194284,-0.3087683677,-0.005004375734,-0.13,-1.806098039
2010-04-22,0.2266523656,1.381686782,-0.3139158769,-0.002351453228,-0.19,-1.619857031
2010-04-23,0.2249058234,1.375235635,-0.4392161731,-0.001915921198,-0.23,-1.561559066
2010-04-24,0.2231599996,-0.009272057077,-0.4443065388,-0.002620937144,-0.22,-1.504332588
2010-04-25,0.2214148782,-0.009272057077,-0.4494414797,-0.002620937144,-0.22,-1.490384674
2010-04-26,-0.02063749683,-0.2647352639,-0.4512883179,-2.374158792e-05,-0.23,-1.476663001
2010-04-27,-0.02150425647,-0.2637635989,0.3549260711,-0.00235719608,-0.22,-1.227190711
2010-04-28,-0.02237122877,-0.2627924368,0.4329106221,0.003778093098,-0.18,0.2982468654
2010-04-29,-0.02323841578,-0.2618217746,1.234089262,0.008245156712,-0.18,-0.1906397703
2010-04-30,-0.02410581957,-0.2608516093,2.136820622,0.004585995251,-0.25,-0.9396547037
2010-05-01,-0.02497344221,-0.004591267421,2.108473365,0.003948000156,-0.27,0.09842839282
2010-05-02,-0.02584128577,-0.004591267421,2.080965348,0.003948000156,-0.27,0.1019818993
2010-05-03,0.2493002264,0.2890410219,2.054436721,0.00649696996,-0.23,0.1055496442
2010-05-04,0.2541101115,0.2957179259,1.254116023,0.01047048355,-0.18,-0.4253702952
2010-05-05,0.2589565043,0.3024778571,1.166233299,0.0204939209,-0.23,0.6297998854
2010-05-06,0.2638401924,0.3093234162,1.262842847,0.02379426244,-0.19,0.9389691492
2010-05-07,0.2687619856,0.3162573163,2.912869237,0.03002313962,-0.21,3.149383343
2010-05-08,0.2737227166,0.02186646409,2.854691307,0.02993667678,-0.16,5.152591103
2010-05-09,0.2787232417,0.02186646409,2.799422465,0.02993667678,-0.16,4.889952148
2010-05-10,-0.8967561624,-1.228382786,3.056094825,0.0262498425,-0.19,4.66212804
2010-05-11,-0.8897960425,-1.219273996,3.395396317,0.02029344244,-0.14,1.691792335
2010-05-12,-0.8828830547,-1.210265362,3.306700808,0.02144227795,-0.11,1.568016425
2010-05-13,-0.8760163075,-1.201354573,4.264414384,0.01966834074,-0.18,0.8920349794
2010-05-14,-0.8691949363,-1.192539389,2.070083059,0.01990995249,-0.19,1.177236592
2010-05-15,-0.8624181036,0.04891531614,2.059038973,0.02927191455,-0.21,2.268620744
2010-05-16,-0.8556849987,0.04891531614,2.04813422,0.02927191455,-0.21,2.242961071
2010-05-17,0.07671922805,0.9960787522,2.22101644,0.03086835418,-0.2,2.217988594
2010-05-18,0.08277278098,0.990171458,2.135329973,0.03097783354,-0.06,2.101068962
2010-05-19,0.08888662137,0.9843064607,2.121294545,0.02284415996,-0.15,2.699467922
2010-05-20,0.09506265854,0.9784830627,0.6397869104,0.03882615206,0.01,3.04666651
2010-05-21,0.1013028795,0.9727005809,0.6433840848,0.04422553082,0.07,5.136244126
2010-05-22,0.1076093533,0.02879502293,0.6470025476,0.03714686086,0.04,3.776045296
2010-05-23,0.1139842355,0.02879502293,0.6506425774,0.03714686086,0.04,3.661650892
2010-05-24,-1.351171439,-1.411004527,0.1787968883,0.03277846302,0.01,3.556244745
2010-05-25,-1.343514394,-1.39880268,1.554967198,0.03016190599,0.04,3.126300906
2010-05-26,-1.336051588,-1.386776579,4.431149973,0.03338990305,0.03,2.363241027
2010-05-27,-1.328784524,-1.37492117,4.006213664,0.01977583124,0.05,2.40598814
2010-05-28,-1.321715101,-1.363231596,3.898468615,0.01118524333,0.03,1.372539231
2010-05-29,-1.314845638,0.06326045395,3.77416764,0.01060913876,0.02,1.811166537
2010-05-30,-1.3081789,0.06326045395,3.660171571,0.01060913876,0.02,1.793627909
2010-05-31,-1.347056475,0.009847141628,3.555107561,0.02117069736,-0.01,1.776444942
2010-06-01,-1.33587965,0.003481850962,3.481402391,0.0198632857,0.01,1.759754711
2010-06-02,-1.324850881,-0.002949558314,2.086542906,0.02179552942,0.04,2.369911438
2010-06-03,-1.313966173,-0.009449472959,-0.348396145,0.02230414434,0.08,1.370843295
2010-06-04,-1.303221674,-0.01602038863,1.303083545,0.01139087346,0.08,1.233922897
2010-06-05,-1.29261367,0.03234101282,1.294725331,0.01881213656,0,2.304844529
2010-06-06,-1.282138577,0.03234101282,1.286456362,0.01881213656,0,2.275055875
2010-06-07,0.2877674671,1.573354175,0.9850642233,0.0123911877,-0.05,2.246173865
2010-06-08,0.2989183219,1.578415376,0.9773079379,0.01967973629,0,2.40391884
2010-06-09,0.3103653387,1.583512293,1.883975233,0.008643816128,-0.03,1.881148576
2010-06-10,0.3221266432,1.588645381,1.839687848,-0.0005621552931,-0.08,1.86840961
2010-06-11,0.3342219604,1.593815099,0.7532264194,0.002041725559,0.02,1.316932637
2010-06-12,0.3466728028,0.03951055532,0.7481139921,0.00280919005,-0.04,1.00889583
2010-06-13,0.3595026871,0.03951055532,0.7430255838,0.00280919005,-0.04,1.008743926
2010-06-14,0.3031838859,-0.02064141263,1.004475656,-0.0008453767618,-0.06,1.008592056
2010-06-15,0.305043812,-0.02724340921,0.9979632271,-0.01784237002,-0.02,0.9701281648
2010-06-16,0.3069077997,-0.03392048079,0.06891677071,-0.01525910118,0.02,0.5018041397
2010-06-17,0.3087758802,-0.04067540978,0.071672759,-0.00824295281,-0.05,0.5094164594
2010-06-18,0.3106480846,-0.04751111228,-0.3601163602,-0.008399251554,-0.1,0.3585186297
2010-06-19,0.3125244443,0.007622622691,-0.3560153871,-0.01046765421,-0.07,0.1680133628
2010-06-20,0.314404991,0.007622622691,-0.3519143733,-0.01046765421,-0.07,0.1674355244
2010-06-21,-1.024999266,-1.2538135,-0.3481425835,-0.01046765421,-0.07,0.1668578041
2010-06-22,-1.017448378,-1.246097853,-0.3448069075,-0.01823577329,-0.08,0.3260559112
2010-06-23,-1.009959934,-1.23845862,0.0445683683,-0.01551001397,-0.16,0.6971301134
2010-06-24,-1.00253262,-1.230894296,0.04250255083,-0.01011496874,-0.15,0.6696185539
2010-06-25,-0.9951651571,-1.223403418,0.1306618549,-0.01594544751,-0.03,1.148742922
2010-06-26,-0.9878562946,0.0271973281,0.1282715523,-0.01760441623,-0.05,0.9344897531
2010-06-27,-0.9806048137,0.0271973281,0.1258799294,-0.01760441623,-0.05,0.9282021121
2010-06-28,0.2258224284,1.1572102,0.123486941,-0.02097166241,-0.04,0.9219578481
2010-06-29,0.2380241891,1.165824647,0.1210925414,-0.02129491229,-0.12,0.9954255634
2010-06-30,0.2506120353,1.174560348,0.04812727209,-0.009019152928,-0.14,1.850014145
2010-07-01,0.2636145582,1.183420501,0.04556011455,-0.005122932768,-0.2,1.897553583
2010-07-02,0.277063433,1.192408425,-0.2758488079,-0.007868552302,-0.08,1.598910394
2010-07-03,0.2909938661,0.0434781252,-0.2773477537,-0.009601125085,-0.02,1.131678054
2010-07-04,0.3054451248,0.0434781252,-0.2788490853,-0.009601125085,-0.02,1.123695762
2010-07-05,-1.172765867,-1.241841512,-0.2803528176,-0.001812997217,-0.04,1.115789518
2010-07-06,-1.170157016,-1.234110628,-0.3051077957,-0.0007355945202,-0.05,1.109264018
2010-07-07,-1.167891911,-1.226456161,-0.4896040496,-0.004812340687,-0.02,1.026039737
2010-07-08,-1.165993069,-1.2188766,-0.8088276613,-0.003327842777,0.08,0.5616333277
2010-07-09,-1.164485809,-1.211370475,-0.8421667867,-0.00550588102,0,0.373713042
2010-07-10,-1.163398668,0.06296143505,-0.8421472247,-0.006454483353,0.01,0.2572437398
2010-07-11,-1.162763901,0.06296143505,-0.8421276633,-0.006454483353,0.01,0.2617340049
2010-07-12,-0.420980846,0.642530235,-0.8656168835,-0.001765936922,0.02,0.2662552351
2010-07-13,-0.416756506,0.6363917328,-0.8200252464,-0.001647453386,0.06,0.1783237188
2010-07-14,-0.4125350825,0.6302627843,-0.635867353,-0.01151695601,0.09,0.2032324528
2010-07-15,-0.4083163346,0.6241425226,-0.6334859691,-0.01354013934,0,0.2606949686
2010-07-16,-0.4041000209,0.6180300724,-0.6433229752,-0.01319320917,0,0.3028668148
2010-07-17,-0.3998858997,0.01830435052,-0.6408978316,-0.009973999091,0.04,0.4875947204
2010-07-18,-0.3956737284,0.01830435052,-0.638479192,-0.009973999091,0.04,0.4860130635
2010-07-19,-0.4203099533,-0.005271334162,-0.5225465807,-0.008014098936,0.08,0.484433777
2010-07-20,-0.416868151,-0.00612672714,-0.5412025785,-0.01476673065,0.15,0.4354570562
2010-07-21,-0.4134309029,-0.006982291848,-0.990707897,-0.01511978949,0.13,0.09289365101
2010-07-22,-0.4099980864,-0.007838030245,-0.9846852862,-0.01411455735,-0.02,0.3776001192
2010-07-23,-0.4065695795,-0.008693944295,-1.382460721,-0.01590430232,-0.06,0.2081352232
2010-07-24,-0.4031452605,0.01403766266,-1.371557761,-0.01559479058,-0.03,0.01374671832
2010-07-25,-0.4021063174,0.0119899646,-1.360799735,-0.01559479058,-0.03,0.01367359296
2010-07-26,-1.458711594,-0.8505239594,-1.35037973,-0.01559479058,-0.03,0.01360046772
2010-07-27,-1.447535438,-0.8483566762,-1.36490809,-0.01420822254,-0.02,-0.1102517222
2010-07-28,-1.4365137,-0.8461957682,-0.985099917,-0.01493178678,-0.04,-0.03371671847
2010-07-29,-1.425642319,-0.8440411932,-2.315432935,-0.01079205769,-0.03,0.1421317835
2010-07-30,-1.414917384,-0.8394376475,-1.860038785,-0.01143394274,-0.05,0.1210299225
2010-07-31,-1.404335122,0.02081998155,-1.840819135,-0.01482525902,-0.12,0.01460804005
2010-08-01,-1.393891891,0.02081998155,-1.822019198,-0.01482525902,-0.12,0.01373815821
2010-08-02,-2.353118408,-0.7918853703,-1.803377517,-0.01769696229,-0.12,0.01286814083
2010-08-03,-2.324658716,-0.7853757802,-1.763185721,-0.01688816938,-0.15,-0.2374404632
2010-08-04,-2.297140818,-0.7788973711,-1.682309873,-0.01801118901,-0.16,-0.1350176278
2010-08-05,-2.270518182,-0.7724493688,-0.4053986383,-0.01558193947,-0.09,-0.2066828131
2010-08-06,-2.244747765,-0.7660310134,-0.3371029785,-0.01974475722,-0.18,-0.2263033385
2010-08-07,-2.219789708,0.06754072831,-0.3339429663,-0.02025900974,-0.21,-0.2846343597
2010-08-08,-2.19560706,0.06754072831,-0.3307849665,-0.02025900974,-0.21,-0.2825499948
2010-08-09,-0.3046902519,1.695836655,-0.3276288828,-0.0212521934,-0.25,-0.2804670344
2010-08-10,-0.3013547235,1.678804764,-0.3239110484,-0.01977322248,-0.24,-0.2117639908
2010-08-11,-0.2980197333,1.662109845,-0.3211071869,-0.01302175975,-0.24,-0.1734813015
2010-08-12,-0.2946851632,1.64573969,-0.06996312557,-0.00356696967,-0.26,0.3304797448
2010-08-13,-0.2913508951,1.629682702,-0.07011890364,-0.002683149376,-0.19,0.3852666435
2010-08-14,-0.2880168105,0.01486973576,-0.07006867221,-0.001034595207,-0.24,0.4674329819
2010-08-15,-0.2846827905,0.01486973576,-0.07001844127,-0.001034595207,-0.24,0.4640381546
2010-08-16,-1.758633585,-1.250131847,-0.07046440295,0.003094215172,-0.24,0.4606495076
2010-08-17,-1.740245129,-1.242621072,-0.07161270359,0.0003402365444,-0.31,0.434393002
2010-08-18,-1.722241777,-1.235183048,0.4879314537,-0.003484777697,-0.21,0.1372127916
2010-08-19,-1.704608759,-1.227816377,0.327347377,-0.002441228884,-0.19,0.1795133214
2010-08-20,-1.687332079,-1.220519698,0.5395656645,0.004661269971,-0.12,0.4867245067
2010-08-21,-1.670398464,0.03368655172,0.5334931458,0.00996362537,-0.09,0.324931236
2010-08-22,-1.65379532,0.03368655172,0.527414378,0.00996362537,-0.09,0.3223403845
2010-08-23,-1.416535736,0.2296643407,0.5214029559,0.0152718565,-0.08,0.31975165
2010-08-24,-1.40434688,0.2289775548,0.5153944402,0.0183933634,-0.02,0.3452740031
2010-08-25,-1.392334071,0.2282910056,-0.1809926672,0.01838867261,-0.11,0.6426112754
2010-08-26,-1.380492261,0.227604692,-0.2471230833,0.02263706537,-0.06,0.5112204501
2010-08-27,-1.368816594,0.2269186132,-0.5336835487,0.0190168644,-0.09,0.6197862607
2010-08-28,-1.357302402,0.03034883697,-0.5315105261,0.01895098362,0.01,0.129198453
2010-08-29,-1.345945189,0.03034883697,-0.5293419577,0.01895098362,0.01,0.127382555
2010-08-30,-0.9708545949,0.3592096577,-0.4813134365,0.01805927534,0.01,0.1255663933
2010-08-31,-0.9637047344,0.3583052211,-0.4762601397,0.01472328274,0.04,0.5832959464
2010-09-01,-0.9566086022,0.3574014293,-0.07302593509,0.01005141942,0,0.3849729826
2010-09-02,-0.949565088,0.3564982797,0.04046468691,0.002388953089,-0.03,0.0202348027
2010-09-03,-0.9425731069,0.3555957697,-0.6218290429,0.0004200085703,0.05,-0.09975823438
2010-09-04,-0.9356315985,0.02617727027,-0.6168720142,-0.003726911491,0.1,-0.4169427656
2010-09-05,-0.9287395258,0.02617727027,-0.6119298216,-0.003726911491,0.1,-0.4184646241
2010-09-06,1.085258723,1.831381404,-0.6070021014,-0.001012899002,0.15,-0.4199894771
2010-09-07,1.078332049,1.811051248,-0.6816144157,0.002903967828,0.09,-0.4211199998
2010-09-08,1.071464052,1.79118254,-0.6796147219,0.007176677352,-0.04,-0.004472862719
2010-09-09,1.064653641,1.771756242,-0.9621942998,0.0006871964838,0,-0.09942146282
2010-09-10,1.057899747,1.752754389,-1.132032601,-0.005364685003,0,-0.1744079728
2010-09-11,1.051201332,-0.01938806906,-1.126043543,-0.005645975372,-0.03,-0.312937801
2010-09-12,1.044557379,-0.01938806906,-1.120101257,-0.005645975372,-0.03,-0.3131674216
2010-09-13,-0.7352143128,-1.59368994,-0.4625591911,-0.006919362448,-0.03,-0.3133970897
2010-09-14,-0.7318171471,-1.579569478,-0.4959771971,-0.01439596257,-0.07,-0.445952934
2010-09-15,-0.7284329963,-1.565687177,-0.05700528994,-0.02236713772,-0.08,-0.3886963445
2010-09-16,-0.7250617202,-1.552035545,-0.3484700985,-0.01506057616,0.02,-0.2997795104
2010-09-17,-0.7217031804,-1.538607414,-0.2864304693,-0.01521417927,-0.05,-0.366207383
2010-09-18,-0.71835724,0.01140040973,-0.2909531489,-0.01488560218,-0.05,-0.320266981
2010-09-19,-0.7150237641,0.01140040973,-0.2955078905,-0.01488560218,-0.05,-0.3234296112
2010-09-20,-0.7184205644,0.005601865172,0.1455421558,-0.01744752739,0.01,-0.3266062806
2010-09-21,-0.7160948627,0.004819702283,0.4776944767,-0.02080649997,-0.01,-0.4168847705
2010-09-22,-0.7137757738,0.004037427107,-0.003410249838,-0.0153684649,-0.24,-0.275223544
2010-09-23,-0.7114632486,0.003255038164,0.2867691388,-0.02147521608,-0.31,-0.2515734544
2010-09-24,-0.7091572385,0.002472533971,0.07787683939,-0.01784403043,-0.33,-0.02312376003
2010-09-25,-0.7068576953,0.007490882866,0.07279083942,-0.02236614042,-0.29,-0.396979072
2010-09-26,-0.7045645713,0.007490882866,0.06767492009,-0.02236614042,-0.29,-0.4003263093
2010-09-27,0.9794726502,1.488836418,-0.4627497368,-0.02236614042,-0.29,-0.4036904234
2010-09-28,0.985389642,1.491429268,-0.7377165468,-0.02723995662,-0.19,-0.2642298915
2010-09-29,0.9913652325,1.494031616,-0.3314396391,-0.02590359197,-0.33,-0.2579166368
2010-09-30,0.9974005478,1.496643524,-0.3336197805,-0.02710790335,-0.31,-0.1486741643
2010-10-01,1.003496744,1.499265057,-0.1985225779,-0.02492933149,-0.27,-0.07155761477
2010-10-02,1.00965501,0.01139577675,-0.2011487843,-0.03032554485,-0.27,-0.2767199064
2010-10-03,1.015876567,0.01139577675,-0.203782765,-0.03032554485,-0.27,-0.2735343274
2010-10-04,1.175432172,0.1504170923,-0.3200120063,-0.02407369406,-0.19,-0.2703487692
2010-10-05,1.166019991,0.1430263075,-0.3536180005,-0.0174555325,-0.21,-0.08997299774
2010-10-06,1.156707467,0.1355346376,-0.7423544865,-0.02549302549,-0.32,-0.3957108114
2010-10-07,1.147492161,0.1279368088,-0.7407209713,-0.02981031269,-0.48,-0.441357639
2010-10-08,1.13837171,0.1202271882,-1.667180519,-0.02857487159,-0.47,-0.4275428161
2010-10-09,1.129343821,-0.03224261302,-1.65389413,-0.03043302368,-0.55,-0.5721416979
2010-10-10,1.120406266,-0.03224261302,-1.640821882,-0.03043302368,-0.55,-0.5690920656
2010-10-11,-0.8759935619,-1.845671381,-1.474690363,-0.02842384226,-0.49,-0.5660505783
2010-10-12,-0.8689445762,-1.829367512,-1.500043309,-0.02757250584,-0.33,-0.8657814417
2010-10-13,-0.8619368172,-1.813456827,-1.489649073,-0.02003373714,-0.25,-0.868232634
2010-10-14,-0.8549692415,-1.79792757,-1.633948253,-0.02440034209,-0.33,-0.8413678875
2010-10-15,-0.8480408226,-1.782768716,0.7514583881,-0.02267258809,-0.4,-0.6966929722
2010-10-16,-0.8411505498,0.03671985163,0.7451270093,-0.02094004777,-0.31,-0.8376512025
2010-10-17,-0.8342974273,0.03671985163,0.7388206672,-0.02094004777,-0.31,-0.8318971907
2010-10-18,1.17478868,1.822394874,0.5759015261,-0.0196632499,-0.29,-0.8261760948
2010-10-19,1.179960502,1.80555778,0.5712876543,-0.01643033937,-0.22,-0.8100642926
2010-10-20,1.185174448,1.789050461,0.4983947081,-0.006727495305,-0.3,-0.5414740323
2010-10-21,1.190431164,1.772861368,0.5855250685,-0.01310357286,-0.28,-0.6814927136
2010-10-22,1.195731307,1.756979515,-0.9016617328,-0.007684178079,-0.25,-0.7666999296
2010-10-23,1.201075551,0.008387226504,-0.8979672011,-0.004730503325,-0.25,-0.8468981725
2010-10-24,1.206464583,0.008387226504,-0.8942902732,-0.004730503325,-0.25,-0.8430610699
2010-10-25,-1.31010587,-2.156747161,-0.7144040192,-0.006540551529,-0.22,-0.8392420255
2010-10-26,-1.311362891,-2.169762357,-0.6466176785,-0.006949919503,-0.2,-0.6539696588
2010-10-27,-1.312622228,-2.182976449,-0.5779256386,0.001560886211,0,-0.5890967447
2010-10-28,-1.31388389,-2.196394756,-0.5095633528,0.005735108433,0.09,-0.5046730647
2010-10-29,-1.315147885,-2.2100228,-0.8183436583,0.001413775769,0.12,-0.4758885193
2010-10-30,-1.316414221,-0.001969132106,-0.8147676831,-0.0002197233927,0.05,-0.4222826959
2010-10-31,-1.317682907,-0.001969132106,-0.8112072869,-0.0002197233927,0.05,-0.4232594561
2010-11-01,0.7214518107,1.784653046,-0.8084092137,-0.0002197233927,0.05,-0.4242373845
2010-11-02,0.7230970225,1.790443127,-0.8054915612,-0.002101522606,0,-0.3181214758
2010-11-03,0.7247464011,1.796276986,-0.8704660207,-0.001038117399,0.05,-0.3627065309
2010-11-04,0.7263999699,1.802155211,-0.8689203962,0.002067629699,0.09,-0.7055060632
2010-11-05,0.7280577524,1.8080784,-0.4934484636,-0.007787559307,-0.06,-0.8814029571
2010-11-06,0.729719772,0.004498075825,-0.4941657767,-0.004877260082,-0.02,-0.9243078275
2010-11-07,0.7313860526,0.004498075825,-0.4948837519,-0.004877260082,-0.02,-0.9228323826
2010-11-08,-1.780339995,-2.18840256,-0.5256564105,-0.006725773636,0.01,-0.9213600552
2010-11-09,-1.764742404,-2.158433568,-0.3483817663,-0.01080950945,0.04,-0.915091864
2010-11-10,-1.749497503,-2.129390397,-0.3691712317,-0.006507322679,0.11,-0.7806084944
2010-11-11,-1.734594919,-2.101223164,-0.4551078121,-0.002578268877,0.06,-0.8840405065
2010-11-12,-1.720024886,-2.073885666,-0.5184222781,-0.005538330846,0.06,-0.8550086925
2010-11-13,-1.70577822,0.05613891167,-0.5149665232,-0.002612649782,0.21,-0.5227302764
2010-11-14,-1.691846285,0.05613891167,-0.5115186992,-0.002612649782,0.21,-0.5257962337
2010-11-15,-1.890480854,-0.1265224968,-0.4771076138,0.002638636849,0.26,-0.5288768887
2010-11-16,-1.873394682,-0.1258264596,-0.6501350291,0.001675863795,0.35,-0.6014622839
2010-11-17,-1.856733489,-0.1251305205,-0.5590309609,0.003374308124,0.25,-0.1972392605
2010-11-18,-1.840483957,-0.1244346783,-0.4700043062,0.007618513598,0.27,-0.3406246571
2010-11-19,-1.824633604,-0.1237389321,-0.7348614607,0.006165816624,0.33,-0.8588401437
2010-11-20,-1.809170739,0.05959425501,-0.7329875702,0.006716355786,0.27,-0.9815607624
2010-11-21,-1.794084419,0.05959425501,-0.73111819,0.006716355786,0.27,-0.9821910286
2010-11-22,-0.2280335656,1.390513938,-0.5090835406,0.007418580551,0.28,-0.9828219004
2010-11-23,-0.2287072075,1.381301703,-0.817245783,0.01134641695,0.21,-0.926498502
2010-11-24,-0.2293812113,1.372270193,-0.8150219604,0.01921681368,0.19,-0.5402723494
2010-11-25,-0.230055578,1.363418058,-0.8125317773,0.02511488137,0.36,-0.7278648896
2010-11-26,-0.2307303089,1.354744196,-0.8100497002,0.02211686823,0.32,-0.7313359874
2010-11-27,-0.2314054051,-0.002725257212,-0.8075756674,0.02880974765,0.27,-0.2752546785
2010-11-28,-0.2320808678,-0.002725257212,-0.8051096173,0.02880974765,0.27,-0.2796147824
2010-11-29,-1.376018946,-0.9935068215,-0.4743696683,0.02505383991,0.27,-0.2840040345
2010-11-30,-1.369518903,-0.9888458794,-0.5834828096,0.02949708569,0.15,-0.4086972536
2010-12-01,-1.363075114,-0.9842130672,-0.2732224895,0.02495728853,0.18,-0.06227684565
2010-12-02,-1.356686662,-0.9796080141,0.2566661363,0.01973514442,0.27,-0.4485541591
2010-12-03,-1.350352653,-0.9750303561,0.5874062445,0.01214371505,0.13,-0.7962792269
2010-12-04,-1.344072212,0.011531923,0.5863527367,0.00785958982,0.15,-1.039539481
2010-12-05,-1.337844484,0.011531923,0.5853005543,0.00785958982,0.15,-1.039892851
2010-12-06,-1.051544398,0.2582197888,0.5540675577,0.00492850516,-0.01,-1.040246409
2010-12-07,-1.043780465,0.2615093998,0.4445287154,-0.001026229774,-0.08,-1.039123333
2010-12-08,-1.036083632,0.2648135535,0.4224732022,0.0004948959729,0.08,-1.045717174
2010-12-09,-1.028452472,0.2681324545,-0.2819060463,0.007596333109,0.24,-1.090021401
2010-12-10,-1.020885592,0.2714663108,-0.714896002,0.007648409126,0.32,-1.176049595
2010-12-11,-1.013381637,0.0258907161,-0.7098860701,0.006444421413,0.39,-1.11281003
2010-12-12,-1.005939283,0.0258907161,-0.7048974241,0.006444421413,0.39,-1.113031133
2010-12-13,0.758993074,1.592262694,-0.9532278721,0.006403365736,0.46,-1.113252309
2010-12-14,0.7527805255,1.577783339,-0.947490832,-0.005994632065,0.42,-1.124693844
2010-12-15,0.7465946452,1.563563602,-1.137811097,-0.004975997036,0.47,-1.116414577
2010-12-16,0.7404347143,1.549595336,-1.003928522,-0.001358286038,0.42,-1.060210856
2010-12-17,0.7343000223,1.535870771,-1.061794731,-0.004769362807,0.4,-1.159020706
2010-12-18,0.7281898659,-0.02902132016,-1.053735473,-0.002828507698,0.3,-1.385468489
2010-12-19,0.722103549,-0.02902132016,-1.045747379,-0.002828507698,0.3,-1.385406906
2010-12-20,0.3860742212,-0.3190658493,0.3206545125,-0.00698700755,0.32,-1.385345327
2010-12-21,0.3838236482,-0.3153743162,0.3218575856,-0.005530149952,0.33,-1.333942486
2010-12-22,0.3815759811,-0.3116826351,0.4763896036,-0.001755019366,0.23,-1.32034258
2010-12-23,0.3793311847,-0.3079906405,-0.1525756228,0.001795867204,0.19,-1.504247442
2010-12-24,0.3770892241,-0.3042981658,-0.1530886559,0.004649049063,0.22,-1.324745267
2010-12-25,0.3748500641,-0.009524689653,-0.1536018391,0.004649049063,0.22,-1.321378353
2010-12-26,0.3726136703,-0.009524689653,-0.1541151728,0.004649049063,0.22,-1.318027231
2010-12-27,-1.42525377,-1.596126122,-0.241538248,0.00312689869,0.29,-1.314691761
2010-12-28,-1.413971073,-1.582441614,-1.31419238,0.002452370588,0.14,-1.103533576
2010-12-29,-1.402867172,-1.569010945,-1.369700376,-0.00386259328,0.1,-1.133092411
2010-12-30,-1.391937943,-1.555826969,-1.297994422,-0.006843027257,-0.03,-1.177184994
2010-12-31,-1.381179459,-1.542882891,-0.8711136998,-0.008418863952,-0.08,-1.136503199
2011-01-01,-1.370587982,0.04951887734,-0.8681287454,-0.008418863952,-0.16,-1.097623979
2011-01-02,-1.360159956,0.04951887734,-0.8651555152,-0.008418863952,-0.16,-1.099470107
2011-01-03,-1.163419082,0.212609201,-0.6071396495,-0.004061234303,-0.11,-1.101321484
2011-01-04,-1.154288039,0.2109398801,-0.6038773963,-0.008941871226,-0.22,-1.126404564
2011-01-05,-1.145254321,0.2092711526,-0.8357398737,-0.008412189606,-0.21,-1.160378515
2011-01-06,-1.136315712,0.2076030048,-1.095435931,-0.008818382684,-0.07,-1.218275374
2011-01-07,-1.127470065,0.2059354225,-0.8538876606,-0.007023062514,-0.02,-1.149520033
2011-01-08,-1.118715301,0.04117494766,-0.846969097,-0.006066265817,-0.07,-1.188862267
2011-01-09,-1.110049409,0.04117494766,-0.8400885597,-0.006066265817,-0.07,-1.182361392
2011-01-10,-0.1069912916,0.9110664736,-0.9407185984,-0.006980591402,-0.09,-1.175915704
2011-01-11,-0.1007331624,0.9074340612,-0.8260086341,-0.005343152788,-0.1,-1.102228912
2011-01-12,-0.09441735001,0.9038188205,-0.6056944465,-0.006408251211,-0.06,-1.207544159
2011-01-13,-0.08804164249,0.9002205685,-0.3306536272,-0.009750134993,-0.1,-1.310460052
2011-01-14,-0.08160372692,0.8966391247,-0.7825219813,-0.01532727354,-0.11,-1.275209511
2011-01-15,-0.07510118312,0.0293169755,-0.7765544243,-0.01374788749,-0.08,-1.439753008
2011-01-16,-0.06853147675,0.0293169755,-0.7706320684,-0.01374788749,-0.08,-1.443258443
2011-01-17,-2.036196073,-1.63574585,-0.7652687737,-0.01261235379,-0.06,-1.447700284
2011-01-18,-2.010915166,-1.629811662,-1.076360129,-0.01031710791,-0.17,-1.434905332
2011-01-19,-1.986319324,-1.623923018,-1.366168285,-0.0104211998,-0.07,-1.348717692
2011-01-20,-1.962375729,-1.618079289,-1.696661573,-0.00905710239,-0.09,-1.079574868
2011-01-21,-1.939053718,-1.612279858,-1.684035896,-0.00423136157,0.22,-0.9493118444
2011-01-22,-1.916324606,0.03784698428,-1.671714445,-0.008774275089,0.2,-0.8557320136
2011-01-23,-1.894161524,0.03784698428,-1.659691778,-0.008774275089,0.2,-0.8489469981
2011-01-24,-1.30165348,0.548577477,0.4032729808,-0.002579141857,0.15,-0.8422023547
2011-01-25,-1.291557213,0.5509124709,0.01041980808,-0.008748147025,0.17,-0.9841603654
2011-01-26,-1.281597481,0.5532557048,-2.241235848,-0.009314188238,0.03,-0.9889444303
2011-01-27,-1.271771325,0.5556072491,-1.798997396,-0.01543682112,0.13,-1.158686667
2011-01-28,-1.262075908,0.5579671751,-2.012371984,-0.01568459815,0.18,-1.270071187
2011-01-29,-1.252508518,0.0463559458,-1.987857059,-0.01298020552,0.11,-0.5212970869
2011-01-30,-1.24306656,0.0463559458,-1.963992375,-0.01298020552,0.11,-0.5175895243
2011-01-31,-2.117212912,-0.7465728075,-3.551040522,-0.01330440514,0.13,-0.5141386878
2011-02-01,-2.091217522,-0.7511748238,-2.50426198,-0.01264928211,0.11,-0.6161456348
2011-02-02,-2.065941425,-0.7558128598,-0.1872480371,-0.0140192963,0.13,-1.011395266
2011-02-03,-2.041349872,-0.7604875025,-0.1766657619,-0.00921226359,0.19,-1.07949231
2011-02-04,-2.017410426,-0.7651993521,0.2612356461,-0.008816595055,0.23,-1.201814165
2011-02-05,-1.99409276,0.03412537862,0.2855591714,-0.007275162389,0.3,-1.358519092
2011-02-06,-1.97136849,0.03412537862,0.312058198,-0.007275162389,0.3,-1.35207049
2011-02-07,-0.1848116814,1.69803642,0.5278200912,-0.007275162389,0.3,-1.345856371
2011-02-08,-0.1848490498,1.681626332,0.2741862284,-0.005181416373,0.33,-1.26374005
2011-02-09,-0.1848864191,1.665530297,0.2613273151,-0.006362687692,0.4,-1.36923809
2011-02-10,-0.1849237891,1.649737275,0.05266152154,-0.007932844862,0.12,-1.347405587
2011-02-11,-0.1849611598,1.63423676,-0.2384108732,-0.001045470149,0.19,-1.289433234
2011-02-12,-0.1849985313,-0.0001651215003,-0.2308121734,0.001761026478,0.16,-1.382487111
2011-02-13,-0.1850359036,-0.0001651215003,-0.2231014648,0.001761026478,0.16,-1.386703707
2011-02-14,-0.8666370488,-0.6238664201,-0.1740114926,0.003807343292,0.18,-1.391913991
2011-02-15,-0.8597816902,-0.6177569346,-0.1667250397,0.001408703424,0.23,-1.340431119
2011-02-16,-0.8529680366,-0.6116543376,-0.284049394,0.004223034306,0.17,-1.240541526
2011-02-17,-0.8461951979,-0.6055577312,-0.04852078816,0.001485942161,0.21,-1.156539469
2011-02-18,-0.8394623049,-0.5994662059,0.05725419542,-0.00455026726,0.22,-1.184073917
2011-02-19,-0.8327685093,0.04244228039,0.06506388372,-0.006919479085,0.16,-1.216696912
2011-02-20,-0.8261129827,0.04244228039,0.07299705604,-0.006919479085,0.16,-1.209482706
2011-02-21,0.683405268,1.405869594,0.08280701173,-0.005536602225,0.17,-1.202414872
2011-02-22,0.6888227732,1.394772902,-0.009428873031,0.0006035206117,0.14,-1.19521823
2011-02-23,0.6942916635,1.383826736,-0.5515557612,0.004355943449,-0.04,-0.07974022822
2011-02-24,0.6998129676,1.37302712,-0.3758832742,0.001864379814,-0.13,0.2638367378
2011-02-25,0.7053877433,1.36237022,-1.123969004,-0.001749616852,-0.25,0.06069921173
2011-02-26,0.7110170782,0.01386709704,-1.11533949,-0.002512557193,-0.28,-0.4726692851
2011-02-27,0.7167020909,0.01386709704,-1.106794118,-0.002512557193,-0.28,-0.4681660106
2011-02-28,-0.7984000778,-1.314821273,-1.098330964,-0.002117382682,-0.3,-0.4636678176
2011-03-01,-0.7935722273,-1.31318167,-1.057174194,-0.002075757287,-0.36,-0.6809938473
2011-03-02,-0.7887688906,-1.311545892,-0.5096554482,-0.006549119515,-0.34,0.008564081955
2011-03-03,-0.7839896988,-1.309913925,-0.5043224495,-0.009984758989,-0.38,-0.06540841983
2011-03-04,-0.7792342893,-1.30828575,0.2164993551,-0.01381199487,-0.27,-0.6044943998
2011-03-05,-0.774502305,0.01692259599,0.2209819816,-0.01544976324,-0.36,-0.4777776248
2011-03-06,-0.7697933949,0.01692259599,0.2254945839,-0.01544976324,-0.36,-0.4715213059
2011-03-07,-0.4086973261,0.3328978487,0.2300377688,-0.01518569506,-0.34,-0.4652426489
2011-03-08,-0.4029640055,0.3365179032,1.069556972,-0.0152012914,-0.33,-0.02765490673
2011-03-09,-0.3972150141,0.3401573884,1.069953478,-0.01182196489,-0.36,-0.246216288
2011-03-10,-0.3914493228,0.3438165962,1.070350221,-0.009813198047,-0.33,-0.1228631167
2011-03-11,-0.3856658719,0.3474958239,1.106290574,-0.003672752793,-0.34,0.3747631675
2011-03-12,-0.3798635705,0.03184689446,1.102791787,-0.005677295527,-0.29,-0.1448656298
2011-03-13,-0.3740412939,0.03184689446,1.099310055,-0.005677295527,-0.29,-0.1351826818
2011-03-14,-0.4918122215,-0.0767832361,0.8888706283,-0.005677295527,-0.29,-0.1252267109
2011-03-15,-0.4892160744,-0.08133195299,-0.08010317626,-0.01053635243,-0.19,0.2139077444
2011-03-16,-0.4866251421,-0.08590778821,-0.1818075433,-0.007091365778,-0.17,1.240861197
2011-03-17,-0.4840393684,-0.09051135104,0.3358472454,-0.002869962996,-0.2,2.834990956
2011-03-18,-0.4814586974,-0.09514326647,0.3339467667,-0.005736465754,-0.2,1.872828091
2011-03-19,-0.4788830736,0.01040823614,0.3320481491,-0.007225816002,-0.17,1.26498466
2011-03-20,-0.4763124419,0.01040823614,0.3301513713,-0.007225816002,-0.17,1.266826697
2011-03-21,0.3631955465,0.7461325759,1.563026009,-0.004688601526,-0.18,1.268673789
2011-03-22,0.3650626895,0.7450604415,0.5604651385,-0.007067352613,-0.1,0.06044249197
2011-03-23,0.3669342543,0.743989873,0.5586768951,-0.007496757078,-0.06,-0.06139899175
2011-03-24,0.3688102737,0.7429208652,0.04232744412,-0.00343197536,-0.11,-0.3872799781
2011-03-25,0.3706907803,0.7418534126,-0.06009763242,-0.004866097562,-0.05,-0.7553931479
2011-03-26,0.3725758075,0.006792520248,-0.05935755285,-0.003595894668,0.02,-0.7783442983
2011-03-27,0.3744653885,0.006792520248,-0.05861746853,-0.003595894668,0.02,-0.7724299472
2011-03-28,-0.920900097,-1.121964013,-1.072222886,-0.003943710341,0.02,-0.7665618433
2011-03-29,-0.9137711385,-1.114769671,-0.1207755896,-0.00383099405,0,-0.2591298208
2011-03-30,-0.9066901675,-1.107639315,-0.01936145959,-0.00151017476,0.05,-0.6748106144
2011-03-31,-0.8996561107,-1.100571724,-0.02078452899,-0.007201546532,0.09,-0.8172240034
2011-04-01,-0.8926679162,-1.093565708,0.009582664855,-0.007453969399,0.03,-0.800680352
2011-04-02,-0.8857245535,0.02856254125,0.005753766772,-0.01005400773,-0.02,-0.9066078815
2011-04-03,-0.8788250118,0.02856254125,0.001910784589,-0.01005400773,-0.02,-0.8993698665
2011-04-04,1.462826593,2.037323277,-0.001946572205,-0.008131578383,0.01,-0.8921777384
2011-04-05,1.450410469,2.012087379,0.2362554777,-0.0106313602,-0.02,-0.8519682217
2011-04-06,1.438179513,1.987535808,0.4068739426,-0.01382581185,0.09,-0.9280134336
2011-04-07,1.426128385,1.963635834,-0.4419003165,-0.01312505005,0.17,-1.037094698
2011-04-08,1.414251951,1.94035688,0.9864219259,-0.01118477759,0.14,-0.959401389
2011-04-09,1.402545278,-0.02653472133,0.9800538518,-0.01550799179,0.1,-0.6983305915
2011-04-10,1.391003623,-0.02653472133,0.9737734458,-0.01550799179,0.1,-0.692136008
2011-04-11,-0.04549086568,-1.253233111,0.9675815301,-0.01194854608,0.05,-0.6859594415
2011-04-12,-0.04944106367,-1.248723653,0.9613654746,-0.01104279153,0.01,-1.10877389
2011-04-13,-0.05340862359,-1.244242175,0.6654310843,-0.01175667476,-0.08,-0.9329629486
2011-04-14,-0.05739389112,-1.239788346,1.136539921,-0.009651461744,-0.07,-0.9824727019
2011-04-15,-0.06139721898,-1.235361837,-0.267947644,-0.01237813536,-0.13,-1.191413895
2011-04-16,-0.06541896715,-0.01634045333,-0.2657396245,-0.0132310177,-0.2,-1.496520123
2011-04-17,-0.06945950308,-0.01634045333,-0.263532783,-0.0132310177,-0.2,-1.482698594
2011-04-18,-0.2174823555,-0.1375896318,1.883298315,-0.01473062925,-0.19,-1.469099275
2011-04-19,-0.2142219866,-0.1319573121,1.864176154,-0.01007928814,-0.23,-0.9167861241
2011-04-20,-0.2109593957,-0.1262868091,1.846672836,-0.01304207875,-0.24,-1.281367878
2011-04-21,-0.2076944632,-0.120576803,2.215195438,-0.01665002459,-0.17,-1.523696318
2011-04-22,-0.2044270683,-0.1148259259,2.189493006,-0.01792383311,-0.11,-1.640109718
2011-04-23,-0.2011570897,0.01461403064,2.164486383,-0.0162313367,-0.11,-1.632185952
2011-04-24,-0.1978844049,0.01461403064,2.140143034,-0.0162313367,-0.11,-1.624611706
2011-04-25,1.553214437,1.504187977,2.049879815,-0.01669387504,-0.08,-1.617392242
2011-04-26,1.538447956,1.490904138,0.01408430015,-0.01533590964,-0.15,-1.246924987
2011-04-27,1.523934402,1.477836916,0.01982578331,-0.0141008306,-0.23,-1.289173199
2011-04-28,1.509665428,1.464979877,0.1255321228,-0.01462436595,-0.18,-1.372340282
2011-04-29,1.495633057,1.452326864,0.1318335481,-0.01500184167,-0.17,-1.616871594
2011-04-30,1.481829661,-0.03750938089,0.1382039273,-0.01777868554,-0.2,-1.563991223
2011-05-01,1.468247945,-0.03750938089,0.1446454861,-0.01777868554,-0.2,-1.556211054
2011-05-02,1.043105003,-0.3962550841,0.2198144059,-0.0171550279,-0.21,-1.548736617
2011-05-03,1.035242587,-0.3940130829,0.2264719102,-0.02032664217,-0.15,-1.11093631
2011-05-04,1.027447421,-0.3917741137,-0.3590645246,-0.01804968048,-0.15,-0.8595674252
2011-05-05,1.019718041,-0.3895381415,-0.8727761556,-0.01364833797,-0.19,-0.7199653466
2011-05-06,1.012053019,-0.3873051313,-2.15951552,-0.005712315384,-0.12,-0.3060728022
2011-05-07,1.004450964,-0.0267934521,-2.131035079,-0.006292741796,-0.11,-0.2251112411
2011-05-08,0.9969105183,-0.0267934521,-2.103401205,-0.006292741796,-0.11,-0.2179504507
2011-05-09,0.7677442445,-0.2208627996,-2.401958636,-0.01200574575,-0.09,-0.2107027934
2011-05-10,0.7630323196,-0.2189176002,-2.72610042,-0.002807791996,-0.07,-0.6778455847
2011-05-11,0.7583428629,-0.2169730319,-2.149237389,0.001011965686,-0.08,-1.159289078
2011-05-12,0.7536755353,-0.2150290724,-1.746203184,0.005727997254,-0.07,-0.7470149794
2011-05-13,0.7490300031,-0.2130856995,-1.359567335,0.008133215706,-0.04,-1.101546212
2011-05-14,0.7444059379,-0.01701539483,-1.34928665,0.01207999611,-0.04,-0.6850382254
2011-05-15,0.7398030163,-0.01701539483,-1.339136176,0.01207999611,-0.04,-0.6790971998
2011-05-16,-1.284686606,-1.790859539,-1.107325152,0.01174733168,0,-0.6731745031
2011-05-17,-1.275864353,-1.775594155,-0.7378135216,0.01244528018,0.05,-0.2054358136
2011-05-18,-1.26718339,-1.7606853,-0.7345156835,0.01598573481,0.01,-0.4729538899
2011-05-19,-1.258642288,-1.746123129,-0.733894357,0.01692763091,0.04,-0.9941001811
2011-05-20,-1.250239776,-1.731898413,0.1099984542,0.01943810682,0.16,-1.270470485
2011-05-21,-1.241974751,0.05097998338,0.1067601419,0.01991240644,0.1,-0.4958733357
2011-05-22,-1.233846275,0.05097998338,0.1035162592,0.01991240644,0.1,-0.4901095011
2011-05-23,-1.595414225,-0.2788089113,1.346797405,0.02086648838,0.1,-0.4843403033
2011-05-24,-1.580939546,-0.2844980999,2.140185465,0.02637817159,0.11,-0.138560086
2011-05-25,-1.566713504,-0.2902432027,2.588077634,0.020610839,0.09,-0.3166278899
2011-05-26,-1.552728109,-0.2960456687,2.639818084,0.0127803209,0.1,-0.6167981458
2011-05-27,-1.53897572,-0.3019069971,2.59588343,0.01273805049,0.05,-1.010461374
2011-05-28,-1.52544903,0.02879443191,2.553736183,0.005725356389,0.08,-1.047695714
2011-05-29,-1.512141044,0.02879443191,2.513253602,0.005725356389,0.08,-1.03987939
2011-05-30,-0.04560527626,1.351337939,2.479859709,0.001357753706,0.1,-1.032137539
2011-05-31,-0.0451099339,1.341198816,1.322675142,0.003470210659,0.05,-1.024133378
2011-06-01,-0.04461459412,1.33118651,0.336459214,-0.0007322459193,0.04,-1.23437616
2011-06-02,-0.04411925655,1.321297896,0.1029992685,-0.005515826851,-0.05,-0.04800855858
2011-06-03,-0.04362392083,1.31152995,0.1060556883,-0.006567327403,-0.01,-0.1272008297
2011-06-04,-0.04312858658,0.002213640373,0.1091216939,-0.01137299583,-0.04,-0.1805100432
2011-06-05,-0.04263325345,0.002213640373,0.1121974266,-0.01137299583,-0.04,-0.1748927224
2011-06-06,1.137766801,1.054795855,0.1125667272,-0.01039377725,-0.06,-0.1692406312
2011-06-07,1.143215939,1.058074314,0.200724319,-0.01328073381,-0.06,0.06787591216
2011-06-08,1.148712457,1.061369806,0.4396577295,-0.01067987857,-0.06,-0.1050405928
2011-06-09,1.154257132,1.064682503,0.1033781895,-0.00793456164,-0.15,0.2150313105
2011-06-10,1.15985076,1.068012576,0.1051630411,-0.008167973206,-0.05,-0.2210432603
2011-06-11,1.165494157,0.009373251318,0.1069502399,-0.003005575893,-0.06,0.2667560915
2011-06-12,1.171188156,0.009373251318,0.1087398084,-0.003005575893,-0.06,0.2750642927
2011-06-13,1.44942257,0.2494125654,-0.9316070032,-0.009694621141,-0.05,0.2835154489
2011-06-14,1.45516967,0.2489920354,-1.013886646,-0.006891241359,0.01,0.6342247696
2011-06-15,1.460964846,0.2485716143,-1.008215579,-0.01068897979,0.03,0.0275899614
2011-06-16,1.466808827,0.2481513018,-0.8773973737,-0.002565133373,-0.02,1.425468301
2011-06-17,1.472702362,0.2477310977,-0.8800726172,0.00850119318,-0.06,2.059438425
2011-06-18,1.478646212,0.007367014888,-0.8827593428,0.003052241166,-0.04,1.652231974
2011-06-19,1.484641157,0.007367014888,-0.8854576506,0.003052241166,-0.04,1.64546483
2011-06-20,1.253003763,-0.1920178818,1.055171303,0.003052241166,-0.04,1.638756398
2011-06-21,1.244058416,-0.1990414046,1.13716326,0.006171528804,-0.01,0.7970534832
2011-06-22,1.235211713,-0.2061583534,1.128148827,0.003009362976,0.04,0.2879938143
2011-06-23,1.226461431,-0.2133720505,1.119513787,-0.0004237507701,0.04,0.1357968862
2011-06-24,1.217805415,-0.2206859795,1.12525829,0.01193658199,-0.04,0.4842447909
2011-06-25,1.209241574,-0.02266093019,1.131055882,0.01247347362,-0.11,1.292932642
2011-06-26,1.200767878,-0.02266093019,1.13690749,0.01247347362,-0.11,1.285309548
2011-06-27,-0.1771402061,-1.272178985,0.2290075915,0.01196411575,-0.12,1.277761871
2011-06-28,-0.1702774458,-1.263676696,0.2351730514,0.01342940876,-0.09,1.031905151
2011-06-29,-0.1633392229,-1.255315634,0.2409379124,0.007466669131,-0.03,0.4151980307
2011-06-30,-0.1563219548,-1.24709479,0.155451538,0.002426340752,-0.06,-0.4298182151
2011-07-01,-0.1492218504,-1.239013334,0.1535722929,-0.006472737299,-0.04,-0.7598085916
2011-07-02,-0.1420348931,0.0366639613,0.1516929902,-0.007820362584,-0.02,-1.04299012
2011-07-03,-0.1347568221,0.0366639613,0.1498136095,-0.007820362584,-0.02,-1.035745477
2011-07-04,-1.038153204,-0.7699903936,0.1488110638,-0.008001571368,-0.03,-1.028561359
2011-07-05,-1.034039006,-0.7813963381,-0.09721589476,-0.003643407544,-0.06,-1.020532098
2011-07-06,-1.029947633,-0.7930550932,-0.09655462198,-0.01040714863,0.03,-0.9288263961
2011-07-07,-1.025878821,-0.8049777988,-0.09555550094,-0.0115085008,0.01,-0.7979278876
2011-07-08,-1.021832311,-0.8171762988,-0.004319667261,-0.008431755408,0,-0.963597327
2011-07-09,-1.017807845,0.01060589015,-0.005282004049,-0.006912571846,-0.06,-0.9561885595
2011-07-10,-1.013805173,0.01060589015,-0.006244580902,-0.006912571846,-0.06,-0.9488369461
2011-07-11,-0.02585109166,0.9250012719,-0.04722733179,-0.006603907752,-0.1,-0.9415413582
2011-07-12,-0.01982991825,0.9330301124,0.1975734529,0.0028126691,-0.15,0.1574626323
2011-07-13,-0.01375369572,0.9411718144,2.204974358,0.004186312808,-0.22,0.8297034261
2011-07-14,-0.007620556526,0.9494294675,2.174517966,-0.01012292036,-0.12,0.8467367563
2011-07-15,-0.001428555766,0.9578062816,2.14641463,-0.01117696403,0.04,1.240807644
2011-07-16,0.004824333311,0.02878269836,2.11913727,-0.01125124855,-0.03,0.6662105446
2011-07-17,0.01114022405,0.02878269836,2.092643666,-0.01125124855,-0.03,0.6633710361
2011-07-18,-0.3802535294,-0.3379571995,3.091506326,-0.01148961696,-0.06,0.6605403079
2011-07-19,-0.3826915117,-0.349081059,4.193511788,-0.003014292954,-0.15,1.289147503
2011-07-20,-0.3851376484,-0.360492075,1.99055031,-0.004179656088,-0.2,0.5101285362
2011-07-21,-0.3875920177,-0.3722069821,1.967682832,-0.002303460047,-0.13,0.4551684004
2011-07-22,-0.3900546992,-0.3842439189,1.654707654,-0.006061742933,-0.09,-0.2273503567
2011-07-23,-0.3925257731,-0.009448017122,1.639300652,-0.005778051048,-0.16,-0.240353646
2011-07-24,-0.3950053207,-0.009448017122,1.624173427,-0.005778051048,-0.16,-0.2354472006
2011-07-25,1.820570299,2.097477051,0.6065994564,-0.005778051048,-0.16,-0.2305244792
2011-07-26,1.80162487,2.070496039,-0.5437392892,-0.007228207481,-0.19,0.5965782184
2011-07-27,1.783099499,2.044284249,-0.2573957139,-0.01399705823,-0.17,1.004417983
2011-07-28,1.764977957,2.018803153,0.003849488262,-0.008902379094,-0.19,2.241587813
2011-07-29,1.747244904,1.994016873,1.841757163,-0.009126594701,-0.17,2.543349268
2011-07-30,1.729885826,-0.0535864944,1.821423163,-0.01023841136,-0.31,3.140873385
2011-07-31,1.712886981,-0.0535864944,1.80155184,-0.01023841136,-0.31,3.068865295
2011-08-01,2.436882639,0.6669743921,1.909382917,-0.01576440306,-0.25,3.001027792
2011-08-02,2.401062674,0.6718339664,1.887243569,-0.01297463236,-0.27,2.297485133
2011-08-03,2.366499451,0.6767342276,3.317514358,-0.005965135607,-0.3,2.726263606
2011-08-04,2.333117727,0.6816759043,3.341769806,-0.005233266376,-0.32,2.121688762
2011-08-05,2.300848431,0.6866597432,1.84401522,0.004773633822,-0.37,5.18218531
2011-08-06,2.269628028,-0.03989112206,1.82343207,0.006836814541,-0.29,5.045392238
2011-08-07,2.239397964,-0.03989112206,1.803321146,0.006836814541,-0.29,4.812737552
2011-08-08,2.746413889,0.5315305603,1.737862388,0.001765282923,-0.26,4.608215962
2011-08-09,2.695590798,0.5260117033,3.448823842,0.008661639592,-0.34,8.449137499
2011-08-10,2.64707998,0.5204958029,1.092480488,0.0128941555,-0.62,4.554589105
2011-08-11,2.600704852,0.5149822414,0.7270577802,0.01795712378,-0.81,6.184582651
2011-08-12,2.556307202,0.5094703953,-0.9963794742,0.01699465307,-0.55,4.900459821
2011-08-13,2.51374479,-0.07327616708,-0.9885049819,0.01531172587,-0.63,4.101665806
2011-08-14,2.47288934,-0.07327616708,-0.9806915754,0.01531172587,-0.63,3.955090941
2011-08-15,-0.8783709709,-3.756027537,-1.89111929,0.01604184586,-0.6,3.822122512
2011-08-16,-0.8762028402,-3.640145678,-3.44981811,0.01500306543,-0.51,2.784379236
2011-08-17,-0.8740411691,-3.533500903,-2.336807637,0.01165406253,-0.51,2.931169389
2011-08-18,-0.8718859153,-3.434905177,-1.658824038,0.008474270168,-0.51,2.614775167
2011-08-19,-0.8697370368,-3.343374296,1.028807645,0.01631785107,-0.29,4.688259448
2011-08-20,-0.867594492,0.006675654394,1.021633736,0.0128359163,-0.36,4.544563506
2011-08-21,-0.8654582397,0.006675654394,1.014518562,0.0128359163,-0.36,4.351399585
2011-08-22,1.034853988,1.911322533,2.17959319,0.009176060651,-0.31,4.179597299
2011-08-23,1.034316577,1.904517977,1.712786966,0.01187636035,-0.26,3.927871611
2011-08-24,1.033779595,1.89776928,-0.2228327197,0.009637437174,-0.23,2.811488412
2011-08-25,1.033243041,1.891075636,-2.703257308,0.002320260348,0.01,2.69727503
2011-08-26,1.032706914,1.884436257,-3.57455715,0.001402849783,-0.19,3.254768042
2011-08-27,1.032171215,-0.001307135763,-3.478341571,-0.0003822823057,-0.17,2.531474886
2011-08-28,1.031635942,-0.001307135763,-3.388829015,-0.0003822823057,-0.17,2.489431598
2011-08-29,-1.699656463,-2.684772999,-3.609063741,-0.001286884672,-0.05,2.449058565
2011-08-30,-1.68218398,-2.638057444,-3.1577751,-0.006277469651,0.22,1.905868046
2011-08-31,-1.66506029,-2.593333203,-1.583168374,-0.004328261188,0.27,1.976615873
2011-09-01,-1.648272449,-2.55045729,0.08975495568,-0.006271078715,0.12,1.760570235
2011-09-02,-1.631808169,-2.509300723,0.09034293406,-0.003737224268,0.09,1.771982602
2011-09-03,-1.615655774,0.04426541279,0.09093105548,3.097147183e-05,0.02,2.067052155
2011-09-04,-1.59980416,0.04426541279,0.09151932061,3.097147183e-05,0.02,2.040727902
2011-09-05,0.3164790783,1.865777764,0.09181321989,0.004935937707,-0.06,2.015139559
2011-09-06,0.3125202949,1.847267284,0.1834423552,0.005399514482,-0.05,1.990227489
2011-09-07,0.3085599007,1.829186885,0.1797643901,0.01863277251,0.04,2.409444002
2011-09-08,0.3045976803,1.811520806,0.08121899426,0.009673224519,0,1.85557397
2011-09-09,0.3006334167,1.794254179,0.0223829851,0.01482921526,-0.02,1.9686159
2011-09-10,0.2966668914,-0.0200830933,0.02073004881,0.0244481657,-0.05,2.53374575
2011-09-11,0.292697884,-0.0200830933,0.01907613351,0.0244481657,-0.05,2.491406491
2011-09-12,0.3769883533,0.06284525632,0.6774303143,0.02154571962,-0.06,2.450757699
2011-09-13,0.3731657724,0.06309226595,0.673446599,0.02668696584,-0.13,2.421111095
2011-09-14,0.3693452353,0.06333929089,0.6309786582,0.02448824537,-0.18,2.158830998
2011-09-15,0.3655265656,0.06358633118,0.6260016463,0.02508752662,-0.01,1.821655344
2011-09-16,0.3617095865,0.06383338687,0.6787898051,0.02284924163,-0.02,1.450164152
2011-09-17,0.3578941208,-0.01885756527,0.6740252526,0.02337866968,-0.02,1.304708107
2011-09-18,0.3540799911,-0.01885756527,0.6692790139,0.02337866968,-0.02,1.29376125
2011-09-19,-1.865484419,-2.085923545,0.6643336784,0.02611024685,-0.09,1.282953297
2011-09-20,-1.844842871,-2.059323628,0.6596231807,0.03370765853,-0.05,1.504411487
2011-09-21,-1.824677547,-2.033475097,0.711964576,0.03576881989,-0.14,1.507608133
2011-09-22,-1.804968663,-2.008340692,0.7082719901,0.04023087764,-0.05,2.07618992
2011-09-23,-1.785697563,-1.98388569,0.7033209452,0.05615183351,0.01,2.565354847
2011-09-24,-1.766846638,0.03656847393,0.6983905706,0.05174025605,0.1,2.510080752
2011-09-25,-1.748399249,0.03656847393,0.6934804959,0.05174025605,0.1,2.469580998
2011-09-26,-0.4874041929,1.221688202,0.03404268015,0.05174025605,0.1,2.430649205
2011-09-27,-0.492136894,1.212479384,-0.3030996632,0.04092236671,0.07,2.119977601
2011-09-28,-0.4969076732,1.203384831,-0.6217887288,0.03329093247,0.03,1.932234767
2011-09-29,-0.5017172487,1.194402345,-0.6254229321,0.03298485409,0.16,2.317933777
2011-09-30,-0.5065663574,1.185529827,-1.242067257,0.02644028087,0.2,2.015272129
2011-10-01,-0.5114557553,-0.01548237549,-1.241725836,0.03427039934,0.2,2.479156591
2011-10-02,-0.5163862182,-0.01548237549,-1.241384585,0.03427039934,0.2,2.439014432
2011-10-03,-0.9873473221,-0.4502494464,-1.231477991,0.03116593738,0.17,2.40041414
2011-10-04,-0.9865311794,-0.4467453844,-0.8760149143,0.036380318,0,2.646591632
2011-10-05,-0.985716018,-0.4432469578,-0.7550142765,0.03949719858,-0.07,2.077665593
2011-10-06,-0.9849018356,-0.4397540374,-0.7591323206,0.03633426037,-0.01,1.710377271
2011-10-07,-0.9840886297,-0.4362664951,-0.1431543868,0.03204213182,0,1.51818316
2011-10-08,-0.9832763981,0.001970317057,-0.1493937511,0.0239712807,0.03,1.496368022
2011-10-09,-0.9824651383,0.001970317057,-0.1557007219,0.0239712807,0.03,1.482831617
2011-10-10,-2.244471282,-1.182201946,-0.1697380922,0.01460299599,0.07,1.469510779
2011-10-11,-2.230853247,-1.177981637,-0.2977095622,0.01523403469,0.12,1.099717825
2011-10-12,-2.217436454,-1.173785911,-0.1196777741,0.006319089095,0.21,1.073132346
2011-10-13,-2.204215776,-1.169614489,-0.1199204077,-0.0188672278,0.25,0.8850972032
2011-10-14,-2.191186271,-1.165467094,-0.1503860375,-0.01123454582,0.17,0.8152867089
2011-10-15,-2.178343168,0.01194575132,-0.1491534309,-0.0161281879,0.18,0.5318399014
2011-10-16,-2.165681863,0.01194575132,-0.1479210331,-0.0161281879,0.18,0.5267988738
2011-10-17,-2.030809735,0.1226231479,-0.1461781161,-0.01700729195,0.16,0.5217649642
2011-10-18,-2.006572096,0.1283781092,-0.04624549513,-0.006958310643,0.12,1.097406293
2011-10-19,-1.982970503,0.134186948,-0.0457524321,-0.004746068838,0.06,0.8828889541
2011-10-20,-1.95997554,0.1400512164,-0.04581387911,-0.01064145546,0.06,1.199528375
2011-10-21,-1.937559662,0.1459725241,-0.01505076191,-0.009752195113,0.05,1.22781226
2011-10-22,-1.915697044,0.03877393522,-0.01603115045,-0.01870438849,0.06,0.8298875071
2011-10-23,-1.894363442,0.03877393522,-0.01701182301,-0.01870438849,0.06,0.8232059495
2011-10-24,-0.5816626583,1.377478246,-0.01788467337,-0.02414584793,0.16,0.8165595176
2011-10-25,-0.5814275595,1.365563541,0.3779990046,-0.03329718518,0.18,0.5779821896
2011-10-26,-0.5811925314,1.35381468,1.067316995,-0.02544181632,0,0.9062085028
2011-10-27,-0.5809575742,1.342226951,1.06002873,-0.02046949909,0.02,0.6332932111
2011-10-28,-0.5807226877,1.33079582,1.01374415,-0.02694557295,0.08,0.1306042387
2011-10-29,-0.5804878719,0.0008980639286,1.007174242,-0.02858946441,0.03,0.02138405865
2011-10-30,-0.5802531267,0.0008980639286,1.000655153,-0.02858946441,0.03,0.01775704822
2011-10-31,-1.875367319,-1.323558319,0.9941859597,-0.02858946441,0.03,0.0141184746
2011-11-01,-1.85402863,-1.312761056,0.5939355633,-0.0188184284,-0.15,0.6281389886
2011-11-02,-1.83319423,-1.302107402,-0.0923298216,0.004337054921,-0.3,1.168346632
2011-11-03,-1.812842604,-1.291593731,-0.09370015352,-0.004591866561,-0.34,0.930784677
2011-11-04,-1.792953494,-1.281216554,-0.05817309216,0.0009366866345,-0.28,0.6714100545
2011-11-05,-1.773507807,0.05057712268,-0.06149027448,0.001150628079,-0.34,0.6277968924
2011-11-06,-1.754487527,0.05057712268,-0.06481833329,0.001150628079,-0.34,0.6228510276
2011-11-07,-0.08751868962,1.788935953,0.02916995784,0.0005472713979,-0.3,0.6179204435
2011-11-08,-0.08892404024,1.770632195,0.7072507212,-0.002290522096,-0.32,0.5777148408
2011-11-09,-0.0903305872,1.752722911,1.244428858,-0.001767928645,-0.26,0.3053359622
2011-11-10,-0.09173834057,1.735193236,1.426583767,-0.004429072277,-0.26,1.281939656
2011-11-11,-0.09314731046,1.718029096,1.510246132,0.006422313052,-0.27,0.8950727392
2011-11-12,-0.09455750699,-0.007097613127,1.496947466,0.006422313052,-0.27,0.5762890735
2011-11-13,-0.09596894037,-0.007097613127,1.483859576,0.006422313052,-0.27,0.5714870628
2011-11-14,-1.298263971,-1.246427883,1.374825594,0.01116232898,-0.27,0.5666966659
2011-11-15,-1.289591087,-1.236801223,0.6737405563,0.008548956394,-0.13,0.6853156876
2011-11-16,-1.281013376,-1.22728496,0.1431797775,0.01137276929,-0.11,0.6902247328
2011-11-17,-1.272528777,-1.217876425,0.5162459236,0.02630417105,-0.19,0.9427252011
2011-11-18,-1.264135288,-1.208573035,1.163973233,0.02870094384,-0.13,1.048252639
2011-11-19,-1.255830965,0.0226671496,1.157707815,0.03079259281,-0.14,0.758912927
2011-11-20,-1.247613922,0.0226671496,1.151493656,0.03079259281,-0.14,0.7532347461
2011-11-21,-1.160444388,0.1056257942,1.364599818,0.02423959115,-0.03,0.7475831538
2011-11-22,-1.153781069,0.1049472224,1.267461071,0.01397779776,0.11,0.8441845164
2011-11-23,-1.147174902,0.104268717,1.620318417,0.01967222198,0.12,0.7340153212
2011-11-24,-1.140624883,0.1035902771,1.605054692,0.02713516974,-0.01,0.9569633574
2011-11-25,-1.13413003,0.1029119017,1.041480282,0.02691567551,0.05,0.9518571998
2011-11-26,-1.127689383,0.01928010154,1.034566866,0.03133574119,0.11,1.000416377
2011-11-27,-1.121302008,0.01928010154,1.02770986,0.03133574119,0.11,0.9940172482
2011-11-28,0.4946803112,1.716437246,0.3033316403,0.03056209561,0.15,0.9876662962
2011-11-29,0.4940820936,1.703423739,0.08783500905,0.02579847403,0.05,0.721108593
2011-11-30,0.4934842744,1.690615552,0.194295075,0.01672783964,0.05,0.5503430795
2011-12-01,0.4928868526,1.678006853,-0.092280218,0.006757738381,0.07,0.2298724706
2011-12-02,0.4922898275,1.665592038,-0.1287844664,0.004052441811,0.1,0.1824073245
2011-12-03,0.4916931981,-0.002541994746,-0.1297853396,0.005441410188,0.04,0.1907266071
2011-12-04,0.4910969636,-0.002541994746,-0.1307868339,0.005441410188,0.04,0.1867354157
2011-12-05,-0.7318398902,-1.264335732,-0.1342256594,0.006963068291,0.01,0.1827359931
2011-12-06,-0.7306001034,-1.261040964,-0.1353913284,6.585583499e-06,-0.05,0.2151482268
2011-12-07,-0.7293623717,-1.257761417,-0.1363195459,0.001733906766,-0.04,0.2436538883
2011-12-08,-0.7281266869,-1.254496958,-0.3321563696,0.0005582229865,-0.07,0.3000320731
2011-12-09,-0.7268930409,-1.251247455,-0.2968403155,0.003287817563,-0.04,0.5114557634
2011-12-10,-0.7256614255,0.004363834989,-0.2970452478,0.00267709779,0,0.03207915983
2011-12-11,-0.7244318328,0.004363834989,-0.2972502162,0.00267709779,0,0.02810179673
2011-12-12,0.8719843008,1.646277293,-0.3215012394,-0.004191404577,-0.02,0.02410945701
2011-12-13,0.8736038231,1.646359414,-0.35646084,0.00345797023,-0.06,-0.06033393388
2011-12-14,0.8752274434,1.646441543,-0.3554214378,-0.002163967727,-0.04,-0.09380110027
2011-12-15,0.8768551829,1.646523681,-0.2324476926,0.005081604334,-0.03,-0.02615234384
2011-12-16,0.8784870632,1.646605828,-1.098361796,-0.002788111074,-0.06,-0.1363716053
2011-12-17,0.8801231058,0.004474851637,-1.090664452,-0.00343870611,-0.1,-0.23362693
2011-12-18,0.8817633326,0.004474851637,-1.083037038,-0.00343870611,-0.1,-0.2369702765
2011-12-19,-1.018406553,-1.932856373,-1.051988788,0.003534119005,-0.07,-0.2403283551
2011-12-20,-1.011915002,-1.918943988,-1.010151491,0.007072502367,-0.13,-0.1720141092
2011-12-21,-1.005473565,-1.905257329,-1.003823446,0.01048617731,-0.13,-0.3718340304
2011-12-22,-0.999081342,-1.891789961,-1.69088671,0.01424139783,-0.13,-0.5819874187
2011-12-23,-0.9927374552,-1.878535705,-1.607540852,0.01133074703,-0.07,-0.6167753912
2011-12-24,-0.9864410462,0.02213821744,-1.594998082,0.01134607217,-0.04,-0.67084945
2011-12-25,-0.9801912758,0.02213821744,-1.582647979,0.01134607217,-0.04,-0.6750220276
2011-12-26,0.002722877731,1.009124506,-1.567393002,0.01406012818,-0.03,-0.6792239167
2011-12-27,0.002792943228,1.002768831,-1.552407677,0.01213824896,-0.05,-0.6820542427
2011-12-28,0.002863008852,0.9964612302,-1.537683301,0.01294047884,-0.01,-0.5480236797
2011-12-29,0.002933074606,0.9902008556,-1.523463763,0.01275690535,-0.08,-0.3640696888
2011-12-30,0.00300314049,0.9839868785,-0.8351085457,0.01230840434,-0.1,-0.4719986624
2011-12-31,0.003073206506,0.0003505981784,-0.8283692578,0.008885279472,-0.12,-0.3888114772
2012-01-01,0.003143272655,0.0003505981784,-0.8216657082,0.008885279472,-0.12,-0.3943931232
2012-01-02,-0.05198142836,-0.05489166127,-0.8150264083,0.0009606064708,-0.06,-0.4000294902
2012-01-03,-0.04703470924,-0.05001584659,-0.04894704044,-0.00129017479,-0.02,-0.4049172154
2012-01-04,-0.04205934444,-0.04511282812,-0.04930558282,-0.01568909734,0,-0.4614788782
2012-01-05,-0.0370545474,-0.04018186779,-0.04944892139,-0.009165017688,-0.07,-0.5568250953
2012-01-06,-0.03201950896,-0.0352222069,-0.04959226375,-0.002670610998,-0.05,-0.6517703627
2012-01-07,-0.02695339648,0.02577116897,-0.04973560991,-0.001151626929,-0.06,-0.7600177411
2012-01-08,-0.02185535274,0.02577116897,-0.04987895988,-0.001151626929,-0.06,-0.7652972729
2012-01-09,-0.05911510213,-0.01630137713,-0.04987895988,-0.001617340648,0.01,-0.7706249827
2012-01-10,-0.0550456006,-0.01731410868,-0.04987895988,0.003351653107,-0.03,-0.7210918416
2012-01-11,-0.05096109409,-0.01832715551,-0.0511064614,-0.00302725066,-0.01,-0.7711763425
2012-01-12,-0.04686123349,-0.01934052096,-0.07733481964,0.001793517144,-0.03,-0.7302432821
2012-01-13,-0.04274566284,-0.02035420838,-0.08253167376,-0.001756689328,-0.06,-0.8036239564
2012-01-14,-0.03861401912,0.02073615608,-0.0877678686,0.001610569144,-0.1,-0.7514469382
2012-01-15,-0.034465932,0.02073615608,-0.09304443403,0.001610569144,-0.1,-0.7535201473
2012-01-16,0.09385473989,0.1422800487,-0.0991923961,0.001610569144,-0.1,-0.7556001143
2012-01-17,0.09708723108,0.1411550322,-0.106376361,0.001350449122,-0.12,-0.7588282475
2012-01-18,0.1003306552,0.1400301935,-0.02219359299,-0.008867116055,-0.1,-0.6039214808
2012-01-19,0.1035851837,0.1389055284,-0.02714912395,-0.01127347698,-0.1,-0.7702282882
2012-01-20,0.1068509907,0.1377810326,-0.006569730547,-0.01184296228,0.07,-0.9011239452
2012-01-21,0.1101282527,0.01511113748,-0.01073150764,-0.01146969149,0.08,-1.100969953
2012-01-22,0.1134171495,0.01511113748,-0.01491204741,-0.01146969149,0.08,-1.102351177
2012-01-23,-1.396776007,-1.45723908,-0.01858424872,-0.01146969149,0.08,-1.103735318
2012-01-24,-1.389294915,-1.457183395,-0.3313235829,-0.008382095382,0.06,-1.055409064
2012-01-25,-1.381887252,-1.457127715,-0.4239649478,-0.009273696277,0.07,-1.026829684
2012-01-26,-1.374551662,-1.457072039,0.1215968693,-0.01404555976,-0.02,-1.104403647
2012-01-27,-1.367286823,-1.457016368,0.2113963772,-0.02504467834,-0.05,-1.075396728
2012-01-28,-1.360091448,0.01519815649,0.2096327958,-0.02655786398,-0.07,-1.081654467
2012-01-29,-1.352964281,0.01519815649,0.2078697902,-0.02655786398,-0.07,-1.082889965
2012-01-30,0.3590412069,1.698829843,0.8103103625,-0.02680452611,-0.05,-1.084127799
2012-01-31,0.3546528689,1.681696481,1.125228235,-0.019186719,-0.16,-0.9757781038
2012-02-01,0.3502625854,1.664901026,1.12655235,-0.02161116753,-0.18,-0.9723990276
2012-02-02,0.3458700529,1.648431147,0.5749273401,-0.02310701592,-0.18,-1.086264736
2012-02-03,0.3414749652,1.632275129,0.8519029658,-0.02876640533,-0.16,-1.160525077
2012-02-04,0.3370770133,-0.02320915911,0.8556593334,-0.02906249831,-0.07,-1.273195994
2012-02-05,0.3326758852,-0.02320915911,0.8594389634,-0.02906249831,-0.07,-1.274724587
2012-02-06,1.383340366,0.9909792741,0.2549217726,-0.02906249831,-0.07,-1.276256643
2012-02-07,1.373534962,0.9912393201,0.2564746948,-0.02416474848,-0.09,-1.195003207
2012-02-08,1.363850266,0.9914994684,0.255294429,-0.02287492243,-0.06,-1.211868168
2012-02-09,1.35428341,0.9917597189,0.2535206924,-0.01835180814,-0.21,-1.146971524
2012-02-10,1.344831621,0.9920200719,-0.04050344325,-0.01906068006,-0.18,-1.087925017
2012-02-11,1.335492211,-0.02257480846,-0.04110089316,-0.01383116933,-0.25,-0.8162948177
2012-02-12,1.326262583,-0.02257480846,-0.04169844065,-0.01383116933,-0.25,-0.8189036468
2012-02-13,-0.4238745949,-1.726388829,-0.02413479232,-0.009711384169,-0.26,-0.8215233974
2012-02-14,-0.4188489388,-1.708539182,-0.02457382487,-0.01416413507,-0.21,-1.045252652
2012-02-15,-0.4138206358,-1.691054361,-0.0474948423,-0.01188798931,-0.15,-0.9830145159
2012-02-16,-0.4087891973,-1.673920654,-0.04809565176,-0.002245669619,-0.1,-0.780837228
2012-02-17,-0.403754129,-1.657125056,0.06011096805,0.0006093784451,-0.06,-1.027777181
2012-02-18,-0.3987149299,0.02763516583,0.05908442328,-0.0002869618496,-0.05,-1.210636648
2012-02-19,-0.3936710922,0.02763516583,0.05805779139,-0.0002869618496,-0.05,-1.209330023
2012-02-20,-0.5501206334,-0.1247584333,0.05443551127,-0.002721157608,0.01,-1.208025874
2012-02-21,-0.5443185563,-0.123415813,0.0323363098,-0.003575774843,0.05,-1.205875304
2012-02-22,-0.538517802,-0.1220732489,0.04674808628,-0.0009389952751,0.06,-1.153507493
2012-02-23,-0.5327175876,-0.1207307339,0.06647137504,0.004124548686,0.03,-1.150181626
2012-02-24,-0.5269171192,-0.1193882605,0.136021349,0.00291266134,-0.09,-1.32040917
2012-02-25,-0.5211155901,0.03439744489,0.132196872,0.0006822550254,-0.08,-1.250597314
2012-02-26,-0.5153121806,0.03439744489,0.1283632187,0.0006822550254,-0.08,-1.245572657
2012-02-27,-0.377916052,0.1560589832,0.0554936259,0.001333100199,-0.03,-1.240582421
2012-02-28,-0.3726276997,0.154975827,0.05705644003,0.004092780099,-0.11,-1.127651311
2012-02-29,-0.3673287817,0.1538928968,0.04024952424,0.001726609076,-0.1,-1.155610558
2012-03-01,-0.3620186063,0.1528101887,0.5913540922,0.001384664478,-0.11,-1.096314084
2012-03-02,-0.3566964667,0.1517276988,0.5168161261,-0.003559283659,0.01,-1.241246867
2012-03-03,-0.351361641,0.02899499879,0.5164659996,0.0003618105622,0,-1.233225394
2012-03-04,-0.3460133908,0.02899499879,0.5161160181,0.0003618105622,0,-1.229002948
2012-03-05,-0.05945577877,0.2848262618,0.4028455148,0.002731131,-0.02,-1.224805157
2012-03-06,-0.05836334128,0.2804578294,0.4005516847,0.0009191512763,0.07,-1.127119436
2012-03-07,-0.05727078236,0.2760828401,0.3982610612,0.006990549177,0.05,-0.7762100239
2012-03-08,-0.05617809801,0.2717009571,-0.1516893387,0.004127962405,0.02,-1.0031662
2012-03-09,-0.0550852842,0.2673118389,-0.1519281257,0.0003302670952,0.02,-1.14506141
2012-03-10,-0.05399233693,0.005041388036,-0.1521669413,0.002261997118,-0.01,-1.251933141
2012-03-11,-0.05289925219,0.005041388036,-0.1524057858,0.002261997118,-0.01,-1.253583104
2012-03-12,0.9975103224,0.9688373565,-0.152644659,0.002261997118,-0.01,-1.255237127
2012-03-13,0.9902627824,0.9615277151,-0.1535310176,0.007250168589,-0.02,-1.4394876
2012-03-14,0.9830722814,0.9542727566,-0.1788806112,0.003203423486,0.07,-1.542904339
2012-03-15,0.9759376517,0.9470713099,-0.1796730287,0.009118773776,0.23,-1.477340899
2012-03-16,0.9688577536,0.9399222304,-0.1802194079,0.009745257501,0.21,-1.462734988
2012-03-17,0.9618314737,-0.02592137358,-0.1807659809,0.00683013311,0.2,-1.57930173
2012-03-18,0.9548577248,-0.02592137358,-0.1813127484,0.00683013311,0.2,-1.576837867
2012-03-19,0.5350427373,-0.4081464877,-0.1819668921,0.006235862322,0.23,-1.574382129
2012-03-20,0.5336381415,-0.4042212301,-0.1819708277,0.005363527346,0.28,-1.498306743
2012-03-21,0.5322356469,-0.4002992311,-0.3346085017,0.009557798609,0.24,-1.425362518
2012-03-22,0.5308352431,-0.3963803025,-0.3295958516,0.009961941019,0.15,-1.474822235
2012-03-23,0.5294369196,-0.3924642561,-0.7806504982,0.007627447717,0.16,-1.41371011
2012-03-24,0.528040666,-0.005381827627,-0.7741181571,0.005332001997,0.13,-1.499896861
2012-03-25,0.5266464719,-0.005381827627,-0.7676139635,0.005332001997,0.13,-1.493423917
2012-03-26,-1.557568745,-1.931294302,-0.7616189158,0.003775139906,0.09,-1.487006208
2012-03-27,-1.544086553,-1.910735056,-0.3851302196,-0.005473241015,0.13,-1.546632608
2012-03-28,-1.530822744,-1.890649369,-0.3240080094,-0.004456148128,0.09,-1.379615845
2012-03-29,-1.517770676,-1.871017893,-0.3186772172,0.003802357196,0.1,-1.38962946
2012-03-30,-1.50492398,-1.85182237,0.1598958886,0.003255409187,0.11,-1.385648419
2012-03-31,-1.492276553,0.02731255045,0.1637969114,0.0002786559495,0.15,-1.380545372
2012-04-01,-1.479822538,0.02731255045,0.167717857,0.0002786559495,0.15,-1.377881908
2012-04-02,-0.7174350734,0.7315931556,0.168253115,-0.002261088433,0.15,-1.375228326
2012-04-03,-0.7111272903,0.7363852322,-0.2160122776,-0.003195403391,0.06,-1.353760513
2012-04-04,-0.7048393751,0.7412166215,-0.08351642726,-0.008142303357,0.01,-1.345977978
2012-04-05,-0.6985705144,0.7460879974,-0.0838340292,0.0004604203704,0.03,-1.245510809
2012-04-06,-0.6923198964,0.7510000496,-0.07879987169,0.003906124861,0.01,-1.20769552
2012-04-07,-0.6860867103,0.0412390086,-0.07373712333,0.004562300814,-0.07,-1.200236147
2012-04-08,-0.679870146,0.0412390086,-0.06864495769,0.004562300814,-0.07,-1.192847715
2012-04-09,0.7395431905,1.321672862,-0.06315348746,0.007149027599,-0.13,-1.185528854
2012-04-10,0.751251362,1.314656945,-0.0576229218,0.003927974262,-0.13,-0.9310547219
2012-04-11,0.7632305499,1.307705942,-0.07718246353,0.006580565331,-0.16,-0.7407101973
2012-04-12,0.7754932937,1.300818704,-0.06697470584,0.003901015717,-0.17,-0.7822752027
2012-04-13,0.7880529662,1.293994107,-0.06089272343,0.001697279497,-0.11,-1.107602981
2012-04-14,0.8009238457,0.02497976964,-0.05475609564,0.00485788319,-0.14,-0.8234238227
2012-04-15,0.8141211977,0.02497976964,-0.04856287836,0.00485788319,-0.14,-0.8171786168
2012-04-16,-1.184054067,-1.655439564,-0.04246829032,0.008072926469,-0.17,-0.8109675163
2012-04-17,-1.183632154,-1.638919296,-0.03030879462,0.01058821705,-0.13,-0.8071492459
2012-04-18,-1.183721933,-1.622713414,0.005156064263,0.001800161143,-0.15,-0.9299475997
2012-04-19,-1.184367252,-1.606810711,0.007969678383,0.002249568768,-0.13,-0.9026843403
2012-04-20,-1.185618207,-1.591200522,0.004294513171,0.006898129877,-0.12,-0.9293751484
2012-04-21,-1.187532267,0.06459133101,0.0006068628259,0.003839295683,-0.15,-1.032340269
2012-04-22,-1.19017566,0.06459133101,-0.00309352126,0.003839295683,-0.15,-1.024343616
2012-04-23,-1.093353063,0.1235929251,-0.01037705832,0.006200760136,-0.1,-1.016415595
2012-04-24,-1.086771495,0.1149072559,-0.3267826442,0.00983345548,-0.2,-0.8247433277
2012-04-25,-1.080244121,0.1060420573,-0.3391764833,-0.0001442280168,-0.2,-0.9227341637
2012-04-26,-1.073769979,0.09698501151,-0.3471439079,-0.001343558019,-0.16,-1.069153228
2012-04-27,-1.067348134,0.08772261004,-0.342428189,-0.003240687285,-0.13,-1.133282252
2012-04-28,-1.060977671,0.01601719399,-0.3377067351,-0.006714501718,-0.14,-1.118034007
2012-04-29,-1.054657694,0.01601719399,-0.3329791245,-0.006714501718,-0.14,-1.112677747
2012-04-30,0.9303189393,1.61200832,-0.1473687516,-0.006986403173,-0.13,-1.10749313
2012-05-01,0.937972087,1.610249977,-0.2761889979,-0.009963537878,-0.06,-0.9991941299
2012-05-02,0.9457270772,1.608495755,-0.5914810233,-0.009367514543,-0.03,-1.059913724
2012-05-03,0.9535865496,1.606745637,-0.6116848161,-0.001707623935,-0.06,-1.017054459
2012-05-04,0.9615532411,1.604999605,-0.6479727138,-0.004084308743,-0.02,-0.9255253432
2012-05-05,0.9696299904,0.01345259518,-0.6880261027,-6.699188849e-05,-0.05,-0.7174873046
2012-05-06,0.9778197429,0.01345259518,-0.7326428049,-6.699188849e-05,-0.05,-0.7111612034
2012-05-07,-1.10224988,-1.615990786,-1.007119611,-0.00203648799,-0.04,-0.7048546003
2012-05-08,-1.100374244,-1.624093101,-0.4219386085,0.003399947778,-0.01,-0.7266654093
2012-05-09,-1.098503689,-1.632286824,-0.03079628306,0.005257740348,-0.02,-0.7065377907
2012-05-10,-1.096638188,-1.640573804,-0.03114542277,0.007464595595,-0.06,-0.5700933333
2012-05-11,-1.094777716,-1.648955943,0.1724790046,0.009923287514,-0.01,-0.7233289049
2012-05-12,-1.092922244,0.003561510086,0.1713129302,0.01017547183,-0.04,-0.582322662
2012-05-13,-1.091071747,0.003561510086,0.1701471558,0.01017547183,-0.04,-0.576517158
2012-05-14,-1.90231871,-0.6552143488,0.1689816766,0.007154228746,-0.02,-0.5707173932
2012-05-15,-1.88150189,-0.6490480772,0.08086155239,0.01578808857,-0.08,-0.311197587
2012-05-16,-1.861181062,-0.6428929804,0.08065114934,0.0194752964,-0.12,-0.2921594028
2012-05-17,-1.841335692,-0.6367481976,0.0310999626,0.02493524031,-0.04,-0.2482829173
2012-05-18,-1.821946443,-0.6306128605,0.02984817544,0.02918621142,-0.05,0.04510382861
2012-05-19,-1.802995081,0.04873420284,0.02887301152,0.03113801094,-0.09,0.1324242154
2012-05-20,-1.784464403,0.04873420284,0.0278976949,0.03113801094,-0.09,0.1404140299
2012-05-21,-2.327021401,-0.432992209,0.4385599748,0.03072150893,-0.09,0.1485350981
2012-05-22,-2.295328607,-0.4306371761,0.4405877271,0.03068774516,-0.13,-0.2558710356
2012-05-23,-2.264681867,-0.42828589,-1.245267684,0.02755522301,-0.1,-0.1862907432
2012-05-24,-2.235023447,-0.4259383095,-0.9267296468,0.03530505415,-0.14,-0.2007862976
2012-05-25,-2.206300052,-0.4235943937,-0.918101238,0.03023623362,-0.07,-0.3028806168
2012-05-26,-2.178462405,0.05967969924,-0.9108573013,0.03184085175,-0.08,-0.2685200459
2012-05-27,-2.151464863,0.05967969924,-0.9036611551,0.03184085175,-0.08,-0.2640203459
2012-05-28,-0.217607072,1.754817146,-0.896511645,0.0315576115,-0.11,-0.2595116926
2012-05-29,-0.2203064741,1.741363488,-1.289446586,0.02776589612,-0.1,-0.254317173
2012-05-30,-0.2230144437,1.728244537,-1.278739128,0.02301358279,-0.1,-0.3488691585
2012-05-31,-0.2257310817,1.715453572,0.4101507675,0.02828879145,-0.2,0.08598535078
2012-06-01,-0.2284564903,1.702984435,0.1488442629,0.03221389591,-0.22,0.08545487251
2012-06-02,-0.2311907729,-0.01068973828,0.1526461516,0.03234798421,-0.31,0.46320016
2012-06-03,-0.2339340344,-0.01068973828,0.1564664208,0.03234798421,-0.31,0.4773463638
2012-06-04,-2.124308847,-1.677178591,0.3021345134,0.02654551643,-0.26,0.4919687773
2012-06-05,-2.096298464,-1.660915034,0.2988436291,0.02156100882,-0.2,0.4252322048
2012-06-06,-2.069109651,-1.644967149,0.294022764,0.01846441988,-0.23,0.2233355
2012-06-07,-2.042700132,-1.629323989,0.3776175228,0.01154220165,-0.15,-0.1410166723
2012-06-08,-2.017030615,-1.613975145,0.3709843375,0.006812362102,-0.1,-0.199178902
2012-06-09,-1.99206452,0.04363197306,0.3643001438,0.01141191439,-0.11,-0.2654494702
2012-06-10,-1.967767751,0.04363197306,0.3575617433,0.01141191439,-0.11,-0.2570498843
2012-06-11,0.4762697894,2.246509001,-0.01613312407,0.01190081047,-0.09,-0.248461509
2012-06-12,0.47419935,2.214699433,-0.02258552761,0.00994079129,-0.15,0.1450447742
2012-06-13,0.472132499,2.183918036,-0.07042630185,0.001957703799,-0.07,-0.08778217167
2012-06-14,0.4700692068,2.154107135,-0.1687000642,0.0003006310053,-0.14,0.2929851737
2012-06-15,0.4680094438,2.125213485,0.1390125181,-0.00142205116,-0.09,-0.1415211675
2012-06-16,0.4659531805,-0.008101801827,0.1369667074,-0.004560994925,-0.16,-0.2323117102
2012-06-17,0.4639003878,-0.008101801827,0.13492043,-0.004560994925,-0.16,-0.2244333497
2012-06-18,-1.326829977,-1.56953016,0.1328736586,-0.004560994925,-0.16,-0.216423954
2012-06-19,-1.325056935,-1.562880579,0.5624284388,-0.002470306258,-0.17,-0.7099692585
2012-06-20,-1.323288353,-1.5562886,0.6013207163,-0.01325104452,-0.08,-0.6932189725
2012-06-21,-1.321524208,-1.549753318,0.5974122962,-0.01611015825,-0.01,-0.8932481639
2012-06-22,-1.319764481,-1.543273847,0.2839872368,-0.01119454602,0.12,-0.3703474633
2012-06-23,-1.31800915,0.002885914174,0.2814557262,-0.008209263352,0.17,-0.7242879526
2012-06-24,-1.316258195,0.002885914174,0.2789255356,-0.008209263352,0.17,-0.7180255237
2012-06-25,-1.228209827,0.07781117041,0.276396616,-0.006325752446,0.14,-0.7117845086
2012-06-26,-1.226460973,0.07786757056,-0.1567665892,-0.004678793977,0.09,-0.287797638
2012-06-27,-1.224716518,0.0779239715,-0.1569766138,-0.0005349003894,0.05,-0.403837589
2012-06-28,-1.22297644,0.07798037322,-0.1571866608,0.001053596946,0.04,-0.4478397673
2012-06-29,-1.221240718,0.07803677573,-0.1571866608,-0.001933071769,0.02,-0.3921605011
2012-06-30,-1.219509332,0.003166129876,-0.1571866608,-0.01372364186,0.04,-0.8873364768
2012-07-01,-1.217782262,0.003166129876,-0.1571866608,-0.01372364186,0.04,-0.8811421952
2012-07-02,0.3498153036,1.368854372,-0.3720067479,-0.01198784732,0.07,-0.8750120132
2012-07-03,0.3493760232,1.366204641,-0.368666353,-0.01188804424,-0.02,-0.9221773761
2012-07-04,0.3489369081,1.363564709,-0.3625850664,-0.01257688032,0.03,-0.9438506868
2012-07-05,0.3484979581,1.36093451,-0.3564741171,-0.01241163479,-0.01,-0.9370052764
2012-07-06,0.3480591727,1.358313978,-0.3504420851,-0.003199305391,0.03,-0.7659863932
2012-07-07,0.3476205517,-0.001724142254,-0.3443805163,0.002014535882,0.01,-0.8381704206
2012-07-08,0.3471820948,-0.001724142254,-0.3382878513,0.002014535882,0.01,-0.8318721982
2012-07-09,-1.091273195,-1.249498711,-0.3766152325,0.0007005321268,0.01,-0.8256097309
2012-07-10,-1.090847066,-1.248219121,-0.5307953305,0.006931578337,-0.04,-0.6470592241
2012-07-11,-1.090421206,-1.246941893,-0.9717904377,0.004240008072,-0.08,-0.4956285969
2012-07-12,-1.089995616,-1.245667021,-0.966833352,-0.0004239740788,-0.1,-0.643982058
2012-07-13,-1.089570295,-1.244394496,-1.118657616,9.901991578e-05,-0.16,-0.5612813044
2012-07-14,-1.089145243,0.0008507734172,-1.111846206,-0.003928854723,-0.17,-0.8777902607
2012-07-15,-1.088720459,0.0008507734172,-1.105093061,-0.003928854723,-0.17,-0.8716605223
2012-07-16,-1.518743771,-0.378523183,-1.054262273,-0.006628036744,-0.12,-0.8655944344
2012-07-17,-1.504557272,-0.3726701789,-1.048781929,-0.006504167114,-0.16,-0.7831922752
2012-07-18,-1.490604662,-0.3667951074,-0.6029176907,-0.005591609071,-0.14,-0.9067464056
2012-07-19,-1.476878429,-0.360896727,-0.597686781,-0.009817028876,-0.12,-0.9749326149
2012-07-20,-1.463371391,-0.3549737537,-1.40598671,0.001444414786,-0.16,-1.122665112
2012-07-21,-1.450076667,0.0385107111,-1.405380207,0.004904767645,-0.21,-0.9413026285
2012-07-22,-1.436987668,0.0385107111,-1.405348628,0.004904767645,-0.21,-0.9356101244
2012-07-23,-1.41214997,0.04894306063,-1.670642378,0.00445718712,-0.17,-0.9300158599
2012-07-24,-1.403617843,0.04465444584,-1.259536462,0.0138034426,-0.2,-0.4103469027
2012-07-25,-1.395179702,0.04034758559,-1.249269147,0.01740621776,-0.2,0.007350455292
2012-07-26,-1.386833592,0.03602204375,-1.47306131,0.008960417759,-0.16,-0.2363149871
2012-07-27,-1.378577616,0.03167737464,-0.457606442,-0.003726441622,-0.13,-0.6448518921
2012-07-28,-1.370409932,0.0168067688,-0.4513164733,-0.008274578561,-0.08,-0.8342499663
2012-07-29,-1.362328748,0.0168067688,-0.4450010601,-0.008274578561,-0.08,-0.8316115576
2012-07-30,-1.722793678,-0.3343577117,-0.6182662335,-0.008154975485,-0.04,-0.8292477719
2012-07-31,-1.707868263,-0.3325929104,-0.6139463511,-0.005374367218,-0.05,-0.5029929779
2012-08-01,-1.693207954,-0.3308297981,-0.204102779,-0.008076018637,-0.12,-0.2732794332
2012-08-02,-1.678804228,-0.3290683575,0.07357104741,-0.01106464615,-0.09,-0.257164934
2012-08-03,-1.664648944,-0.3273085716,0.08497857389,-0.001331886715,-0.1,-0.613241554
2012-08-04,-1.650734315,0.02526805772,0.09674802362,-0.01011955981,-0.07,-1.133573297
2012-08-05,-1.637052892,0.02526805772,0.1089088658,-0.01011955981,-0.07,-1.147159679
2012-08-06,-0.9445677968,0.6991320917,1.037557398,-0.008244212023,-0.05,-1.163284126
2012-08-07,-0.9371451272,0.7053145099,1.035267343,-0.009791328996,-0.09,-1.081152639
2012-08-08,-0.9297749428,0.7115651544,0.5929888955,-0.006278377568,-0.05,-1.072786898
2012-08-09,-0.922456052,0.7178855937,0.5917370928,-0.005407130835,0.01,-1.271546531
2012-08-10,-0.9151872891,0.7242774469,0.5901225212,-0.008135784922,0.09,-1.279816693
2012-08-11,-0.9079675139,0.04318618458,0.588510895,-0.00912973021,0.07,-1.441744969
2012-08-12,-0.90079561,0.04318618458,0.5869021978,-0.00912973021,0.07,-1.43840524
2012-08-13,-1.022319713,-0.08730762908,0.6093876034,-0.01508362105,0.08,-1.435483923
2012-08-14,-1.015733206,-0.09174893584,0.6076408091,-0.01769507816,0.1,-1.760036323
2012-08-15,-1.009198139,-0.09621596814,0.6058974933,-0.01532272126,0.14,-1.395194128
2012-08-16,-1.002713577,-0.1007092846,0.602422675,-0.00723761374,0.21,-1.469271633
2012-08-17,-0.9962786085,-0.105229458,1.311638527,-0.003869441847,0.19,-1.596300129
2012-08-18,-0.9898923403,0.02252935951,1.301633564,-0.002392038161,0.18,-1.869039519
2012-08-19,-0.9835539011,0.02252935951,1.291750604,-0.002392038161,0.18,-1.861802965
2012-08-20,-0.9818176563,0.02367157343,2.29505234,-0.003668900533,0.21,-1.855106914
2012-08-21,-0.9749969075,0.03009470726,2.261745636,-0.002325451142,0.26,-1.654416563
2012-08-22,-0.9682496273,0.03658718017,2.748514933,-0.006299890732,0.22,-1.307874316
2012-08-23,-0.9615756209,0.0431514609,3.057859706,-0.01060401233,0.14,-1.273690953
2012-08-24,-0.9549747839,0.04979013114,2.884574074,-0.005389569439,0.04,-0.9741218435
2012-08-25,-0.9484471062,0.0551430743,2.837825072,-0.003523575452,0.06,-1.239429402
2012-08-26,-0.9419926772,0.0551430743,2.793181354,-0.003523575452,0.06,-1.232486189
2012-08-27,-0.5607032003,0.4306409944,1.435496187,-0.001681201377,0.08,-1.225706467
2012-08-28,-0.5584463515,0.4243321815,1.425504485,-0.002154296487,0.01,-0.806254312
2012-08-29,-0.5561945129,0.4179930168,1.269189189,-0.003645963344,-0.07,-0.7499410999
2012-08-30,-0.5539476438,0.4116214739,0.9088201743,-0.002412378504,-0.06,-0.5400092823
2012-08-31,-0.5517057042,0.4052154258,0.3533995268,0.001199832672,-0.03,-0.2589705352
2012-09-01,-0.5494686541,0.009990494357,0.3463604499,-0.003731371517,-0.08,-0.384252589
2012-09-02,-0.547236454,0.009990494357,0.3392469234,-0.003731371517,-0.08,-0.3799570995
2012-09-03,-0.05955532636,0.5196245813,0.3320543282,-0.004620094929,-0.1,-0.3756619089
2012-09-04,-0.05573774417,0.5225841643,0.3247778208,-0.004831820263,-0.15,-0.3713667488
2012-09-05,-0.05190800127,0.5255573408,0.8117048949,-0.005670893943,-0.23,-0.1819883539
2012-09-06,-0.04806582671,0.528544262,0.3909634829,-0.004833986327,-0.27,-0.2623765705
2012-09-07,-0.04421094483,0.5315450814,0.3844335056,-0.00877673631,-0.2,-1.035507216
2012-09-08,-0.04034307517,0.02062370895,0.3778588883,-0.01471346442,-0.25,-1.472001162
2012-09-09,-0.03646193228,0.02062370895,0.3712368332,-0.01471346442,-0.25,-1.46250365
2012-09-10,0.1301187159,0.1900125422,0.3645643747,-0.0138124917,-0.25,-1.453221581
2012-09-11,0.1334011718,0.1890711442,0.3624014603,-0.0107805294,-0.23,-0.7471189238
2012-09-12,0.1366958087,0.1881300371,-0.1632948337,-0.01491515229,-0.13,-0.6927929738
2012-09-13,0.1400028138,0.1871892185,-0.6995648061,-0.01148680266,0.01,-0.9130058185
2012-09-14,0.1433223771,0.1862486859,-0.2627258311,-0.01425359103,-0.12,-1.552741043
2012-09-15,0.1466546918,0.01597500271,-0.2622979507,-0.0231353999,-0.16,-1.369246649
2012-09-16,0.1499999543,0.01597500271,-0.261870189,-0.0231353999,-0.16,-1.357427884
2012-09-17,2.159630353,2.083511852,1.040023482,-0.0235057711,-0.12,-1.345772411
2012-09-18,2.138048734,2.057466606,1.033088455,-0.02081921146,-0.06,-1.305216924
2012-09-19,2.116970586,2.032144148,1.283774136,-0.02034372385,-0.09,-1.443997798
2012-09-20,2.096375573,2.007509264,2.100029126,-0.02331255756,-0.12,-1.540615136
2012-09-21,2.076244497,1.983529098,2.067734015,-0.01523961214,-0.02,-1.457335954
2012-09-22,2.056559212,-0.02535140439,2.041561702,-0.0177231286,-0.03,-1.477123337
2012-09-23,2.037302555,-0.02535140439,2.016118065,-0.0177231286,-0.03,-1.464054853
2012-09-24,0.3006792739,-1.817242592,2.016717253,-0.0177231286,-0.03,-1.451192366
2012-09-25,0.3036577076,-1.797919197,3.175155454,-0.0144523222,-0.05,-1.37728572
2012-09-26,0.3066481278,-1.779018627,3.435452939,-0.01648608105,-0.05,-0.9036656007
2012-09-27,0.3096506828,-1.760524137,1.758636926,-0.009733691849,-0.14,-0.3937143787
2012-09-28,0.3126655231,-1.742419895,1.353369421,-0.006492831174,-0.1,-1.107048296
2012-09-29,0.3156928014,0.01262238191,1.342984781,-0.005612669943,-0.09,-0.7766244672
2012-09-30,0.3187326728,0.01262238191,1.332732273,-0.005612669943,-0.09,-0.772039876
2012-10-01,2.348887383,2.051801223,0.1328673463,-0.005212999205,-0.09,-0.767477269
2012-10-02,2.313567991,2.029384694,-0.7828013472,-0.003914010378,-0.1,-0.5485964331
2012-10-03,2.279483267,2.00756958,-1.345626782,-0.004433939572,-0.22,-0.7657607506
2012-10-04,2.24655889,1.986330399,0.210068473,-0.0009960071765,-0.11,-0.8623903253
2012-10-05,2.21472666,1.965643288,1.346811367,0.003878256471,-0.1,-1.173709245
2012-10-06,2.183923867,-0.05548532575,1.339107395,0.001569717651,-0.06,-1.243815327
2012-10-07,2.15409273,-0.05548532575,1.331480846,0.001569717651,-0.06,-1.234196119
2012-10-08,2.352352176,0.186527973,1.336945568,1.550667507e-05,-0.08,-1.224686964
2012-10-09,2.326265474,0.192977472,2.00700698,-0.002406552718,-0.09,-0.9369802837
2012-10-10,2.300876492,0.1995017627,2.017603918,0.004484627136,-0.06,-0.4799319051
2012-10-11,2.276153287,0.206103236,1.778223077,0.001321021428,-0.1,-0.5053020952
2012-10-12,2.252065932,0.212784385,0.6410041683,0.002314042649,-0.06,-0.7526155108
2012-10-13,2.228586358,-0.02880004592,0.6500132791,0.001646891451,-0.07,-0.5535231883
2012-10-14,2.205688205,-0.02880004592,0.6591800595,0.001646891451,-0.07,-0.5518682247
2012-10-15,0.7961876715,-1.628515832,0.6586549506,-0.001574433837,-0.05,-0.5502161671
2012-10-16,0.8047259216,-1.612856988,-1.077551876,0.0003697269759,-0.04,-0.8572303564
2012-10-17,0.8133979851,-1.597487631,-1.069257142,-0.004884465093,0.06,-0.8703519751
2012-10-18,0.8222080512,-1.582397914,-1.061037658,-0.005761742208,0.13,-0.918079632
2012-10-19,0.8311604958,-1.567578452,-1.054733317,-0.004995915635,0.11,-0.9258917832
2012-10-20,0.8402598924,0.02303148455,-1.048478385,-0.0002587131279,0.06,-0.1979443587
2012-10-21,0.8495110233,0.02303148455,-1.042272016,-0.0002587131279,0.06,-0.1931415618
2012-10-22,0.6796625529,-0.1651347534,-0.9985284336,0.001208364617,0.07,-0.1883211445
2012-10-23,0.6779050853,-0.1721528203,0.1723069554,0.001622832179,0.13,-0.3429074315
2012-10-24,0.6761514309,-0.1792638042,0.1713810423,0.002441880171,0.12,0.4518382258
2012-10-25,0.6744015679,-0.1864710681,0.1704553696,0.00700936645,0.17,0.2770902223
2012-10-26,0.6726554747,-0.19377814,0.1704830709,0.008139770571,0.19,0.2031125169
2012-10-27,0.6709131296,-0.007226811794,0.1705107726,0.009481077166,0.13,0.09128152381
2012-10-28,0.6691745112,-0.007226811794,0.1705384746,0.009481077166,0.13,0.09123825714
2012-10-29,0.351895912,-0.3594225662,0.1705661771,0.009481077166,0.13,0.09119499096
2012-10-30,0.3512304441,-0.3585813267,0.170431885,0.002980071597,0.08,0.09115172526
2012-10-31,0.3505653384,-0.3577406541,0.05712202211,0.002839915056,0.07,0.09170349492
2012-11-01,0.3499005939,-0.3569005465,-0.2818189395,0.004597564349,-0.01,0.3759488527
2012-11-02,0.3492362095,-0.3560610016,-0.2791984564,0.004834407217,0.01,-0.3125632211
2012-11-03,0.3485721842,-0.003379167292,-0.2765791788,0.006591070241,0.05,0.01153208286
2012-11-04,0.347908517,-0.003379167292,-0.2739610522,0.006591070241,0.05,0.01113163987
2012-11-05,0.2873453522,-0.07025449228,-0.2719229295,0.00706193341,0.05,0.010731186
2012-11-06,0.2874394373,-0.06948351616,-0.7590173869,0.01015368001,-0.04,0.3096459562
2012-11-07,0.2875335296,-0.06871254839,-0.4163665027,0.01174653029,-0.07,0.007339783215
2012-11-08,0.2876276292,-0.06794158761,-0.07058936542,0.01184991436,-0.14,0.547016079
2012-11-09,0.287721736,-0.06717063241,0.2377211247,0.008003462147,-0.14,0.332551784
2012-11-10,0.28781585,0.0004830853111,0.2424708842,0.00965084511,-0.12,0.3738074325
2012-11-11,0.2879099713,0.0004830853111,0.2472557899,0.00965084511,-0.12,0.3718252963
2012-11-12,1.305392722,1.136342444,0.1361932228,0.009868808727,-0.13,0.3698455191
2012-11-13,1.298757381,1.130149279,0.6398303409,0.006505332375,-0.12,-0.3230602224
2012-11-14,1.292180452,1.124005855,0.3725401077,0.006673067954,-0.15,-0.328685792
2012-11-15,1.285660948,1.117911348,-0.2820360669,0.008505822896,-0.18,0.1314303682
2012-11-16,1.279197906,1.111864955,-0.1666725294,0.008147805984,-0.11,0.1566517279
2012-11-17,1.272790381,-0.01663415544,-0.1666724749,0.009528083378,-0.12,-0.4128272899
2012-11-18,1.266437455,-0.01663415544,-0.1666724204,0.009528083378,-0.12,-0.4117058877
2012-11-19,1.459552069,0.2045524435,0.3307479925,0.009528083378,-0.08,-0.4105855789
2012-11-20,1.458778466,0.2079800879,0.2738863836,0.004654321706,-0.05,-0.8318185676
2012-11-21,1.458005696,0.2114228775,0.2718972181,0.00433409499,0.04,-0.8902634871
2012-11-22,1.457233757,0.2148810425,0.2699092999,0.005956868671,0.06,-0.8072777979
2012-11-23,1.45646265,0.2183548167,0.5749964656,0.004201312431,0.02,-0.807019836
2012-11-24,1.45569237,-0.001418998962,0.5714849705,-0.0002125305376,0.01,-0.870138307
2012-11-25,1.454922918,-0.001418998962,0.5679833042,-0.0002125305376,0.01,-0.8719321866
2012-11-26,1.553507826,0.1156507851,0.1431291514,-0.002363414949,0.03,-0.8737311173
2012-11-27,1.547345956,0.1136337314,-0.2399383952,-0.0001303526752,-0.01,-0.7445521724
2012-11-28,1.541233876,0.1116159643,0.2705200603,-0.00208416711,0.06,-0.5931918006
2012-11-29,1.535170854,0.1095974576,0.41969694,-0.002266830534,0.1,-0.7425347397
2012-11-30,1.529156176,0.1075781847,0.4136821966,-0.005199204686,0.05,-0.9042845165
2012-12-01,1.523189139,-0.01168701791,0.4076459338,-0.006361854612,0.04,-0.6132708636
2012-12-02,1.517269055,-0.01168701791,0.401586761,-0.006361854612,0.04,-0.6155325143
2012-12-03,1.957410472,0.5200076989,0.6284471068,-0.006361854612,0.04,-0.6178020457
2012-12-04,1.934178796,0.5138745254,0.623018457,-0.007927129708,0.03,-0.3423376658
2012-12-05,1.911536406,0.5077301893,0.4605268547,-0.008926489909,-0.02,-0.1698266956
2012-12-06,1.889456663,0.5015733687,0.3391618967,-0.01024556042,-0.05,-0.4123263627
2012-12-07,1.86791458,0.4954026971,0.3389377488,-0.01028806808,-0.06,-0.3704539679
2012-12-08,1.846886695,-0.06465945443,0.3387136448,-0.01049674218,-0.05,-0.619731931
2012-12-09,1.826350948,-0.06465945443,0.3384895847,-0.01049674218,-0.05,-0.6205627046
2012-12-10,1.372448088,-0.6172625833,0.3374670337,-0.005696481091,-0.08,-0.6213944615
2012-12-11,1.36139477,-0.6121385345,0.3341328473,-0.006475818079,-0.13,-0.5673360522
2012-12-12,1.350489056,-0.6070287743,-0.2254663577,-0.008991485253,-0.13,-0.7427897426
2012-12-13,1.339727032,-0.6019328982,-0.2642326603,-0.009749684993,-0.08,-0.6028099622
2012-12-14,1.329104921,-0.5968505046,-0.2641698701,-0.005320967417,-0.01,-0.379454024
2012-12-15,1.318619082,-0.03824909629,-0.2641070828,-0.00598280109,-0.02,-0.2189844023
2012-12-16,1.308265999,-0.03824909629,-0.2640442984,-0.00598280109,-0.02,-0.2194461713
2012-12-17,0.1314251678,-1.551581957,-0.4954735646,-0.006171196191,-0.01,-0.2199080961
2012-12-18,0.1347461566,-1.538522963,-0.6099027788,-0.007029305025,0.04,-0.4577927613
2012-12-19,0.138079732,-1.525696141,-0.3626610751,-0.008911639111,0.08,-0.7332690057
2012-12-20,0.1414260892,-1.513095215,-0.3624161483,-0.007902607597,0.12,-0.07393482864
2012-12-21,0.1447854268,-1.500714211,-0.3621712768,-0.005527760642,0.1,0.03910126584
2012-12-22,0.1481579466,0.01994702546,-0.3619264604,-0.001581712289,0.08,0.1040629749
2012-12-23,0.1515438536,0.01994702546,-0.3616816992,-0.001581712289,0.08,0.1066668426
2012-12-24,1.104787779,1.2374652,-0.3228455187,-0.0005351154399,0.1,0.1092769925
2012-12-25,1.096257561,1.230100157,-0.3227745315,0.0006661185295,0.14,0.1118935051
2012-12-26,1.087808202,1.222886125,-0.2066130562,0.001023726033,0.16,0.1128231422
2012-12-27,1.07943785,1.215824009,-0.2067742133,-2.525726723e-05,0.16,0.7153963967
2012-12-28,1.071144708,1.208914986,-0.2069353868,0.0006590241829,0.13,0.7095073036
2012-12-29,1.062927023,-0.04253878627,-0.2070965767,-1.977072549e-05,0.13,1.884010424
2012-12-30,-0.4243597674,-1.973859669,-0.2072577832,-1.977072549e-05,0.13,1.863289883
2012-12-31,-0.4247617529,-1.950842525,-0.2074190061,0.0008662853399,0.14,1.843049515
2013-01-01,-0.4251639232,-1.928405367,-0.2101051117,0.002676125024,0.17,0.1511553756
2013-01-02,-0.4255662787,-1.906522259,-0.2515314696,0.003443838768,0.12,0.151272679
2013-01-03,-0.4259688196,-1.885168863,-0.3703877735,-0.0009022208513,0.11,-1.047414683
2013-01-04,-0.4263715463,-0.002122344984,-1.606625839,0.001037307806,0.2,-1.086125263
2013-01-05,-0.4267744589,-0.002122344984,-1.597460692,0.004264977578,0.19,-1.340383046
2013-01-06,0.8765872345,1.63922299,-1.588402119,0.004264977578,0.19,-1.332628205
2013-01-07,0.8761298065,1.639562894,-1.349734107,0.005332197446,0.15,-1.32495169
2013-01-08,0.8756726855,1.639902952,-1.512560197,0.005182503444,0.07,-1.32976322
2013-01-09,0.8752158713,1.640243166,-1.622633249,0.006270333828,0.06,-1.380833089
2013-01-10,0.8747593634,1.640583534,-1.506208403,0.004509923819,0.05,-1.305107362
2013-01-11,0.8743031613,-0.001663988377,-0.5596961122,-0.003487258643,0.09,-1.406451586
2013-01-12,0.8738472647,-0.001663988377,-0.5640693458,-0.004666901936,0.08,-1.438936483
2013-01-13,0.873391673,-0.001663988377,-0.5684748309,-0.004666901936,0.08,-1.426048401
2013-01-14,-0.4681218665,-1.703974858,-0.806401965,-0.00549456585,0.06,-1.413353967
2013-01-15,-0.4684878385,-1.704141257,-0.6337622753,-0.005952629417,0.03,-1.346202549
2013-01-16,-0.4688539721,-1.704307692,-0.631499482,-0.005946589414,0.05,-1.32445736
2013-01-17,-0.4692202676,-1.704474164,-0.9373793867,-0.00557277037,0.08,-1.357501467
2013-01-18,-0.4695867251,-1.704640672,-0.8939955778,-0.005511747888,0.09,-1.294973911
2013-01-19,-0.4699533449,-0.00187664699,-0.8884071844,-0.0018914368,0.07,-1.659236907
2013-01-20,-0.4703201272,-0.00187664699,-0.8828535929,-0.0018914368,0.07,-1.642783654
2013-01-21,-0.4349055729,0.04455764725,-0.8773342316,-0.002346201393,0.01,-1.626644594
2013-01-22,-0.4383993536,0.04166323516,-0.8722782342,-0.002346201393,0.01,-1.613485132
2013-01-23,-0.4419120869,0.0387636109,-0.4460650165,0.001048579786,-0.06,-1.610836657
2013-01-24,-0.4454440343,0.03585867656,-0.5592940996,0.000307235901,-0.12,-1.588926023
2013-01-25,-0.448995462,0.03294833321,-0.5573128369,-0.002099832606,-0.07,-1.507019548
2013-01-26,-0.452566641,-0.0166160341,-0.5547391636,-0.0001723333608,-0.01,-1.43785236
2013-01-27,-0.4561578476,-0.0166160341,-0.5521716209,-0.0001723333608,-0.01,-1.437722739
2013-01-28,-0.406230506,0.05164490553,-0.5481797129,0.001116665128,0.04,-1.438217585
2013-01-29,-0.4124636893,0.04943073524,-0.7738707125,0.001959212361,0.05,-1.189644639
2013-01-30,-0.41876782,0.04721450561,-1.201784386,-0.0007493780821,0.11,-1.275097198
2013-01-31,-0.4251448107,0.04499617839,-0.9743031017,0.002659900157,0.08,-0.9081956106
2013-02-01,-0.4315966452,0.04277571509,-0.6698909744,0.002902738382,0.06,-0.9159203242
2013-02-02,-0.4381253824,-0.02788329966,-0.6743659618,0.001735236681,0.08,-1.404854478
2013-02-03,-0.4447331593,-0.02788329966,-0.6788750126,0.001735236681,0.08,-1.395785393
2013-02-04,-0.7179089103,-0.3587476365,-0.44968907,0.002196842867,0.11,-1.386906001
2013-02-05,-0.7149982638,-0.3524718706,-0.2224763129,0.005063019849,0.07,-0.7368264762
2013-02-06,-0.7120974355,-0.3461587945,-0.2310702377,0.003145834253,0.1,-1.076827662
2013-02-07,-0.7092063341,-0.3398063666,-0.2284678764,0.005273906258,0.06,-1.189719213
2013-02-08,-0.7063248693,-0.333412448,0.01132066256,0.004638509866,0.08,-1.155494643
2013-02-09,-0.703452952,0.01394728615,0.01153490315,0.004796978531,0.09,-1.350511053
2013-02-10,-0.7005904938,0.01394728615,0.01174914783,0.004796978531,0.09,-1.367280712
2013-02-11,0.5851906594,1.638014978,-0.3848636989,0.004796978531,0.09,-1.386891468
2013-02-12,0.5791169045,1.626117124,-0.3821838756,0.007224427575,0.1,-1.438665673
2013-02-13,0.5730443082,1.614495041,-0.37950743,0.004847111769,0.09,-1.576472925
2013-02-14,0.5669718869,1.603144304,-0.4955609352,0.003956608207,0.08,-1.427071244
2013-02-15,0.5608986374,1.592060912,-1.124196119,0.003065208131,0,-1.560190036
2013-02-16,0.5548235349,-0.05398725365,-1.115682389,0.00404339597,0.03,-1.639137869
2013-02-17,0.5487455316,-0.05398725365,-1.107251406,0.00404339597,0.03,-1.631149137
2013-02-18,0.1345855338,-0.5606455835,-1.10048049,0.002408056522,0.02,-1.623507417
2013-02-19,0.1352304256,-0.5549698024,-0.7034125845,0.005657539097,0,-1.631076863
2013-02-20,0.1358755471,-0.5493145051,-1.092412229,0.00686262428,0.02,-1.696294679
2013-02-21,0.1365208992,-0.5436808751,-3.695583936,0.009591620961,0.05,-0.6205566882
2013-02-22,0.1371664829,-0.5380703424,-4.50260245,0.01485352119,0.01,-0.3616148502
2013-02-23,0.1378122989,0.004095014096,-4.314155905,0.01573893263,-0.02,-0.8543093174
2013-02-24,0.1384583483,0.004095014096,-4.146230083,0.01573893263,-0.02,-0.8503130053
2013-02-25,-1.679828754,-2.367562264,-4.670823472,0.01255586552,0.02,-0.8464854384
2013-02-26,-1.672507052,-2.355409776,-5.196637405,0.01448597617,-0.07,1.505827783
2013-02-27,-1.665253463,-2.343412907,-4.878285381,0.01545964736,-0.04,0.4753811141
2013-02-28,-1.658066851,-2.331568239,-3.942446038,0.01032739191,-0.03,-0.566765206
2013-03-01,-1.650946107,-2.319872455,-3.390694889,0.0108361371,-0.07,-0.1777198835
2013-03-02,-1.643890148,0.01399920542,-3.302295198,0.01437042197,-0.1,-0.2469263041
2013-03-03,-1.636897915,0.01399920542,-3.219783906,0.01437042197,-0.1,-0.2421013736
2013-03-04,-1.271769863,0.4858538859,-2.378034171,0.01282299434,-0.09,-0.2372618616
2013-03-05,-1.269372708,0.4841097349,-1.716171113,0.01483053401,-0.08,-0.9033961465
2013-03-06,-1.266983706,0.4823683716,-2.23498391,0.01342815728,-0.11,-1.162493176
2013-03-07,-1.264602804,0.4806297772,-1.154891242,0.01237331174,-0.05,-1.130311172
2013-03-08,-1.26222995,0.4788939332,-0.9612486434,0.01193044456,-0.03,-1.360637897
2013-03-09,-1.259865094,0.006346730993,-0.9553922481,0.01279425642,0.03,-1.583900774
2013-03-10,-1.257508183,0.006346730993,-0.949576253,0.01279425642,0.03,-1.568602028
2013-03-11,-0.3833937778,1.155689038,-1.187444042,0.01279425642,0.03,-1.55357418
2013-03-12,-0.3809277406,1.160617058,-1.394740883,0.01123189079,0.02,-2.044304899
2013-03-13,-0.3784648467,1.165583431,-0.677313807,0.007815082323,0,-1.673273658
2013-03-14,-0.3760050506,1.17058872,-0.6743790639,0.004688209615,0.02,-1.869608041
2013-03-15,-0.3735483067,1.1756335,-0.5101587911,0.003797233382,0.04,-2.103239284
2013-03-16,-0.3710945697,0.01591675209,-0.5082190104,9.010016316e-05,0.02,-2.076103137
2013-03-17,-0.3686437946,0.01591675209,-0.5062827434,9.010016316e-05,0.02,-2.04974515
2013-03-18,-0.256030838,0.1639774628,-0.5061012497,-0.0007538165352,0.07,-2.024126194
2013-03-19,-0.2589685927,0.1580752838,-1.452784122,-0.0009413068152,0.02,-1.030951605
2013-03-20,-0.2619174055,0.1521297638,-1.165693342,0.003165860745,0,-0.5321147255
2013-03-21,-0.2648774148,0.1461392725,-1.161213442,0.001290427434,0.07,-1.347289556
2013-03-22,-0.2678487608,0.1401021137,-1.23806754,-0.003082564132,0.1,-0.7073061913
2013-03-23,-0.270831586,-0.01737327906,-1.233635743,-0.004454872017,0.07,-0.9026440098
2013-03-24,-0.2738260349,-0.01737327906,-1.229231006,-0.004454872017,0.07,-0.8958470171
2013-03-25,-1.206682866,-1.267941869,-0.9339369586,-0.004604260317,0.05,-0.8890945204
2013-03-26,-1.207379848,-1.261422436,0.2790550079,-0.002036833826,0.05,-0.8010675774
2013-03-27,-1.208077553,-1.254959327,0.03193450975,-0.002859567659,0,-1.25646873
2013-03-28,-1.208775983,-1.248551597,0.03049278592,-0.001082702477,-0.08,-1.066607866
2013-03-29,-1.209475139,-1.242198322,0.02648332128,-0.004003230222,-0.14,-1.272340674
2013-03-30,-1.210175023,-0.00185001093,0.02245843689,-0.003489331197,-0.14,-1.262017114
2013-03-31,-1.210875636,-0.00185001093,0.01841779281,-0.003489331197,-0.14,-1.25181824
2013-04-01,-0.9697314025,0.3202704188,0.0957479881,-0.002519044125,-0.14,-1.241740854
2013-04-02,-0.9722340669,0.3189921748,-0.2926227491,-0.002344528837,-0.13,-0.8193857485
2013-04-03,-0.9747466614,0.3177149323,-1.036152546,-0.003543817569,-0.11,-1.195249961
2013-04-04,-0.9772692637,0.3164386846,-1.282395589,-0.003952654659,-0.12,-0.5047475647
2013-04-05,-0.9798019528,0.3151634251,-1.274609595,0.002839527614,-0.15,-0.6530284489
2013-04-06,-0.9823448082,-0.007910477991,-1.266901809,-0.0002572507815,-0.19,-0.6333405527
2013-04-07,-0.9848979105,-0.007910477991,-1.259270688,-0.0002572507815,-0.19,-0.6281501421
2013-04-08,-1.376361295,-0.5179417003,-1.333228405,-0.002527678294,-0.14,-0.6229752742
2013-04-09,-1.379186076,-0.517475645,-0.9525855505,-0.003180727579,-0.08,-0.9680972375
2013-04-10,-1.382022512,-0.5170098435,-0.6664643376,-0.004839088408,-0.1,-1.130322774
2013-04-11,-1.384870688,-0.5165442954,-1.936733659,-0.004033262502,-0.03,-1.35508842
2013-04-12,-1.387730696,-0.5160790002,-2.100132588,-0.005508372097,-0.05,-1.401681715
2013-04-13,-1.390602624,-0.006032287514,-2.073463486,-0.004429256082,-0.08,-1.476116324
2013-04-14,-1.393486564,-0.006032287514,-2.047548139,-0.004429256082,-0.08,-1.463122251
2013-04-15,-1.371843424,0.0203178116,-3.855143959,-0.005540142198,-0.08,-1.450328534
2013-04-16,-1.368142246,0.02338240311,-4.060034156,-0.003104128719,-0.08,1.050252033
2013-04-17,-1.364459967,0.02645485781,-4.194493187,-0.006500010817,-0.01,-0.5343271871
2013-04-18,-1.360796407,0.02953530628,-3.672137952,-0.001270400111,0,0.6863501558
2013-04-19,-1.357151389,0.03262388079,-3.54742155,-0.00136508418,0.09,1.182080385
2013-04-20,-1.353524739,0.009185030403,-3.447911904,-0.0009252237221,0.05,-0.05653530349
2013-04-21,-1.349916284,0.009185030403,-3.355575082,-0.0009252237221,0.05,-0.05697443868
2013-04-22,-1.852512133,-0.6679549376,-2.411934508,0.0005196992037,0.06,-0.05741362798
2013-04-23,-1.84143796,-0.6652757067,-3.384581405,0.002343092057,0,-0.336259797
2013-04-24,-1.83051114,-0.6626044609,-3.259520198,0.003035698775,0.01,-0.7681567012
2013-04-25,-1.819728208,-0.6599411296,-2.736682485,0.0007414254418,0.05,-0.7034662548
2013-04-26,-1.809085816,-0.6572856434,-2.752959059,-0.0007046359399,0.08,-0.6969443287
2013-04-27,-1.798580722,0.01968052495,-2.702150924,-0.002205108773,0.06,-0.7021767272
2013-04-28,-1.788209789,0.01968052495,-2.653654243,-0.002205108773,0.06,-0.7026380472
2013-04-29,-2.132372972,-0.4714291898,-2.454701215,-0.003583366673,0.01,-0.7030996757
2013-04-30,-2.113649334,-0.469289738,-1.37115869,-0.003403398397,0,-0.6545419553
2013-05-01,-2.095310705,-0.4671540079,-0.9932272285,-0.006369087362,-0.04,-0.7415717932
2013-05-02,-2.077343364,-0.465021967,-0.9277250136,-0.002880131563,0.01,-0.2778858311
2013-05-03,-2.059734266,-0.462893583,-1.160294635,-0.001953229256,0.06,-0.7019910332
2013-05-04,-2.042471003,0.02928511358,-1.152875706,-0.003137367683,0.15,-1.04782051
2013-05-05,-2.02554176,0.02928511358,-1.145575944,-0.003137367683,0.15,-1.041168156
2013-05-06,-1.857230441,0.2464321132,-0.8854268701,-0.004752805188,0.16,-1.034569235
2013-05-07,-1.841631402,0.2473293135,-0.946680321,-0.002247261966,0.14,-1.115646663
2013-05-08,-1.826317084,0.2482272266,-1.116749054,-0.006697620505,0.14,-1.027276119
2013-05-09,-1.811278269,0.2491258556,-1.331052261,-0.01075334143,0.07,-1.098676999
2013-05-10,-1.796506151,0.2500252033,-0.6919354497,-0.009900603579,0.09,-0.8699933612
2013-05-11,-1.781992315,0.03345913566,-0.6866498406,0.0003914696486,0.14,-1.116427757
2013-05-12,-1.767728713,0.03345913566,-0.6813845947,0.0003914696486,0.14,-1.107697674
2013-05-13,-1.899197456,-0.1879038141,-0.600468464,-0.001152025085,0.18,-1.099053688
2013-05-14,-1.879475311,-0.1849633165,-0.3544325819,-0.001217748605,0.23,-1.109266584
2013-05-15,-1.860192674,-0.1820210138,-0.01794765986,-0.0009561087671,0.28,-0.9976053697
2013-05-16,-1.841332119,-0.17907682,0.1171846356,0.007928126433,0.3,-0.9711133604
2013-05-17,-1.822877171,-0.1761306481,-0.5090659555,0.008258869307,0.28,-0.8417495719
2013-05-18,-1.804812243,0.048865608,-0.5045836258,0.01371581655,0.37,-1.129741688
2013-05-19,-1.787122572,0.048865608,-0.5001088907,0.01371581655,0.37,-1.123372363
2013-05-20,-0.8472603828,1.492342755,-0.5336878855,0.01645101845,0.36,-1.117055179
2013-05-21,-0.8430393989,1.480925231,-1.046265036,0.01818677284,0.33,-0.8418611616
2013-05-22,-0.838839647,1.469668937,-1.662417761,0.01676745074,0.3,-0.6714251973
2013-05-23,-0.834660859,1.458569582,-1.544222723,0.01847902254,0.38,-0.4556554099
2013-05-24,-0.8305027713,1.447623035,-1.228795555,0.01860588119,0.29,-0.3378697565
2013-05-25,-0.8263651239,0.02311305733,-1.219002949,0.01932166013,0.27,-0.3745101145
2013-05-26,-0.8222476613,0.02311305733,-1.209321756,0.01932166013,0.27,-0.3734461194
2013-05-27,-0.9074688473,-0.1107242551,-1.199494092,0.01787563551,0.25,-0.3723830221
2013-05-28,-0.9003633827,-0.1024040188,-1.150133314,0.01919469057,0.24,-0.3711653491
2013-05-29,-0.8933054078,-0.093930333,-0.9276279118,0.02632565954,0.34,-0.1410278447
2013-05-30,-0.8862939132,-0.08529373521,-0.2261453065,0.02439553314,0.4,0.02202070789
2013-05-31,-0.8793279134,-0.07648395564,0.007499185753,0.0126738838,0.4,-0.120184202
2013-06-01,-0.872406447,0.07318584806,0.01351291158,0.01468683301,0.4,0.7089288859
2013-06-02,-0.8655285756,0.07318584806,0.01958304615,0.01468683301,0.4,0.704102358
2013-06-03,-1.919431756,-1.648223893,0.1417702594,0.01448449189,0.36,0.6992960601
2013-06-04,-1.897497682,-1.654166073,0.3388666943,0.008588314133,0.3,0.6854067245
2013-06-05,-1.876095141,-1.660156488,0.4451631198,0.005795033044,0.31,0.6786276152
2013-06-06,-1.855201099,-1.666195838,0.3795450481,0.006634995392,0.34,1.253024321
2013-06-07,-1.834793891,-1.672284836,0.1676974502,-0.003785890554,0.26,0.8406392264
2013-06-08,-1.814853121,0.06677292263,0.1731347673,-0.005969191202,0.34,0.1442413579
2013-06-09,-1.795359565,0.06677292263,0.1786196491,-0.005969191202,0.34,0.1453830417
2013-06-10,-0.9254262765,1.547161487,0.132653102,-0.004625096334,0.34,0.1465256286
2013-06-11,-0.9187206273,1.564513403,0.3526386557,7.31448634e-05,0.45,0.2889719655
2013-06-12,-0.912074984,1.58231004,0.5701650003,-0.005474202233,0.37,1.048902097
2013-06-13,-0.9054889835,1.600571995,0.5716968331,-0.007872436067,0.45,1.744104406
2013-06-14,-0.8989623273,1.619321235,0.2822807449,-0.009990694363,0.41,0.7255533068
2013-06-15,-0.8924947841,0.09085987764,0.28791357,-0.01166635219,0.35,1.062051751
2013-06-16,-0.8860861937,0.09085987764,0.293601016,-0.01166635219,0.35,1.054635186
2013-06-17,-1.668465445,-1.262845028,0.3488711632,-0.01166635219,0.35,1.047282513
2013-06-18,-1.657843732,-1.252701149,0.1025934728,-0.01337923798,0.29,0.8811652653
2013-06-19,-1.647530034,-1.242677949,-0.01559662575,-0.01056120431,0.24,0.7928401753
2013-06-20,-1.637522683,-1.232772375,-0.1857489264,-0.01013038699,0.34,0.8056555338
2013-06-21,-1.627820599,-1.222981476,-0.007886499345,0.005527328978,0.51,2.53809407
2013-06-22,-1.618423295,0.1222150929,-0.003329492315,0.008724718933,0.64,1.799108028
2013-06-23,-1.6093309,0.1222150929,0.001251506059,0.008724718933,0.64,1.783783214
2013-06-24,-1.867417594,-0.3507253126,-0.4565890782,0.01353863658,0.66,1.76873556
2013-06-25,-1.846728216,-0.359321819,-0.7818155854,0.01355422494,0.69,2.277253282
2013-06-26,-1.826520158,-0.36807124,-2.023183594,0.0112945591,0.7,1.538607967
2013-06-27,-1.806773411,-0.3769798938,-1.828778231,0.01693478003,0.65,0.9781206914
2013-06-28,-1.787469113,-0.3860544674,-1.467976307,0.01768035626,0.47,0.8199876016
2013-06-29,-1.768589466,0.09518073554,-1.455008642,0.01834770251,0.5,0.820583994
2013-06-30,-1.750117664,0.09518073554,-1.442239933,0.01834770251,0.5,0.8211809225
2013-07-01,-1.481314893,0.5470041793,-0.9894095349,0.01432351328,0.42,0.821778388
2013-07-02,-1.467796096,0.5439666316,-0.7357012635,0.01401083625,0.35,0.6071125585
2013-07-03,-1.454490748,0.5409366556,0.3317061508,0.02084398908,0.23,0.6451967784
2013-07-04,-1.441392232,0.5379141614,0.3346191277,0.02308519474,0.33,0.5450087202
2013-07-05,-1.428494207,0.5348990595,0.3375438206,0.02481977164,0.39,0.5502033773
2013-07-06,-1.415790593,0.08126422288,0.3404803686,0.03118932276,0.57,-0.0273924938
2013-07-07,-1.403275557,0.08126422288,0.3434289132,0.03118932276,0.57,-0.02229473748
2013-07-08,-1.862179663,-0.787699557,0.1117891877,0.02957441094,0.51,-0.01716419444
2013-07-09,-1.841142528,-0.7852407429,-1.187397446,0.02649789504,0.44,-0.06137637793
2013-07-10,-1.820596686,-0.782789698,-1.696087283,0.02672275359,0.3,-0.2497949807
2013-07-11,-1.800521383,-0.7803463631,-1.4366672,0.006741035857,0.18,-0.3068820591
2013-07-12,-1.780897061,-0.7779106794,-1.423791232,-0.005033661886,-0.03,-0.3933784016
2013-07-13,-1.761705279,0.08930627937,-1.411108318,-0.004462834249,-0.04,-0.4651931471
2013-07-14,-1.742928625,0.08930627937,-1.39861266,-0.004462834249,-0.04,-0.4596385706
2013-07-15,-1.78049957,-0.01808543609,-1.161832274,-0.006011331121,-0.09,-0.4540785367
2013-07-16,-1.761303768,-0.0179954027,0.1243560396,-0.00376980446,-0.17,-0.4709425742
2013-07-17,-1.742523148,-0.01790536957,0.623635421,-0.009085543972,-0.19,-0.175241347
2013-07-18,-1.724141253,-0.01781533669,0.5518640689,-0.007354400172,-0.12,-0.4650145984
2013-07-19,-1.706142514,-0.01772530406,0.4750979468,-0.006613668248,-0.15,-0.4635308457
2013-07-20,-1.688512195,0.08975612411,0.4780828661,-0.008788533339,-0.24,-1.033229545
2013-07-21,-1.671236331,0.08975612411,0.4810813818,-0.008788533339,-0.24,-1.026588961
2013-07-22,-1.512214778,0.3811656204,0.2440458219,-0.006630194751,-0.19,-1.02004291
2013-07-23,-1.49976106,0.387442456,0.1417706615,-0.01249720619,-0.16,-1.12968962
2013-07-24,-1.487521412,0.3937913239,0.1448350878,-0.01390395727,-0.15,-0.9464823424
2013-07-25,-1.475490336,0.4002142089,0.2809975836,-0.01232367346,-0.04,-0.693351848
2013-07-26,-1.463662602,0.4067131715,0.1482292078,-0.01870005333,-0.22,-0.7870089836
2013-07-27,-1.452033229,0.1150487379,0.1512365265,-0.01992764867,-0.23,-0.8994918578
2013-07-28,-1.44059748,0.1150487379,0.1542538646,-0.01992764867,-0.23,-0.8924029764
2013-07-29,-1.162150501,0.6536577239,0.4010397926,-0.0192209307,-0.15,-0.8853590369
2013-07-30,-1.154107149,0.6522858678,0.5129977066,-0.01875157325,-0.14,-0.5611233655
2013-07-31,-1.146171237,0.6509163528,0.6523014801,-0.01437217377,-0.18,-0.5576377576
2013-08-01,-1.138341762,0.6495491684,0.6550579515,-0.004030910388,-0.18,-0.5252828809
2013-08-02,-1.130617831,0.6481843039,0.3006469314,-0.002188230363,-0.07,-0.7637535726
2013-08-03,-1.122998669,0.1096458475,0.3053584769,-0.004510499144,-0.13,-1.212615089
2013-08-04,-1.115483613,0.1096458475,0.3101056695,-0.004510499144,-0.13,-1.203351226
2013-08-05,-1.175306679,-0.02063032399,0.09154736172,-0.004192698108,-0.05,-1.194188928
2013-08-06,-1.167964919,-0.01950561232,-0.04431227349,-0.0001732190515,0.01,-1.250224969
2013-08-07,-1.160749848,-0.01838061378,-0.2349458865,-0.002457514607,0.01,-0.828356493
2013-08-08,-1.153661807,-0.01725532387,-0.6488942022,-0.004438466711,-0.03,-0.7005614729
2013-08-09,-1.146701338,-0.0161297381,-0.1742266508,-0.006714030033,0.05,-0.8131746961
2013-08-10,-1.139869196,0.1153624881,-0.1691164958,-0.00680924174,0.04,-0.4883972643
2013-08-11,-1.133166354,0.1153624881,-0.1639819068,-0.00680924174,0.04,-0.4840055306
2013-08-12,-0.5461677208,1.214219447,0.2387668019,-0.004139434252,0.05,-0.479620295
2013-08-13,-0.5403403436,1.210577258,0.3866761017,-0.00263301672,0.04,-0.756291074
2013-08-14,-0.5345223761,1.206953602,0.5922629857,0.001753250372,0.04,-0.9847198568
2013-08-15,-0.5287140944,1.203348297,1.231660249,0.00102694718,0.06,-0.6338026353
2013-08-16,-0.5229159106,1.199761164,1.31766758,0.003610623648,0.17,0.1700916384
2013-08-17,-0.5171283956,0.1062780611,1.31710345,0.002747680303,0.25,0.002186099936
2013-08-18,-0.5113523061,0.1062780611,1.316539778,0.002747680303,0.25,0.005074883939
2013-08-19,-0.4224233647,0.2466380307,1.372792305,0.002782121862,0.23,0.007969897253
2013-08-20,-0.4159183845,0.2435004141,1.083668087,0.002834119935,0.29,0.3575664432
2013-08-21,-0.4093725926,0.2403620078,1.255612294,-0.000178475435,0.29,0.2684359163
2013-08-22,-0.4027831829,0.2372227106,0.99368808,0.002548050475,0.25,0.7594476142
2013-08-23,-0.3961471701,0.234082421,1.023475581,0.007496348002,0.37,0.2007916974
2013-08-24,-0.3894613724,0.09018257319,1.022951309,0.003929304576,0.27,-0.1666304281
2013-08-25,-0.3827223902,0.09018257319,1.022427444,0.003929304576,0.27,-0.1614091128
2013-08-26,-0.3812289953,0.07686894686,1.420813147,0.004701252313,0.27,-0.1561607033
2013-08-27,-0.3757717805,0.06989783435,1.700000996,0.009273477576,0.25,0.3341974541
2013-08-28,-0.3703014372,0.0628419611,1.603725215,0.01209668772,0.22,1.189521505
2013-08-29,-0.3648171509,0.05569762431,1.651909056,0.01684898916,0.29,1.058410654
2013-08-30,-0.3593180871,0.04846091331,1.642475942,0.01939262856,0.32,1.217560188
2013-08-31,-0.3538033904,0.05510053049,1.633154786,0.02062378688,0.35,1.319236009
2013-09-01,-0.3482721828,0.05510053049,1.623943193,0.02062378688,0.35,1.32407384
2013-09-02,0.4393186294,1.333787927,1.615020421,0.0197626289,0.31,1.328946928
2013-09-03,0.4514542454,1.33707243,0.9951356745,0.01367302837,0.2,1.333855747
2013-09-04,0.4639263509,1.340372929,0.8285085879,0.01687048896,0.26,1.144542725
2013-09-05,0.4767550849,1.343689566,0.7461727325,0.01142173916,0.23,0.8027512672
2013-09-06,0.4899623273,1.347022487,0.7473786931,0.01566595844,0.24,0.7648185318
2013-09-07,0.5035718991,0.06110274926,0.7485868646,0.008811298842,0.19,0.8489771623
2013-09-08,0.5057766342,0.05199359119,0.7497972559,0.008811298842,0.19,0.8977840116
2013-09-09,0.4754547016,-0.008959769525,0.7510098758,0.006260790094,0.12,0.9525545502
2013-09-10,0.4777967749,-0.01891708952,0.5574649418,0.004781216329,0.17,0.8402277762
2013-09-11,0.4801468417,-0.02913042958,0.7262722509,-0.001044278693,0.13,0.2224057803
2013-09-12,0.4825049729,-0.03961803923,0.7271443512,-0.006037309982,0.01,-0.1848728566
2013-09-13,0.4848712397,-0.03940422075,0.7245942376,-0.00379258004,0.12,0.0866808436
2013-09-14,0.4872457146,0.01445108257,0.722051994,-0.002980416534,0.11,0.01098164337
2013-09-15,0.4997660453,0.02378369755,0.7195175565,-0.002980416534,0.11,0.01022731067
2013-09-16,-0.1023915778,-0.9720444577,0.1604530269,-0.005507228835,0.16,0.009472886748
2013-09-17,-0.09354846967,-0.9679251382,0.3548437064,-0.01171586149,0.19,0.134983498
2013-09-18,-0.08451675103,-0.963992903,0.3542509368,-0.01259999979,0.07,0.219416045
2013-09-19,-0.07528350269,-0.9602581343,0.3539039521,-0.01461224559,-0.16,-0.3221250311
2013-09-20,-0.06583455414,-0.9544011906,0.4374401385,-0.02475776774,-0.13,-0.569108616
2013-09-21,-0.05615431769,0.08335819083,0.4390256956,-0.02268186812,-0.16,-0.5914454976
2013-09-22,-0.04622559456,0.08335819083,0.4406145898,-0.02268186812,-0.16,-0.5907268139
2013-09-23,-0.4084308114,-0.5015416949,0.8324838207,-0.02268186812,-0.16,-0.5900087703
2013-09-24,-0.4033401842,-0.5148956058,0.7756044124,-0.02468896579,-0.3,0.09353907969
2013-09-25,-0.3982447273,-0.528656767,0.7752948286,-0.01908348921,-0.35,-0.04017267848
2013-09-26,-0.3931439052,-0.5428513149,0.7740649652,-0.02235873246,-0.47,-0.08188226207
2013-09-27,-0.388037174,-0.5575078172,0.691131604,-0.01314713094,-0.4,-0.05419598292
2013-09-28,-0.3829239815,0.04856523432,0.6905459095,-0.01351742783,-0.41,0.7466402476
2013-09-29,-0.3778037666,0.04856523432,0.6899606808,-0.01351742783,-0.41,0.7403960238
2013-09-30,0.3401673184,1.201522774,0.5202723351,-0.01091691675,-0.38,0.7341766678
2013-10-01,0.3443801254,1.19384571,0.5766541725,-0.01082948328,-0.41,1.381037722
2013-10-02,0.3486207797,1.186243047,0.5778969651,-0.00810682181,-0.34,0.7631080505
2013-10-03,0.3528897746,1.178713306,0.1840323051,-0.008743427471,-0.38,1.363448495
2013-10-04,0.3571876149,1.171255053,0.01694514246,-0.00982740913,-0.37,1.956871727
2013-10-05,0.3615148173,0.02666021684,0.01987721551,-0.01088648462,-0.34,1.411334297
2013-10-06,0.3658719106,0.02666021684,0.0228161268,-0.01088648462,-0.34,1.398845417
2013-10-07,-0.1486744233,-0.7871441224,0.3636467638,-0.006866943588,-0.3,1.386538166
2013-10-08,-0.1434165875,-0.7825489862,0.3649593982,-0.005906261431,-0.25,2.844730905
2013-10-09,-0.1381297078,-0.7779762916,0.1944550806,-0.005373328944,-0.01,3.278584782
2013-10-10,-0.1328128373,-0.7734257166,0.5929386627,0.007301300101,-0.08,2.816212048
2013-10-11,-0.1274649995,-0.768896944,0.5928751102,0.002732036858,-0.02,1.127783698
2013-10-12,-0.1220851874,0.04473919829,0.5934876344,0.002689922456,-0.02,0.7135510468
2013-10-13,-0.1166723616,0.04473919829,0.5941006772,0.002689922456,-0.02,0.707738491
2013-10-14,0.1616836199,0.4606173211,0.07870231993,0.002602226469,0.04,0.7019481939
2013-10-15,0.1654973615,0.4569610662,-0.09470331601,0.0009151754194,0.02,0.8858392462
2013-10-16,0.1693299364,0.4533108444,0.08052851205,-3.557280298e-05,0.09,2.243845825
2013-10-17,0.1731816738,0.4496665092,-0.2630887336,-0.003523292219,0.03,0.1408995666
2013-10-18,0.1770529098,0.4460279147,-0.4059814068,-0.01021890902,-0.01,-0.5134257788
2013-10-19,0.1809439873,0.02644054494,-0.4008750002,-0.0104953283,-0.04,-0.7475734811
2013-10-20,0.1848552562,0.02644054494,-0.3957633377,-0.0104953283,-0.04,-0.7476395683
2013-10-21,-0.4461217988,-0.9287406195,0.1295891014,-0.009920286868,-0.03,-0.7477056617
2013-10-22,-0.4399245383,-0.9248455197,-0.7193559135,-0.007549098186,-0.02,-0.6845607124
2013-10-23,-0.4337103791,-0.9211408128,-0.06452000829,-0.008792523606,-0.06,-0.5962168507
2013-10-24,-0.4274789065,-0.9176382769,0.2909768312,-0.00702347592,-0.07,-0.5495330003
2013-10-25,-0.421229878,-0.9143511162,0.4384225781,-0.004967246611,-0.1,-0.6685972284
2013-10-26,-0.4149632722,0.09755289182,0.438957353,-0.005230612141,-0.12,-0.7295118108
2013-10-27,-0.4086793514,0.09755289182,0.4394924671,-0.005230612141,-0.12,-0.7317298513
2013-10-28,0.925987952,1.950412303,-0.007275300405,-0.005505408832,-0.11,-0.7339556467
2013-10-29,0.942878803,1.927299859,1.039165088,-0.006130074885,-0.13,-0.6188769646
2013-10-30,0.960320951,1.904770796,0.378568423,-0.008400039105,-0.12,-0.56872823
2013-10-31,0.9783489466,1.882798823,0.3741947453,-0.005946720742,-0.13,-0.4373698473
2013-11-01,0.9970004759,1.861359277,0.5479420379,-0.001324660219,-0.1,-0.3805177946
2013-11-02,1.016316738,0.04348136696,0.5420472066,0.003241648179,0,-0.6307033963
2013-11-03,1.03634288,0.04348136696,0.536151696,0.003241648179,0,-0.6283396645
2013-11-04,0.8233636019,-0.2392766415,0.4050997037,0.003241648179,0,-0.6259820426
2013-11-05,0.8196227065,-0.2574628503,0.3984601386,0.001850929561,-0.04,-0.8093520457
2013-11-06,0.8158987259,-0.2767132002,0.3917748189,0.005710931692,0.05,-0.6190645944
2013-11-07,0.8121914684,-0.2971678178,0.6063230196,0.01162406574,0.03,-0.9390694041
2013-11-08,0.8085007453,-0.3189947052,0.6002221184,0.01523279083,0.04,-0.2630900937
2013-11-09,0.8048263705,-0.01918513763,0.5941252681,0.01807630309,0.17,-0.805424404
2013-11-10,0.8011681603,-0.01918513763,0.5880315201,0.01807630309,0.17,-0.7995532829
2013-11-11,0.4822196288,-0.4770920617,1.190282423,0.01530735026,0.15,-0.7937133004
2013-11-12,0.4831125812,-0.472555534,1.18091079,0.01854794071,0.22,-0.9890706277
2013-11-13,0.4840065658,-0.4680242569,1.171335799,0.01813785158,0.26,-0.8301055487
2013-11-14,0.484901586,-0.4634979362,0.6530397249,0.01408120694,0.22,-0.9884334745
2013-11-15,0.4857976452,-0.4589762776,0.6502890549,0.01378546325,0.17,-1.066453618
2013-11-16,0.4866947468,0.005071197996,0.6475465486,0.01218611081,0.19,-1.161489814
2013-11-17,0.4875928941,0.005071197996,0.644812131,0.01218611081,0.19,-1.159588693
2013-11-18,0.2224604435,-0.3844609151,0.6412978489,0.01191271673,0.18,-1.157692785
2013-11-19,0.2311191233,-0.3780591813,0.5099692511,0.007382368555,0.13,-0.6746163674
2013-11-20,0.2399378733,-0.3716180085,0.3498258214,0.008224844186,0.16,-0.5217214282
2013-11-21,0.2489240475,-0.3651350496,0.348207328,0.005597912241,0.24,-0.5213470805
2013-11-22,0.2580854755,-0.3586078331,-0.03482327699,0.00438838495,0.1,-0.9287616351
2013-11-23,0.2674305034,0.05128504161,-0.03300803138,0.002842574204,0.06,-1.151775397
2013-11-24,0.2769680391,0.05128504161,-0.03119158595,0.002842574204,0.06,-1.157274309
2013-11-25,-0.3053354474,-0.7784875791,-0.5089517242,0.005206814589,0.06,-1.162821307
2013-11-26,-0.2980973103,-0.7733937288,-0.7338469105,0.003676596804,0.01,-0.8699638722
2013-11-27,-0.2907694539,-0.7683252011,-0.5737141021,0.004600711322,0.06,-0.8543112679
2013-11-28,-0.2833459566,-0.7632815786,-0.5715580314,0.003063159326,0.12,-0.7623515637
2013-11-29,-0.2758204014,-0.7582624511,-0.8944033283,0.000261579148,-0.01,-0.7593453744
2013-11-30,-0.2681858161,0.07252223928,-0.8902252137,-0.0003501957573,0.01,-0.3656868868
2013-12-01,-0.2604346043,0.07252223928,-0.8860688648,-0.0003501957573,0.01,-0.366010848
2013-12-02,-1.358617511,-1.379209055,-0.50454969,-0.0003501957573,0.01,-0.3663349171
2013-12-03,-1.347061545,-1.386753834,-0.02221249661,0.001285126342,0.04,-0.07730290131
2013-12-04,-1.335663556,-1.394384264,0.1400837923,0.003640163962,0.06,0.09417550598
2013-12-05,-1.324419192,-1.402102123,-0.1496291269,0.00499717444,0.22,0.173200836
2013-12-06,-1.313324266,-1.409909243,0.4701429942,0.002251156129,0.23,0.3771021977
2013-12-07,-1.302374744,0.06240610023,0.4723800732,0.001276727119,0.24,-0.3347529799
2013-12-08,-1.291566738,0.06240610023,0.4746243628,0.001276727119,0.24,-0.3376474025
2013-12-09,-1.111636651,0.2937972102,0.1480816515,0.004539568779,0.29,-0.3405534007
2013-12-10,-1.103481809,0.2951700491,0.1502122441,0.000854242577,0.21,-0.5059400149
2013-12-11,-1.095416155,0.2965449105,0.3461424608,-0.001133510849,0.05,-0.2769572954
2013-12-12,-1.087438288,0.2979218061,0.4082485929,-0.005125914082,0.11,0.5548806971
2013-12-13,-1.079546879,0.2993007475,-0.2564918108,0.0001006210675,0.19,0.617200562
2013-12-14,-1.071740668,0.06865102734,-0.2561348725,-0.0006743752395,0.16,0.7339750393
2013-12-15,-1.064018467,0.06865102734,-0.2557780168,-0.0006743752395,0.16,0.7292852222
2013-12-16,-0.7539658724,0.4662047802,0.07226503503,-0.002106806878,0.16,0.7246162548
2013-12-17,-0.7477583631,0.4616120404,-0.8901777123,-0.003262313067,0.17,0.8666245082
2013-12-18,-0.7415768821,0.4570235194,-1.113451024,-0.004103050176,0.09,0.9580918554
2013-12-19,-0.7354207104,0.4524389056,-1.346294618,-0.002836057315,0.14,-0.3720883541
2013-12-20,-0.7292891364,0.4478578866,-1.126936924,0.001150283405,0.19,-0.1837563888
2013-12-21,-0.7231814557,0.0440259029,-1.125151286,0.0009826004949,0.13,-0.388002183
2013-12-22,-0.7170969704,0.0440259029,-1.123370261,0.0009826004949,0.13,-0.3931235746
2013-12-23,-1.190062411,-0.5915533588,-0.5374468641,-0.001752132382,0.07,-0.3982897194
2013-12-24,-1.180435817,-0.5884670641,-0.5382603889,-0.002697572398,0.12,-0.8108459348
2013-12-25,-1.170913677,-0.5853894533,-0.5614398294,-0.002410018349,0.07,-1.118965996
2013-12-26,-1.1614934,-0.5823204291,-0.3342587493,0.00190383698,0.04,-1.110146921
2013-12-27,-1.152172479,-0.5792598949,-0.02526708821,0.00387026321,0.03,-1.186271247
2013-12-28,-1.142948478,0.05727750744,-0.03827170511,0.003182930159,0.03,-1.105191641
2013-12-29,-1.13381904,0.05727750744,-0.05183626917,0.003182930159,0.03,-1.09716106
2013-12-30,-1.047551517,0.1575050749,0.05129315777,0.005984256702,0.06,-1.089205338
2013-12-31,-1.040421164,0.1529628781,-1.069134981,0.003673865525,0.07,-0.4738184997
2014-01-01,-1.033350246,0.1484043753,-1.104783066,0.005085718092,0.09,-0.3852693464
2014-01-02,-1.026337605,0.1438290802,0.01766037092,0.001374302681,0.05,-0.3855518749
2014-01-03,-1.019382115,0.1392364956,-0.5083622752,0.004953040378,0.02,-0.1026038581
2014-01-04,-1.012482675,0.03326973452,-0.5304858863,0.005315092205,0.03,-0.3651165061
2014-01-05,-1.00563821,0.03326973452,-0.5539224734,0.005315092205,0.03,-0.3654981365
2014-01-06,-0.7194830857,0.4152032717,-0.3506872836,0.006817389439,0.04,-0.3658799178
2014-01-07,-0.7176036156,0.4107658265,0.09825421887,0.006526119483,0.05,-0.4826205811
2014-01-08,-0.7157286241,0.4063298656,0.5535888954,0.00662701093,-0.02,-0.8320092943
2014-01-09,-0.7138580843,0.4018950975,0.3166356405,0.005134589617,-0.07,-0.8550449528
2014-01-10,-0.7119919694,0.3974612289,0.8675562103,0.006495869127,-0.07,-0.8415213805
2014-01-11,-0.7101302529,0.009204418673,0.8605933415,0.00302386549,-0.14,-1.254862795
2014-01-12,-0.7082729085,0.009204418673,0.8536708355,0.00302386549,-0.14,-1.251223995
2014-01-13,-0.2877774453,0.5843504816,0.8468527435,0.004622109178,-0.17,-1.247603676
2014-01-14,-0.2870033152,0.5832824321,0.8400012894,0.002408367797,-0.23,-0.6189372158
2014-01-15,-0.2862295674,0.5822157379,0.2747221215,0.003810046395,-0.18,-1.170120215
2014-01-16,-0.2854562004,0.581150394,0.5038661664,0.006132286756,-0.18,-1.16824501
2014-01-17,-0.2846832127,0.5800863955,0.499327617,0.009059591171,-0.19,-1.027591794
2014-01-18,-0.2839106027,0.005021755224,0.4947961594,0.009421377177,-0.22,-1.076578385
2014-01-19,-0.283138369,0.005021755224,0.4902715058,0.009421377177,-0.22,-1.075882729
2014-01-20,-0.2745098473,0.01590446503,0.4860808424,0.01174499875,-0.18,-1.075187788
2014-01-21,-0.2749436205,0.01435783454,1.661490349,0.0109771948,-0.22,-1.074675756
2014-01-22,-0.2753775548,0.01281036737,1.647440707,0.01198619888,-0.21,-0.8379823745
2014-01-23,-0.2758116506,0.01126205124,2.002764302,0.01096470658,-0.12,-0.854639637
2014-01-24,-0.2762459081,0.009712873816,1.14731468,0.01053242837,-0.09,-0.3435920407
2014-01-25,-0.2766803278,-0.002733258486,1.138406419,0.01068159782,-0.14,2.043300089
2014-01-26,-0.2771149098,-0.002733258486,1.129588262,0.01068159782,-0.14,2.018986671
2014-01-27,-0.2115418369,0.090000145,1.120764316,0.01005847032,-0.11,1.995325414
2014-01-28,-0.2058832298,0.1007595513,-0.04106759114,0.009209930264,-0.06,1.589298201
2014-01-29,-0.2001912531,0.1118217958,-0.05087998009,0.007025189428,-0.1,0.7088219046
2014-01-30,-0.1944646346,0.1232087826,0.4579568041,0.005641901454,-0.11,1.531432155
2014-01-31,-0.1887020565,0.1349447107,1.400301108,0.01196644841,-0.02,1.485862287
2014-02-01,-0.1829021528,0.04719145136,1.391262924,0.01247706227,-0.06,2.058645904
2014-02-02,-0.1770635072,0.04719145136,1.38241281,0.01247706227,-0.06,2.032666872
2014-02-03,1.175326696,1.945382653,1.373749809,0.01361462848,-0.04,2.007406842
2014-02-04,1.17668141,1.922603861,1.364876137,0.01293838263,-0.15,3.487220926
2014-02-05,1.178038894,1.900393621,1.973306815,0.007449571236,-0.11,2.266945338
2014-02-06,1.17939916,1.878726605,1.617803811,0.005053373481,-0.05,2.642667851
2014-02-07,1.180762218,1.857579032,1.50882793,0.001407205824,-0.01,1.280706001
2014-02-08,1.18212808,0.003758887058,1.496243474,0.001703237102,-0.05,0.3216291877
2014-02-09,1.183496756,0.003758887058,1.483850946,0.001703237102,-0.05,0.3239886718
2014-02-10,1.236339518,0.07957810582,1.472485201,0.001703237102,-0.05,0.3263553027
2014-02-11,1.22613086,0.06880195685,1.46301622,0.0004214239694,-0.08,0.3138086666
2014-02-12,1.216040328,0.05766487802,1.130036148,-0.002216179799,-0.06,-0.0561824519
2014-02-13,1.206064867,0.04613136138,1.125370829,-0.002325985987,-0.07,-0.1551737094
2014-02-14,1.196201523,0.03416069115,2.253845352,-0.002473235606,-0.05,-0.2307651608
2014-02-15,1.186447434,-0.06042539529,2.223435258,-0.006160950077,-0.02,-0.513319264
2014-02-16,1.176799831,-0.06042539529,2.193973256,-0.006160950077,-0.02,-0.5100068084
2014-02-17,1.432572188,0.3488860978,2.165059982,-0.006688730627,-0.05,-0.5067018314
2014-02-18,1.427086778,0.3629934045,1.397610212,-0.006417580101,-0.03,-0.5029158913
2014-02-19,1.42164177,0.3776102728,1.390837825,-0.007049179809,0.02,-0.3472865413
2014-02-20,1.416236615,0.3927771389,0.2939144058,-0.007877690809,0.03,0.4814596441
2014-02-21,1.410870771,0.408539134,0.2938548275,-0.005466633886,0.1,0.1254660201
2014-02-22,1.405543709,-0.01669838407,0.2937952521,-0.005466633886,0.08,0.07490926659
2014-02-23,1.40025491,-0.01669838407,0.2937356794,-0.005466633886,0.08,0.08018183965
2014-02-24,1.946710176,0.9234968681,-0.4003332737,-0.006192327519,0.14,0.08549528531
2014-02-25,1.923652898,0.9205602249,0.823069935,-0.006729528912,0.08,-0.1403301237
2014-02-26,1.9011762,0.9178811413,1.123465984,-0.005840353157,-0.01,-0.4230157054
2014-02-27,1.879253954,0.9154795162,1.935415587,0.0006091786435,-0.06,-0.06828504981
2014-02-28,1.857861644,0.9133778904,1.912936232,-0.0007757607997,-0.04,-0.219360835
2014-03-01,1.836976241,-0.09161191212,1.891012152,-0.003776424682,-0.04,-0.2327186998
2014-03-02,1.816576088,-0.09161191212,1.869618842,-0.003776424682,-0.04,-0.2248989914
2014-03-03,3.04062077,2.252328307,1.46639224,-0.003494550718,-0.02,-0.2169524604
2014-03-04,2.978236044,2.22182509,0.9872723676,-0.002639540056,-0.12,0.8973505501
2014-03-05,2.919127803,2.192288071,0.685960982,0.0003794087776,-0.07,-0.1483226763
2014-03-06,2.863012824,2.163664956,0.6822865828,-0.001616978913,-0.04,-0.2599095455
2014-03-07,2.80964117,2.135907363,0.6772207447,-0.00302637818,-0.06,-0.07406682211
2014-03-08,2.758791322,-0.1515178153,0.6722268383,-0.0001898779159,-0.02,-0.1249435249
2014-03-09,2.710266152,-0.1515178153,0.6673091768,-0.0001898779159,-0.02,-0.1192377552
2014-03-10,1.659271253,-2.143006327,0.8878413441,-0.0001898779159,-0.02,-0.1134911332
2014-03-11,1.642650579,-2.114662087,2.006252489,0.001907776978,0,-0.0572000858
2014-03-12,1.62634802,-2.087158077,1.982680152,7.416825599e-05,-0.03,0.2917992168
2014-03-13,1.610352186,-2.060450762,1.739890683,-0.002061123783,-0.09,0.1060258317
2014-03-14,1.594652243,-2.034499704,2.028460854,-0.004964234062,-0.12,1.11580195
2014-03-15,1.579237879,-0.09088444693,2.004180017,-0.00437473787,-0.13,2.016260877
2014-03-16,1.56409927,-0.09088444693,1.980537266,-0.00437473787,-0.13,1.994018272
2014-03-17,1.520659487,-0.1594370227,2.208149575,-0.001707551147,-0.11,1.972319924
2014-03-18,1.50934074,-0.1664201333,0.5714270213,-0.002439837626,-0.03,0.7407755208
2014-03-19,1.49824151,-0.1734948638,0.5668886372,-0.005405411109,-0.01,0.1096376389
2014-03-20,1.487357821,-0.1806645213,0.7830847455,-0.003137140576,0.13,0.4453277027
2014-03-21,1.47668598,-0.187932575,0.4655712672,0.006470108986,0.17,0.1064273837
2014-03-22,1.466222575,-0.1244769237,0.4595691907,0.004945549165,0.12,0.3740121198
2014-03-23,1.455964469,-0.1244769237,0.4535648965,0.004945549165,0.12,0.3713763502
2014-03-24,3.182571704,3.321807347,0.587040682,0.004945549165,0.17,0.3687437041
2014-03-25,3.121210693,3.237931791,1.867613588,0.001079689996,0.07,0.4164259383
2014-03-26,3.063103681,3.159450258,1.43717682,0.001799553076,0.09,-0.1847337135
2014-03-27,3.00797772,3.085794126,1.151264,0.005770020578,0.04,0.324699699
2014-03-28,2.955591494,3.016475461,1.143613761,0.0008307410252,-0.01,0.1484097826
2014-03-29,2.90573078,-0.1795204744,1.13603561,0.001221178697,0.03,0.02611449934
2014-03-30,2.858204689,-0.1795204744,1.128528104,0.001221178697,0.03,0.02197642603
2014-03-31,2.335790682,-1.125990709,0.4813693029,-5.086195113e-05,0.03,0.01782115859
2014-04-01,2.306813881,-1.117710143,-0.7904800194,-0.001523514891,0.03,-0.2866587993
2014-04-02,2.278784168,-1.109509424,-0.7026067964,-0.003573923906,0.09,-0.7311720779
2014-04-03,2.251653578,-1.101386808,-0.4307935566,0.001306971648,0.19,-0.7365454149
2014-04-04,2.225377729,-1.093340599,-0.4314045898,0.002854323398,0.18,-0.5787079326
2014-04-05,2.199915494,-0.1492977174,-0.4320160654,-0.0002535997369,0.13,-0.2464588223
2014-04-06,2.175228718,-0.1492977174,-0.4326279845,-0.0002535997369,0.13,-0.2496838391
2014-04-07,0.8465225785,-2.725827886,-0.7042029791,-0.0002535997369,0.09,-0.2529225458
2014-04-08,0.8396392095,-2.675875636,-0.1131145387,-0.001856505886,0.09,0.6620694406
2014-04-09,0.8327927615,-2.628168456,-0.2051624718,-0.007600513694,-0.04,0.2702914525
2014-04-10,0.8259822552,-2.582536777,-0.2036957265,-0.01396862691,-0.09,-0.3423546472
2014-04-11,0.8192067249,-2.538828477,-0.2444344521,-0.01415217169,-0.1,0.83476674
2014-04-12,0.8124652175,-0.07462823399,-0.2449326126,-0.0128111733,-0.11,1.474642781
2014-04-13,0.805756792,-0.07462823399,-0.2454309715,-0.0128111733,-0.11,1.462758285
2014-04-14,0.6058410469,-0.4316624616,-0.2489765081,-0.01181418124,-0.09,1.451071854
2014-04-15,0.5998367602,-0.4309498338,0.02432652867,-0.008805140435,-0.09,0.9183827802
2014-04-16,0.5938385116,-0.4302377041,0.5273700138,-0.006130452215,-0.07,0.6261027993
2014-04-17,0.5878454672,-0.429526071,-0.7822355281,-0.004085591769,-0.08,-0.1974869896
2014-04-18,0.581856783,-0.4288149332,-0.784630297,-0.005030290892,-0.08,-0.6709795105
2014-04-19,0.575871604,-0.07145878851,-0.7870342031,-0.004295934122,-0.08,-0.6708148705
2014-04-20,0.5698890632,-0.07145878851,-0.78944732,-0.004295934122,-0.08,-0.6706502678
2014-04-21,0.8489112527,0.4496005692,-1.258967958,-0.002974219891,-0.08,-0.6704857024
2014-04-22,0.8427937499,0.4565456614,-1.440426523,-0.0009636183604,-0.1,-0.7354062461
2014-04-23,0.8367121605,0.4635818681,-1.699441039,-0.002439818344,-0.16,-0.7735628617
2014-04-24,0.8306657875,0.4707119146,-1.771339283,-0.003840782123,-0.17,-0.7282396795
2014-04-25,0.824653947,0.4779386406,-0.4857504564,-0.0009520362644,-0.12,-0.6954952973
2014-04-26,0.8186759674,-0.04932264603,-0.4806264116,-0.0006028501652,-0.13,-0.2680360814
2014-04-27,0.8127311893,-0.04932264603,-0.475504556,-0.0006028501652,-0.13,-0.2672928719
2014-04-28,0.8871741611,0.101099782,0.04143141809,0.0007886225782,-0.11,-0.26654999
2014-04-29,0.8809632068,0.1014116848,0.5131467827,0.005119696256,-0.06,-0.3158503273
2014-04-30,0.8747917606,0.1017236244,0.5153815314,0.003820795204,-0.04,-0.4628276452
2014-05-01,0.8686590804,0.1020356009,-0.1445953197,0.004034763341,-0.02,-0.6302687251
2014-05-02,0.8625644392,0.1023476144,-0.5191147693,0.002469043513,-0.07,-0.7183540894
2014-05-03,0.8565071239,-0.04779546896,-0.5147568725,0.00190838268,-0.09,-0.9103973043
2014-05-04,0.8504864356,-0.04779546896,-0.5104074366,0.00190838268,-0.09,-0.9066192051
2014-05-05,0.2284971617,-1.201672481,-0.9295007798,0.000144982229,-0.11,-0.9028595315
2014-05-06,0.2259022732,-1.19370551,-0.9226628271,-0.002290614229,-0.05,-0.6805590662
2014-05-07,0.2233074935,-1.185817806,-0.9156540034,-0.005468029008,-0.03,-0.3827737714
2014-05-08,0.2207127682,-1.178007742,-0.2453787991,-0.004898097421,-0.1,-0.6068622386
2014-05-09,0.2181180427,-1.170273735,0.1458771459,-0.006324836717,-0.1,-0.5836148553
2014-05-10,0.2155232621,-0.02459429767,0.1525839328,-0.003208713226,-0.08,-0.8714063441
2014-05-11,0.2129283718,-0.02459429767,0.1593727846,-0.003208713226,-0.08,-0.8646037089
2014-05-12,1.182425857,1.776058351,0.6090154201,-0.003959218876,-0.09,-0.8578448452
2014-05-13,1.177554611,1.778208779,0.2147426609,-0.004533366213,-0.04,-1.250964394
2014-05-14,1.172715651,1.78036519,0.2158953062,-0.005029262127,-0.04,-1.299021659
2014-05-15,1.167908555,1.782527613,0.2164993589,-0.005658168436,-0.12,-1.265016215
2014-05-16,1.16313291,1.784696078,0.5136165016,-0.004840578448,-0.17,-0.6763773554
2014-05-17,1.158388309,-0.02219063399,0.5128655537,-0.005894078628,-0.14,-1.093339787
2014-05-18,1.153674352,-0.02219063399,0.5121152389,-0.005894078628,-0.14,-1.084631762
2014-05-19,0.2759307962,-1.660250926,0.4671921373,-0.005631130666,-0.18,-1.076004515
2014-05-20,0.2770064172,-1.645076968,0.860291198,-0.005609941561,-0.16,-1.079026481
2014-05-21,0.2780831762,-1.630175597,0.5610159752,-0.002339982277,-0.14,-0.7606813373
2014-05-22,0.2791610784,-1.6155378,0.01604247208,-0.001148388155,-0.07,-1.361029475
2014-05-23,0.2802401291,-1.601154974,-0.2775585646,-0.001319573388,-0.06,-1.282181943
2014-05-24,0.2813203336,0.008866413102,-0.2752268672,-0.001215116044,-0.09,-1.653012975
2014-05-25,0.2824016972,0.008866413102,-0.272896468,-0.001215116044,-0.09,-1.637791024
2014-05-26,1.148394091,1.592386694,-0.2740196455,-0.0003115218268,-0.13,-1.622842949
2014-05-27,1.14008832,1.578640003,-0.2299537224,0.002909055103,-0.13,-1.607694405
2014-05-28,1.131864437,1.56514601,1.149987924,0.004367803052,-0.11,-1.509438397
2014-05-29,1.123720664,1.551897499,1.436211224,0.005469718942,-0.2,-1.404410874
2014-05-30,1.115655276,1.5388876,1.961652355,0.0003832955732,-0.22,-1.457200647
2014-05-31,1.107666592,-0.04958392697,1.938679542,0.001059134286,-0.18,-1.541923022
2014-06-01,1.09975298,-0.04958392697,1.916284432,0.001059134286,-0.18,-1.531948791
2014-06-02,0.2215012891,-1.655743922,1.897294916,0.001141439153,-0.22,-1.522100438
2014-06-03,0.2181698695,-1.64538791,1.878162219,0.003470491217,-0.13,-1.411295907
2014-06-04,0.2148360371,-1.635165768,0.8203263979,0.004880508735,0.04,-1.243440487
2014-06-05,0.2114996629,-1.625074371,0.8174616273,0.004454333477,0.13,-1.121516025
2014-06-06,0.2081606174,-1.615110695,0.8140341824,0.003908883175,0.07,-1.32996906
2014-06-07,0.2048187696,-0.03165927139,0.8106211974,0.003200605081,0.06,-1.82610367
2014-06-08,0.201473988,-0.03165927139,0.8072225218,0.003200605081,0.06,-1.806004209
2014-06-09,-0.2558424107,-0.8503473344,0.8028096025,0.004330388655,0.03,-1.786357619
2014-06-10,-0.2544236673,-0.8435180529,0.798736504,0.003126938323,0.06,-1.548322005
2014-06-11,-0.2530057346,-0.8367271935,0.5151479762,0.00320915842,0.07,-1.617714209
2014-06-12,-0.2515886037,-0.829973836,0.5109925591,0.00298843901,0.08,-1.28304986
2014-06-13,-0.2501722659,-0.8232570762,0.5062087195,0.00118778027,0.07,-0.765984881
2014-06-14,-0.2487567126,0.01266914857,0.5014315692,0.002268841738,0.09,-0.9623724503
2014-06-15,-0.2473419351,0.01266914857,0.4966607634,0.002268841738,0.09,-0.9551477111
2014-06-16,-0.6766347192,-0.7739789155,0.4932810217,0.002268841738,0.09,-0.947982464
2014-06-17,-0.6754034799,-0.7755181388,-0.1633542766,0.0002355027291,0.1,-0.6911429469
2014-06-18,-0.6741741878,-0.7770610274,-0.2061160271,0.002168742204,0.21,-1.020974957
2014-06-19,-0.6729468352,-0.7786076003,-0.2052843981,0.003790931009,0.16,-1.842732072
2014-06-20,-0.6717214142,-0.7801578762,-0.2044568761,-9.172296252e-05,0.13,-1.819917776
2014-06-21,-0.6704979169,0.008158757143,-0.203629628,-1.599819114e-05,0.09,-1.672474865
2014-06-22,-0.6692763357,0.008158757143,-0.2028026523,-1.599819114e-05,0.09,-1.656316392
2014-06-23,0.5447914657,2.217064229,-0.2051349868,-0.002569132537,0.03,-1.640470152
2014-06-24,0.5416952995,2.190218891,0.8221600661,-0.004525079316,-0.06,-1.553511906
2014-06-25,0.5386068438,2.164128707,0.8570753731,-0.004404832354,-0.13,-0.9037063596
2014-06-26,0.5355260039,2.138756968,0.8501498794,-0.004129900865,-0.12,-1.20236992
2014-06-27,0.5324526859,2.114069415,0.8434087311,-0.003831454345,-0.14,-1.172192081
2014-06-28,0.5293867968,-0.02467136196,0.8367074478,-0.005416002445,-0.13,-1.373635762
2014-06-29,0.5263282441,-0.02467136196,0.8300452079,-0.005416002445,-0.13,-1.364887484
2014-06-30,2.058504054,2.676678462,0.8235451807,-0.006007696663,-0.14,-1.356237324
2014-07-01,2.032870051,2.631543821,1.338240546,-0.00912146862,-0.16,-1.175258495
2014-07-02,2.007941276,2.588309344,2.215993813,-0.008916258045,-0.11,-1.400598751
2014-07-03,1.983683675,2.546841848,2.185231673,-0.006051238868,-0.01,-1.571484934
2014-07-04,1.960065458,2.507020955,2.155361464,-0.006408864016,-0.04,-1.830999799
2014-07-05,1.937056905,-0.09660414878,2.12641169,-0.006408864016,-0.04,-1.813216404
2014-07-06,1.9146302,-0.09660414878,2.098332867,-0.006408864016,-0.04,-1.79579761
2014-07-07,2.676011112,1.326830715,2.072324902,-0.005848893984,-0.04,-1.778730036
2014-07-08,2.62970752,1.334456964,2.312911607,-0.007467882049,-0.07,-1.223393498
2014-07-09,2.585365104,1.342172314,1.743747726,-0.007756306318,-0.07,-0.8677467698
2014-07-10,2.542843877,1.34997868,0.889013863,-0.005589214097,-0.11,-1.039294441
2014-07-11,2.502017488,1.357878033,0.8486034764,-0.004734473774,-0.08,-0.5303619892
2014-07-12,2.462771552,-0.08638433157,0.8430263433,-0.003647645935,-0.1,-0.8012798977
2014-07-13,2.425002233,-0.08638433157,0.8374815784,-0.003647645935,-0.1,-0.7977420353
2014-07-14,2.40846771,-0.04588308541,0.8315278319,-0.002252531294,-0.1,-0.7942192158
2014-07-15,2.371899587,-0.04725586094,1.816080503,-0.00319285279,-0.03,-0.9298714369
2014-07-16,2.336641349,-0.04862954721,1.494588955,-5.877003925e-05,0.02,-0.8509377091
2014-07-17,2.302612662,-0.05000415314,1.09813886,0.000555869717,0.06,-1.356243925
2014-07-18,2.269739937,-0.05137968769,0.7400126927,0.002786988628,-0.03,0.5286821362
2014-07-19,2.237955616,-0.09331549357,0.7355139512,0.002810543661,-0.01,-0.789730234
2014-07-20,2.207197552,-0.09331549357,0.7310352462,0.002810543661,-0.01,-0.7871644071
2014-07-21,0.7845585943,-3.01938047,0.9857153277,0.004881670454,-0.01,-0.7846069934
2014-07-22,0.7796143392,-2.958105514,-0.5038569812,0.005050651463,-0.07,-0.3870143905
2014-07-23,0.7746947819,-2.899972,-0.2884207598,0.004105190685,-0.13,-0.688121789
2014-07-24,0.7697995342,-2.844712676,0.1773989584,0.003002735897,-0.12,-1.066414083
2014-07-25,0.7649282143,-2.792091146,0.04831947764,0.003951137493,-0.12,-0.8949596996
2014-07-26,0.7600804463,-0.03974011408,0.04774997923,0.005513588934,-0.17,-0.4462074935
2014-07-27,0.7552558606,-0.03974011408,0.04718048072,0.005513588934,-0.17,-0.4475323847
2014-07-28,0.8552982315,0.1656842776,-0.2078508776,0.004809365573,-0.16,-0.4488595657
2014-07-29,0.8492117494,0.1634590279,0.04641913133,0.00543274434,-0.09,-0.5164638299
2014-07-30,0.8431615193,0.1612333922,-0.1677718768,0.008755953147,-0.08,-0.134451947
2014-07-31,0.8371468504,0.1590073357,-0.2536600345,0.01106036316,0.02,-0.107791585
2014-08-01,0.831167065,0.1567808235,0.2540796624,0.01102153674,0.04,1.791757332
2014-08-02,0.8252214981,-0.05116195896,0.2497456391,0.01132876101,0,1.813584623
2014-08-03,0.8193094966,-0.05116195896,0.2454035112,0.01132876101,0,1.793711107
2014-08-04,2.162527015,2.608864814,0.2393927764,0.01140454833,-0.03,1.774280654
2014-08-05,2.134050475,2.564255641,-0.02772950435,0.009279800298,-0.05,0.7787605937
2014-08-06,2.106424464,2.521497058,-0.0344577763,0.01149904219,-0.07,1.667990326
2014-08-07,2.079604883,2.480459366,-0.3923432101,0.01014962854,0,1.398275429
2014-08-08,2.053550779,2.44102528,-0.4027260649,0.01041631077,-0.07,1.53274385
2014-08-09,2.028224059,-0.1128613667,-0.4133463635,0.01005650176,-0.07,1.071287589
2014-08-10,2.003589245,-0.1128613667,-0.4242161999,0.01005650176,-0.07,1.064678342
2014-08-11,1.589971143,-0.9000946973,-0.7031822399,0.01063810467,-0.06,1.058122908
2014-08-12,1.57717225,-0.9035847536,-0.4351355939,0.009036575649,-0.06,0.2765241829
2014-08-13,1.564621561,-0.9070946662,-0.4373827885,0.009893680332,-0.03,0.2266809768
2014-08-14,1.552313123,-0.9106246615,-0.1174755942,0.008373930976,-0.05,-0.3942206916
2014-08-15,1.540241319,-0.9141749692,-0.1188640101,0.005556893682,-0.01,-0.6327353572
2014-08-16,1.528400856,-0.1226958573,-0.1202537381,0.004952605473,-0.04,-0.2606470095
2014-08-17,1.516786756,-0.1226958573,-0.1216447883,0.004952605473,-0.04,-0.2593245401
2014-08-18,0.9100509539,-1.297402904,0.1507123904,0.00494617926,-0.06,-0.2580028393
2014-08-19,0.9031381724,-1.287680359,0.4694552852,0.002207470309,0.01,-0.6764308894
2014-08-20,0.8962767139,-1.278073441,0.6954638008,0.0009359038361,-0.06,-0.7280578375
2014-08-21,0.8894658058,-1.26857937,0.8685758219,0.001556433417,-0.03,-0.9384927261
2014-08-22,0.8827047115,-1.259195454,0.8617326183,0.002091549758,-0.01,-0.9411175229
2014-08-23,0.8759927313,-0.09383194159,0.8549317786,0.003448516757,0.01,-1.079464186
2014-08-24,0.869329203,-0.09383194159,0.8481724341,0.003448516757,0.01,-1.070946978
2014-08-25,1.932425981,1.940819408,0.841304527,0.00373962392,0,-1.06250746
2014-08-26,1.913014812,1.919908955,0.03865158287,0.00254025861,-0.01,-0.9385005542
2014-08-27,1.894081786,1.899486734,-0.4466830296,0.00266887364,0.01,-0.9665323933
2014-08-28,1.875608958,1.879532536,-0.610103327,0.0005272812575,0.04,-0.8848325317
2014-08-29,1.857579451,1.860027307,-0.6287283473,0.0009724881002,0.02,-0.742858024
2014-08-30,1.83997738,-0.1235659011,-0.6481711769,0.001293831994,0.04,-0.7738222468
2014-08-31,1.822787789,-0.1235659011,-0.6685044641,0.001293831994,0.04,-0.7693027206
2014-09-01,0.07736006188,-3.287388375,-0.679823488,0.002629219691,0.04,-0.7648046365
2014-09-02,0.07036095516,-3.210801369,-0.7940664058,0.002158248264,0.01,-0.7618724071
2014-09-03,0.06327598155,-3.138787305,-0.600726734,0.006297363872,0.07,-0.624911219
2014-09-04,0.0561013648,-3.070897736,-0.8203582918,0.00551240689,0.05,-0.5690669537
2014-09-05,0.04883311481,-3.006743593,-1.660944615,0.01028696387,0.12,-0.4284927937
2014-09-06,0.04146701102,-0.06273444729,-1.656889473,0.00982245973,0.15,-0.705130959
2014-09-07,0.03399858414,-0.06273444729,-1.652855715,0.00982245973,0.15,-0.7040697878
2014-09-08,0.4355579256,0.5929561355,-1.647004886,0.01027459393,0.1,-0.7030101128
2014-09-09,0.4292431397,0.5902316337,-1.562135926,0.01038909055,0.12,-0.4136621055
2014-09-10,0.4228983304,0.5875143577,-1.267439991,0.01360978585,0.13,0.01018133051
2014-09-11,0.4165214578,0.5848042379,-0.2543914435,0.01258120055,0.2,-0.3006137597
2014-09-12,0.4101103796,0.5821012052,0.5498117917,0.01178466095,0.16,-0.338093223
2014-09-13,0.4036628425,-0.07405118198,0.5437144895,0.0134344291,0.23,-0.08014551071
2014-09-14,0.3971764726,-0.07405118198,0.5376118853,0.0134344291,0.23,-0.07924786307
2014-09-15,0.2202474289,-0.3319914301,0.5315159523,0.01220975622,0.25,-0.07835022454
2014-09-16,0.2133914721,-0.3298309186,0.5259112508,0.01325930275,0.22,0.3287330317
2014-09-17,0.2064628725,-0.3276724754,-0.2573564886,0.01227210272,0.25,-0.3713436789
2014-09-18,0.1994579923,-0.3255160698,-0.8135422117,0.01284021175,0.35,-0.411150842
2014-09-19,0.1923729749,-0.3233616714,-0.7531198997,0.01481444728,0.38,-0.7211684799
2014-09-20,0.1852037264,-0.063430705,-0.7503753453,0.01706622638,0.33,-0.6808107576
2014-09-21,0.1779458951,-0.063430705,-0.7476399958,0.01706622638,0.33,-0.6807232633
2014-09-22,-1.389748336,-2.295491522,-2.163316584,0.01706622638,0.33,-0.6806357797
2014-09-23,-1.394362638,-2.262044517,-2.454566206,0.01472181606,0.31,0.1137844628
2014-09-24,-1.399008297,-2.229720185,-1.906189072,0.01728981173,0.28,0.7323326154
2014-09-25,-1.403685704,-2.198453381,-1.888677419,0.01462565646,0.26,-0.1049120619
2014-09-26,-1.408395255,-2.168184134,-1.871517913,0.01762754371,0.19,1.080091553
2014-09-27,-1.413137353,-0.009922681924,-1.854698031,0.02087475045,0.26,0.6780370622
2014-09-28,-1.41791241,-0.009922681924,-1.838205866,0.02087475045,0.26,0.6730046478
2014-09-29,-1.728166278,-0.4284468591,-0.6796686355,0.01877344322,0.22,0.6679911784
2014-09-30,-1.729010239,-0.4265908834,-0.3556776486,0.01534400419,0.16,1.225252961
2014-10-01,-1.729855131,-0.4247375461,-0.5662402024,0.01733704275,0.11,1.378717586
2014-10-02,-1.730700954,-0.4228868262,-0.7747089464,0.01689248361,0.04,1.563351838
2014-10-03,-1.731547712,-0.4210387027,-0.9833869403,0.01281709668,0,1.281261442
2014-10-04,-1.732395405,-0.001413846802,-0.976745873,0.01987826152,0.03,0.496114855
2014-10-05,-1.733244036,-0.001413846802,-0.9701547204,0.01987826152,0.03,0.5083416025
2014-10-06,-1.730799402,0.002414370936,-0.752464517,0.0194039711,0.05,0.5209012471
2014-10-07,-1.731034202,0.002618174698,-0.7543839774,0.01776765994,0.02,0.9951499548
2014-10-08,-1.731269075,0.002821980929,-0.3300815941,0.01600761543,-0.12,1.877319613
2014-10-09,-1.731504019,0.003025789655,-1.082138911,0.01421120085,-0.22,0.8188252232
2014-10-10,-1.731739035,0.0032296009,-0.8616378636,0.008608940884,-0.19,2.674667114
2014-10-11,-1.731974124,-0.0003949208141,-0.8552364533,0.01113432709,-0.21,3.864823187
2014-10-12,-1.732209284,-0.0003949208141,-0.8488735126,0.01113432709,-0.21,3.792176204
2014-10-13,-0.8358868611,1.211355523,-1.313887364,0.009868083452,-0.23,3.723204675
2014-10-14,-0.8360264676,1.211278144,-0.9842025403,0.009358499324,-0.17,5.218790552
2014-10-15,-0.836166103,1.211200774,-0.976563596,0.007623834285,-0.25,4.239079051
2014-10-16,-0.8363057674,1.211123412,-0.3848279305,0.004689428558,-0.21,5.547122582
2014-10-17,-0.8364454608,1.21104606,-0.05643760244,0.0008116615916,-0.29,4.852247698
2014-10-18,-0.8365851832,-0.0005515687885,-0.05298751957,0.001015348531,-0.27,3.414371813
2014-10-19,-0.8367249347,-0.0005515687885,-0.04952861915,0.001015348531,-0.27,3.33007408
2014-10-20,-1.364922826,-0.7176787055,0.4345303638,-0.0004684018765,-0.25,3.251140393
2014-10-21,-1.359473539,-0.7138748726,-1.513820872,-0.002447549938,-0.26,1.889042307
2014-10-22,-1.354064387,-0.7100862005,-1.499807539,-0.002972153617,-0.13,0.9125175556
2014-10-23,-1.348694815,-0.7063125021,-1.49054276,0.001570300762,-0.15,1.597171147
2014-10-24,-1.343364281,-0.7025535929,-1.79566172,-0.003877139877,-0.14,1.070993377
2014-10-25,-1.33807225,0.01479000811,-1.781618241,-0.005178364763,-0.13,0.9029814548
2014-10-26,-1.332818199,0.01479000811,-1.76793263,-0.005178364763,-0.13,0.8976457567
2014-10-27,-0.9216712408,0.5721760671,-2.543106541,-0.0007596003334,-0.11,0.8923429051
2014-10-28,-0.9195915852,0.5705812607,-0.9420189305,0.000989266865,-0.06,0.8603248186
2014-10-29,-0.9175179865,0.568989255,-1.256881956,-0.002843237311,0,0.2245496289
2014-10-30,-0.9154504071,0.5674000346,-1.092539369,-0.001611590277,0.05,0.5176831829
2014-10-31,-0.9133888097,0.5658135839,-1.301026251,0.0004270415873,0.07,0.2756422185
2014-11-01,-0.9113331572,0.008303015341,-1.292858862,0.007205300243,0.08,0.08802435814
2014-11-02,-0.909283413,0.008303015341,-1.284777058,0.007205300243,0.08,0.08903648672
2014-11-03,-0.9506390709,-0.05234566512,-0.4874155667,0.007205300243,0.08,0.09004914012
2014-11-04,-0.9461565901,-0.05007522724,-0.4823723534,0.01169780983,0.14,0.3588554163
2014-11-05,-0.9416997153,-0.04780255737,-0.5876431641,0.01237144747,0.14,0.4184665703
2014-11-06,-0.9372681171,-0.04552761388,-0.9098099915,0.0156413659,0.15,0.1415531103
2014-11-07,-0.9328614717,-0.04325035493,-1.230913324,0.0187633534,0.15,-0.05038830055
2014-11-08,-0.9284794609,0.01984177105,-1.22264316,0.01764421155,0.08,-0.2607705927
2014-11-09,-0.9241217715,0.01984177105,-1.214501891,0.01764421155,0.08,-0.2593945003
2014-11-10,-1.068274923,-0.1873739727,-2.230866177,0.01784609312,0.09,-0.2580192165
2014-11-11,-1.05993173,-0.1822221457,-2.517506557,0.01729275837,0.11,-0.4265896267
2014-11-12,-1.051663012,-0.1770460159,-2.223692475,0.01509865687,0.1,-0.3284015464
2014-11-13,-1.043467052,-0.1718447576,-1.992050925,0.01316534962,0.08,-0.2885025834
2014-11-14,-1.03534218,-0.1666175217,-1.812921342,0.01669416028,0.08,0.008712435634
2014-11-15,-1.027286766,0.04907772242,-1.793114366,0.01656284752,0.04,-0.1749472059
2014-11-16,-1.019299225,0.04907772242,-1.773747837,0.01656284752,0.04,-0.1737201179
2014-11-17,-2.014839173,-1.401450896,-0.7756275649,0.01588439067,0.05,-0.17249335
2014-11-18,-1.99105773,-1.397610945,-0.0263147696,0.02058789948,0.09,0.08973514865
2014-11-19,-1.967891174,-1.393791223,0.1418569619,0.02065670596,0.06,0.04111308409
2014-11-20,-1.945311445,-1.389991533,0.09368644269,0.01833032343,0.11,0.08043325079
2014-11-21,-1.923292243,-1.38621168,0.476926258,0.01160969176,0.06,-0.06207310259
2014-11-22,-1.901808891,0.05568227431,0.4866830821,0.0119562193,0.02,-0.3185641745
2014-11-23,-1.880838203,0.05568227431,0.496638829,0.0119562193,0.02,-0.3125141452
2014-11-24,-0.5892737214,1.95492894,0.509347075,0.007670479918,0.02,-0.3064299804
2014-11-25,-0.5866104793,1.932624362,0.06077930329,0.008777608221,0.01,-0.4117684371
2014-11-26,-0.5839541584,1.910868127,0.06242205206,0.004808285918,-0.01,-0.5530873233
2014-11-27,-0.5813046935,1.889636287,0.06510440081,0.0005729705193,-0.03,-0.6188197068
2014-11-28,-0.5786620198,1.868906334,0.06523114847,0.001673338477,0.04,-0.6146880909
2014-11-29,-0.5760260735,0.01625083075,0.0664733675,0.01058636527,0.01,-0.1186529131
2014-11-30,-0.5733967909,0.01625083075,0.06771636605,0.01058636527,0.01,-0.1161194799
2014-12-01,-0.3281425709,0.3711499984,-0.1558900303,0.01153739241,-0.05,-0.1135840751
2014-12-02,-0.322736089,0.37978099,-0.1487286455,0.009763419774,-0.01,0.2644213407
2014-12-03,-0.3173121094,0.3885656614,0.3133972063,0.01575593818,0.05,-0.2989464639
2014-12-04,-0.3118697768,0.397510304,0.3177580836,0.01478338521,0.03,-0.4443161034
2014-12-05,-0.3064082128,0.4066215735,0.7235832331,0.01313328967,0.05,-0.476090392
2014-12-06,-0.3009265146,0.04780592086,0.7268713406,0.02025598511,0.13,-0.691321544
2014-12-07,-0.2954237536,0.04780592086,0.7301771338,0.02025598511,0.13,-0.6867867565
2014-12-08,0.2997772316,0.9069003288,1.13166664,0.01894902982,0.08,-0.6822700786
2014-12-09,0.3029222725,0.9002404938,0.7780364019,0.02314214011,0.07,0.253138246
2014-12-10,0.3060809221,0.8936248313,0.8281494293,0.01579062981,-0.04,0.516383592
2014-12-11,0.3092533588,0.8870524467,1.392917087,0.01779046782,-0.02,1.91844448
2014-12-12,0.3124397639,0.8805224637,1.560388032,0.02170825889,0.04,2.479295341
2014-12-13,0.3156403216,0.0191484344,1.545516678,0.02099015605,0.01,2.806969192
2014-12-14,0.3188552191,0.0191484344,1.530901921,0.02099015605,0.01,2.753644192
2014-12-15,1.130595929,1.188914899,1.347628171,0.01962127361,0.02,2.702822555
2014-12-16,1.122824157,1.180563447,1.227064985,0.02407545247,0.08,2.427123794
2014-12-17,1.115125291,1.172324101,0.3756769204,0.02355798458,0,3.470746359
2014-12-18,1.10749784,1.164195569,-0.1861056462,0.02382716684,0.07,1.986222103
2014-12-19,1.099940348,1.15617667,-0.3633836645,0.01679992086,0.18,1.060850173
2014-12-20,1.092451403,-0.03618805254,-0.3634458764,0.01974979989,0.1,0.9501918918
2014-12-21,1.085029627,-0.03618805254,-0.3635080921,0.01974979989,0.1,0.9516945375
2014-12-22,1.234102911,0.1969021659,0.1949331037,0.0215413168,0.06,0.9532006962
2014-12-23,1.224521485,0.1950572075,0.6409508628,0.01539506092,-0.04,0.5191775154
2014-12-24,1.215048645,0.1932126572,-1.208534352,0.01768327606,0.06,0.3622920189
2014-12-25,1.205681766,0.1913684959,-1.206031638,0.01902222364,0.11,0.2107395425
2014-12-26,1.196418306,0.1895247047,-1.203537846,0.01190814143,0.03,0.2093199924
2014-12-27,1.187255806,-0.04549885885,-1.201052914,0.01190814143,0.02,0.2534375992
2014-12-28,1.178191877,-0.04549885885,-1.198576782,0.01190814143,0.02,0.2518253949
2014-12-29,-0.05824805228,-1.88848987,-1.311862358,0.009799624914,0.03,0.2502140969
2014-12-30,-0.05849144856,-1.866995674,-1.858617326,0.01554615388,0.08,0.4444889448
2014-12-31,-0.05873485885,-1.846013078,-2.132675388,0.01069775453,0.09,0.742281259
2015-01-01,-0.05897828318,-1.82552017,-2.130423809,0.008275436494,0,1.872865253
2015-01-02,-0.05922172161,-1.805496325,-0.3109384073,0.008984596566,0.03,1.852008757
2015-01-03,-0.05946517417,-0.001766435244,-0.3124330702,0.01508481013,-0.05,1.353498038
2015-01-04,-0.05970864092,-0.001766435244,-0.3139302478,0.01508481013,-0.05,1.343524856
2015-01-05,0.07582490903,0.196301939,-0.3129740623,0.01208470209,-0.09,1.333675057
2015-01-06,0.0752941597,0.1958696286,0.140234025,0.01941965605,-0.02,2.038291362
2015-01-07,0.07476343643,0.1954374058,-0.4223808129,0.0171447928,-0.08,2.407671701
2015-01-08,0.07423273876,0.1950052704,-0.7054725623,0.018461354,-0.18,1.780661589
2015-01-09,0.07370206624,0.1945732221,-0.3689868307,0.01206879487,-0.08,1.006194527
2015-01-10,0.07317141842,-0.00386778435,-0.3705403086,0.01051462886,-0.13,1.176958223
2015-01-11,0.07264079485,-0.00386778435,-0.3720967546,0.01051462886,-0.13,1.167952694
2015-01-12,0.08710338649,0.01794224114,0.1923274573,0.01105062837,-0.11,1.159041621
2015-01-13,0.08460728085,0.01501596008,-0.1531774492,0.008688005628,-0.21,1.816663318
2015-01-14,0.08210873543,0.01208365834,0.4124090832,0.009454286686,-0.22,2.104335537
2015-01-15,0.07960769507,0.00914523053,0.9384296718,0.007697736523,-0.3,2.36669228
2015-01-16,0.07710410429,0.006200570074,2.729816043,0.007625402237,-0.39,2.612076262
2015-01-17,0.07459790723,-0.01866103464,2.679409678,0.008954789116,-0.35,2.125897473
2015-01-18,0.07208904768,-0.01866103464,2.631281755,0.008954789116,-0.35,2.097838592
2015-01-19,0.2309330223,0.2174940482,2.587560424,0.008226481221,-0.34,2.070603799
2015-01-20,0.2308108052,0.2215970969,4.338268761,0.01094005107,-0.33,2.044219991
2015-01-21,0.2306885975,0.225724184,5.847549051,0.01211329598,-0.26,1.700792551
2015-01-22,0.2305663993,0.2298757496,5.223869379,0.01467967225,-0.23,1.370862597
2015-01-23,0.2304442106,0.2340522438,4.974399821,0.009955035193,-0.12,0.6200513225
2015-01-24,0.2303220312,-0.0008599682745,4.728510224,0.01423577807,-0.2,0.6939483383
2015-01-25,0.2301998614,-0.0008599682745,4.514175039,0.01423577807,-0.2,0.6886768683
2015-01-26,1.878470532,2.430022519,3.273526691,0.008405992023,-0.19,0.6834259023
2015-01-27,1.857023144,2.393655121,1.695310141,0.01150117432,-0.19,0.3328991434
2015-01-28,1.836084483,2.358597478,1.40270937,0.005143218864,-0.22,0.8445369305
2015-01-29,1.815632763,2.324769804,1.610623638,0.01155888029,-0.29,1.804031538
2015-01-30,1.795647473,2.292099005,2.271740765,0.02089771948,-0.21,1.284797279
2015-01-31,1.776109288,-0.06748595099,2.239088781,0.02392425231,-0.33,1.929447849
2015-02-01,1.756999978,-0.06748595099,2.207513204,0.02392425231,-0.33,1.90747689
2015-02-02,1.07961469,-1.048456964,2.035928944,0.02277473624,-0.32,1.886044647
2015-02-03,1.073351652,-1.040152434,2.749484898,0.01874503728,-0.34,1.416182616
2015-02-04,1.067138032,-1.031919083,1.442124153,0.01470555426,-0.2,0.7874726493
2015-02-05,1.06097299,-1.023755229,1.768027224,0.016511953,-0.09,1.075311408
2015-02-06,1.054855707,-1.015659233,1.711519891,0.0123291374,-0.1,0.6312547738
2015-02-07,1.048785381,-0.02811195123,1.701705921,0.01849855017,0.01,0.7553946039
2015-02-08,1.04276123,-0.02811195123,1.692011665,0.01849855017,0.01,0.7490953394
2015-02-09,2.412923506,2.052814349,1.682434511,0.01849855017,0.01,0.7428218879
2015-02-10,2.37540359,2.028087328,0.7497287684,0.01415719939,0.02,1.108453424
2015-02-11,2.33925542,2.004029956,0.9437816812,0.01449042162,0.05,0.7103621245
2015-02-12,2.304393061,1.98061087,0.6120074826,0.01792602699,0.03,0.6247059868
2015-02-13,2.270737942,1.957800745,-0.167538927,0.005470088418,0.12,0.138831978
2015-02-14,2.238218063,-0.08729551261,-0.1660136611,0.004576132823,0.13,-0.0596845998
2015-02-15,2.206767302,-0.08729551261,-0.1644886599,0.004576132823,0.13,-0.06457998073
2015-02-16,0.4709577116,-2.733899241,-0.1629639127,0.00347811772,0.12,-0.06950800165
2015-02-17,0.4659511476,-2.687509761,-0.5122213703,0.006533889632,0.17,-0.07392173564
2015-02-18,0.4609464252,-2.643070129,-0.509788975,0.003555918858,0.31,0.2556545954
2015-02-19,0.4559431051,-2.600442659,-0.539525512,-0.0002365204704,0.21,0.1455266115
2015-02-20,0.4509407446,-2.559502938,-0.3761369548,-0.004240049096,0.34,0.09387876262
2015-02-21,0.4459388976,-0.04106754767,-0.3743807184,-0.002364843108,0.35,-0.2091463481
2015-02-22,0.4409371146,-0.04106754767,-0.3726265041,-0.002364843108,0.35,-0.21199031
2015-02-23,-0.01617525692,-0.6908114527,0.01502384794,0.001263238339,0.35,-0.2148438811
2015-02-24,-0.02141091554,-0.6896783756,0.3657507733,0.008886654054,0.25,-0.1381265609
2015-02-25,-0.02668424665,-0.6885469785,0.36262217,0.007273941881,0.17,-0.4057731321
2015-02-26,-0.03199628969,-0.6874172551,0.3920078223,0.00534780341,0.11,-0.3651375259
2015-02-27,-0.03734811766,-0.6862891992,0.2263822835,0.003555655328,0,-0.3488928381
2015-02-28,-0.04274083861,-0.03695336288,0.2237942905,0.004468825235,-0.07,-0.528522724
2015-03-01,-0.04817559724,-0.03695336288,0.2212063742,0.004468825235,-0.07,-0.5330576413
2015-03-02,0.7756477969,1.126202843,0.02435555521,0.005802518171,-0.08,-0.5376273741
2015-03-03,0.7701125557,1.12718262,-0.8136128126,0.004990041761,-0.06,-0.6346476141
2015-03-04,0.7646047348,1.128163852,-1.097147718,-0.002210981935,-0.06,-0.3826300072
2015-03-05,0.7591238185,1.129146541,-1.08923433,0.0113857164,-0.08,-0.2714147053
2015-03-06,0.7536692988,1.130130692,-1.081393651,0.01228573173,-0.07,-0.3343305908
2015-03-07,0.7482406761,-0.03494314355,-1.073624146,0.02468877927,0.07,0.02321042175
2015-03-08,0.7428374582,-0.03494314355,-1.06592432,0.02468877927,0.07,0.0183661861
2015-03-09,0.4022986546,-0.5112615841,-1.532211557,0.02468877927,0.07,0.01349377127
2015-03-10,0.4035099144,-0.5052100452,-1.056779654,0.02551094375,0.01,-0.03508095675
2015-03-11,0.4047229772,-0.4991485269,-0.7636224837,0.02722149064,0.05,0.4742992772
2015-03-12,0.4059378513,-0.493075831,-0.7571318522,0.03217402966,0.02,0.5254552701
2015-03-13,0.4071545453,-0.4869907222,-0.9764370829,0.02691698303,0.01,0.05837277667
2015-03-14,0.4083730674,0.007209391578,-0.9688595114,0.03397326908,0.06,0.2375931896
2015-03-15,0.4095934263,0.007209391578,-0.9613404009,0.03397326908,0.06,0.2315005551
2015-03-16,-0.5718262418,-1.402769496,-0.5009915478,0.03204122957,0.1,0.2253648744
2015-03-17,-0.5659483478,-1.390513934,-0.1347448056,0.02932337381,0.18,0.09372654242
2015-03-18,-0.5600735765,-1.37843485,-0.4277914923,0.03360485406,0.18,0.105487931
2015-03-19,-0.5542011279,-1.36652715,-0.2255017601,0.02754352757,-0.01,-0.4496601641
2015-03-20,-0.5483301911,-1.354785938,0.008873046449,0.02447487218,0.02,-0.4194270447
2015-03-21,-0.5424599433,0.05293662506,0.01092704187,0.01485822188,0,-0.765154561
2015-03-22,-0.5365895491,0.05293662506,0.01298336234,0.01485822188,0,-0.7672431483
2015-03-23,-1.625362058,-1.475419748,-0.5528630281,0.01277700442,-0.08,-0.7693386078
2015-03-24,-1.611296262,-1.462946761,-0.5470853045,0.008962050547,-0.09,-0.644549782
2015-03-25,-1.597499098,-1.45066115,-0.2425528489,0.002890704425,-0.14,-0.5786954402
2015-03-26,-1.583962854,-1.438557503,-0.5724657589,0.001227701391,-0.15,0.01547300968
2015-03-27,-1.570680206,-1.426630619,-1.23451438,-0.008149212026,-0.2,0.1329950795
2015-03-28,-1.557644199,0.08227953558,-1.224527505,-0.005045902729,-0.22,-0.1128933973
2015-03-29,-1.54484823,0.08227953558,-1.214655594,-0.005045902729,-0.22,-0.1171438337
2015-03-30,-1.453502999,0.18430945,-0.6147780562,-0.005843569423,-0.25,-0.121417848
2015-03-31,-1.441187595,0.17768833,-0.6134957267,-0.006681681334,-0.18,-0.3108358897
2015-04-01,-1.42905427,0.171001878,-0.6114923313,-0.009987698517,-0.21,-0.05453428788
2015-04-02,-1.417097798,0.1642471432,-0.4756626155,-0.01029913815,-0.32,-0.1199607655
2015-04-03,-1.405313159,0.1574210171,-0.4734028883,-0.0205990962,-0.33,-0.2722767439
2015-04-04,-1.393695523,0.04535205936,-0.4711472469,-0.02783118216,-0.42,-0.2753675365
2015-04-05,-1.382240246,0.04535205936,-0.4688956534,-0.02783118216,-0.42,-0.2784710401
2015-04-06,-0.8878869796,0.7561848414,0.2010819943,-0.02536859526,-0.43,-0.2815874206
2015-04-07,-0.8820067069,0.7531135087,-0.001730544998,-0.02572192981,-0.35,-0.2613066436
2015-04-08,-0.8761634319,0.7500534271,-0.2717172447,-0.01807246698,-0.19,-0.2500167829
2015-04-09,-0.8703565073,0.7470044886,-0.2712924432,-0.01626416817,-0.11,-0.5227235864
2015-04-10,-0.8645852983,0.7439665862,0.0675010364,-0.001246651258,-0.04,-0.8190648624
2015-04-11,-0.8588491827,0.03382451377,0.06804301003,0.002664063878,-0.03,-0.9847395487
2015-04-12,-0.8531475502,0.03382451377,0.06858508305,0.002664063878,-0.03,-0.9774192251
2015-04-13,-0.4390659522,0.6416938282,-0.1288830043,0.008923759321,-0.03,-0.9701553586
2015-04-14,-0.4330645878,0.6507548671,0.07358846962,0.01231396814,0.03,-0.5087367893
2015-04-15,-0.427044579,0.6599755633,0.5470951878,0.007444694138,-0.02,-0.5954968942
2015-04-16,-0.4210046063,0.6693617481,0.5437346609,0.005886923766,-0.14,-0.8698962695
2015-04-17,-0.4149433034,0.6789195561,0.2020758377,-0.005758169959,-0.14,-0.9440436828
2015-04-18,-0.4088592544,0.06032971755,0.2003347079,-0.005263276067,-0.21,-0.5068751105
2015-04-19,-0.4027509905,0.06032971755,0.1985940712,-0.005263276067,-0.21,-0.5041236076
2015-04-20,0.2657429236,1.024977458,0.7321937034,-0.009917677042,-0.25,-0.5013780087
2015-04-21,0.2706311791,1.017272005,0.7276242049,-0.008836592839,-0.17,-0.6980652069
2015-04-22,0.2755577606,1.009630434,0.8894130537,-0.004687091351,-0.01,-0.7132181327
2015-04-23,0.2805235035,1.002051366,0.8843644261,-0.0008652546361,0.01,-0.8941118188
2015-04-24,0.2855292669,0.9945334566,0.8793454777,0.002641517631,0.05,-0.9714900003
2015-04-25,0.2905759349,0.02925848979,0.8743557693,0.0001784936833,0.02,-1.033083351
2015-04-26,0.295664417,0.02925848979,0.8693948696,0.0001784936833,0.02,-1.030886757
2015-04-27,-0.4027247931,-0.9688159802,0.530666244,0.001109770899,-0.03,-1.028697051
2015-04-28,-0.3985312205,-0.967822915,0.1642435131,-0.007136764341,-0.01,-0.7526307029
2015-04-29,-0.3943396114,-0.9668312935,-0.1987026628,-0.01221257415,0.03,-0.9910630448
2015-04-30,-0.3901497265,-0.9658411115,-0.1955410278,-0.02307782143,0.01,-0.6660898971
2015-05-01,-0.3859613258,-0.9648523647,-0.1592089702,-0.01992134206,-0.03,-0.2810295864
2015-05-02,-0.3817741684,0.03183015984,-0.1561531984,-0.0168855849,0.04,-0.9073653229
2015-05-03,-0.3775880125,0.03183015984,-0.1530943358,-0.0168855849,0.04,-0.9106935361
2015-05-04,-0.417863798,-0.02769183614,0.1159730895,-0.01960635095,0.04,-0.9140397309
2015-05-05,-0.4115431628,-0.02146043619,0.4828887095,-0.01295412532,0.14,-0.8662127972
2015-05-06,-0.4051901817,-0.01516789834,0.4800255619,-0.01815450784,0.18,-0.3757150527
2015-05-07,-0.3988027786,-0.008812047811,0.4768433041,-0.01489140079,0.29,-0.09476743972
2015-05-08,-0.3923787732,-0.002390613772,0.1402354376,-0.01067347572,0.32,-0.1060433876
2015-05-09,-0.385915873,0.06498087308,0.1385395062,-0.01398113403,0.3,-0.8850467427
2015-05-10,-0.3794116635,0.06498087308,0.1368435339,-0.01398113403,0.3,-0.8873483482
2015-05-11,-1.035121384,-0.8638671741,-1.323416201,-0.01547372434,0.27,-0.8896583735
2015-05-12,-1.028294893,-0.8804180898,-1.315313867,-0.01173724781,0.34,-0.553432849
2015-05-13,-1.021523403,-0.8975131656,-1.30663648,-0.01584796611,0.28,-0.5532023384
2015-05-14,-1.014805886,-0.9151870764,-1.298724488,-0.01700170865,0.34,-0.590546205
2015-05-15,-1.008141335,-0.9334776987,-1.488487595,-0.01576035126,0.32,-0.9431125738
2015-05-16,-1.001528769,0.03431840302,-1.481357655,-0.01779708229,0.27,-1.068346083
2015-05-17,-0.9949672303,0.03431840302,-1.474294375,-0.01779708229,0.27,-1.069221493
2015-05-18,-0.9222789225,0.1338356968,-0.3040757246,-0.01579065391,0.28,-1.07009807
2015-05-19,-0.9153835181,0.1359637861,-0.9353198901,-0.004914224616,0.26,-0.9492151389
2015-05-20,-0.9085352118,0.1380958991,-0.9328916414,0.007472978117,0.28,-0.9061652867
2015-05-21,-0.9017330182,0.1402320773,-1.256195847,0.00235965512,0.27,-0.8957945318
2015-05-22,-0.8949759728,0.1423723627,-0.7664427044,-0.002436618572,0.17,-1.159882467
2015-05-23,-0.888263131,0.04459074336,-0.7609770816,0.001992650386,0.16,-1.149589577
2015-05-24,-0.8815935672,0.04459074336,-0.7555379266,0.001992650386,0.16,-1.146219762
2015-05-25,-0.0302967366,1.30556705,-0.7501247427,0.001711021039,0.1,-1.142865871
2015-05-26,-0.02835997926,1.295322064,-0.7447370411,0.005787745297,0.09,-1.137674984
2015-05-27,-0.02642168718,1.28520338,-0.04882694344,0.01944628845,-0.02,-0.4780662147
2015-05-28,-0.02448183526,1.275207818,-0.04959427145,0.01629273885,0.04,-0.7507917485
2015-05-29,-0.02254039826,1.265332305,0.2835234646,0.01981641015,0.05,-0.7400326679
2015-05-30,-0.02059735085,0.01434517982,0.281538236,0.01808810176,0.04,-0.5610640156
2015-05-31,-0.01865266756,0.01434517982,0.2795543662,0.01808810176,0.04,-0.5645890428
2015-06-01,0.5490252299,0.8501284751,0.2749548162,0.01359162453,-0.08,-0.5681342023
2015-06-02,0.54375101,0.8446504884,0.06804601056,0.02222658648,-0.01,-0.523600878
2015-06-03,0.5384840224,0.8392548761,-0.4740445371,0.02002571847,0.03,-0.4289727901
2015-06-04,0.5332237844,0.8339441111,-0.4763577411,0.01830847146,0.19,-0.6306514668
2015-06-05,0.527969812,0.8287209689,-0.4786787192,0.02357522866,0.19,-0.2654915267
2015-06-06,0.5227216194,-0.04509883124,-0.4810075392,0.02993072499,0.24,-0.4377213176
2015-06-07,0.5174787194,-0.04509883124,-0.4833442698,0.02993072499,0.24,-0.4367157512
2015-06-08,0.606803262,0.09672804811,-0.6172482883,0.02415521744,0.18,-0.4357111385
2015-06-09,0.6008606423,0.09453319672,-0.4136411184,0.01352226213,0.12,-0.0608996218
2015-06-10,0.5949252529,0.09233699244,-0.2799820296,0.0062836004,0.18,-0.3422278286
2015-06-11,0.5889963179,0.09013939991,-0.4502771768,0.004013064999,0.28,-0.7695227769
2015-06-12,0.5830730541,0.08794038362,-0.4501807931,0.00231179032,0.22,-0.8916469953
2015-06-13,0.5771546701,-0.05638465439,-0.4500844198,0.0004988252099,0.21,-0.569123162
2015-06-14,0.5712403657,-0.05638465439,-0.4499880568,0.0004988252099,0.21,-0.567806385
2015-06-15,-0.4007308826,-1.481672488,-0.3415555036,0.0004988252099,0.21,-0.5664915738
2015-06-16,-0.4058212013,-1.469596026,-0.5798378797,-0.00684441213,0.19,-0.01109989628
2015-06-17,-0.4109557702,-1.457697218,-0.2386895768,-0.008050847458,0.1,-0.2080117594
2015-06-18,-0.4161355338,-1.445971086,-0.06916692646,-0.008062102507,0.09,-0.3141127347
2015-06-19,-0.4213614642,-1.434412841,-0.07038261133,-0.01533462996,0.14,-0.7596885
2015-06-20,-0.4266345617,-0.02720349702,-0.07159904935,-0.0120780822,0.08,-0.4873660388
2015-06-21,-0.4319558564,-0.02720349702,-0.07281624671,-0.0120780822,0.08,-0.4811371093
2015-06-22,-0.4680573937,-0.07314146178,-0.0475594181,-0.01654669952,0.01,-0.4748883029
2015-06-23,-0.4685224985,-0.06840551402,0.6050665803,-0.01001496467,0.03,-0.9086575136
2015-06-24,-0.4689878672,-0.06364571204,0.6006267738,-0.001662830694,-0.05,-1.135093527
2015-06-25,-0.4694535003,-0.05886141393,0.7004518691,-0.00206907887,-0.02,-0.7185287173
2015-06-26,-0.4699193982,-0.05405196107,1.483214646,-0.009167058701,-0.06,-0.4306012579
2015-06-27,-0.4703855615,-0.002696739289,1.471139173,-0.006739248938,0.02,-0.4203125731
2015-06-28,-0.4708519904,-0.002696739289,1.459241391,-0.006739248938,0.02,-0.4138856855
2015-06-29,-0.7094724421,-0.3445534631,1.247185359,-0.003350213966,0.03,-0.4074253591
2015-06-30,-0.711781798,-0.3463220717,0.8288960376,0.001456359121,-0.1,1.556820087
2015-07-01,-0.7140995662,-0.3480945146,0.8223426173,0.006761578281,-0.15,1.297281905
2015-07-02,-0.7164258137,-0.3498708188,0.7141772416,0.008640499786,-0.02,0.4333830765
2015-07-03,-0.7187606082,-0.3516510115,0.7080552473,0.009528665788,-0.06,0.7172553483
2015-07-04,-0.7211040182,-0.01019100357,0.7019543088,0.009528665788,-0.06,0.7157033218
2015-07-05,-0.723456113,-0.01019100357,0.6958737154,0.009528665788,-0.06,0.7141544174
2015-07-06,-0.877930238,-0.2302301078,-0.2904540096,0.008601032652,-0.02,0.7126086194
2015-07-07,-0.8766698848,-0.2272370162,-0.09047982602,0.0102501431,-0.01,0.7995076355
2015-07-08,-0.8754117973,-0.2242431133,-0.09335724419,0.01628354297,-0.02,0.4239443143
2015-07-09,-0.8741559669,-0.2212483115,-0.1277018564,0.02256284371,-0.07,1.849964173
2015-07-10,-0.8729023848,-0.2182525229,-0.3336587683,0.02000861075,0.07,1.951129362
2015-07-11,-0.8716510424,0.00535886712,-0.3360224571,0.01672268079,0.15,0.6926577603
2015-07-12,-0.870401931,0.00535886712,-0.338393417,0.01672268079,0.15,0.6878209292
2015-07-13,-1.385114868,-0.742551745,-0.1355633119,0.01734978355,0.08,0.6830034472
2015-07-14,-1.378659025,-0.7390201639,0.03361688167,0.01526029605,0.08,-0.4831991454
2015-07-15,-1.37225869,-0.7355025871,0.03182036463,0.01159599519,0.08,-0.6912823715
2015-07-16,-1.365912969,-0.7319988585,0.06133825709,0.01755415609,0.03,-0.744896712
2015-07-17,-1.359620987,-0.7285088237,0.1262297388,0.01654894767,-0.05,-1.185248438
2015-07-18,-1.353381887,0.01890940739,0.1226062246,0.01997714535,-0.06,-1.244558927
2015-07-19,-1.347194832,0.01890940739,0.1189748878,0.01997714535,-0.06,-1.240404869
2015-07-20,-1.445015201,-0.1337313605,-1.226210655,0.0202945144,0.05,-1.236274702
2015-07-21,-1.438622853,-0.1339734969,-1.602772558,0.02042168963,0.08,-1.116477329
2015-07-22,-1.432284752,-0.13421566,-2.140739266,0.01288850305,-0.01,-1.125986748
2015-07-23,-1.426000046,-0.1344578497,-2.391860824,0.01750153867,0.04,-1.162349399
2015-07-24,-1.419767902,-0.1347000661,-2.535932527,0.01726582771,0,-0.9547585784
2015-07-25,-1.413587503,0.01772831229,-2.506521851,0.01970618442,0.02,-0.5235323753
2015-07-26,-1.407458052,0.01772831229,-2.477956796,0.01970618442,0.02,-0.5244177842
2015-07-27,-2.257869937,-1.26741738,-1.700897926,0.01757700382,0.08,-0.525304245
2015-07-28,-2.246938377,-1.268997581,-1.492304062,0.008418611124,0.1,0.2037987164
2015-07-29,-2.236136818,-1.270581492,-0.9600188673,0.01130233155,0.12,-0.6450975134
2015-07-30,-2.225462596,-1.272169127,-0.6912245457,0.009710904197,0.05,-1.01081984
2015-07-31,-2.214913121,-1.273760504,-0.3881706134,0.02070457874,-0.04,-1.151560647
2015-08-01,-2.204485879,0.01487292936,-0.3859355153,0.01463348661,-0.09,-1.152860421
2015-08-02,-2.194178425,0.01487292936,-0.3837033293,0.01463348661,-0.09,-1.150251447
2015-08-03,-2.125107212,0.09024589422,-0.7224658033,0.01112609669,-0.12,-1.147652165
2015-08-04,-2.100538774,0.09838028238,-0.7192570378,0.01609258282,-0.1,-0.9756838097
2015-08-05,-2.076617755,0.1066530302,-0.9514236798,0.01119752923,0,-0.8059680257
2015-08-06,-2.053314463,0.1150706591,-1.24746491,0.0154327436,0.06,-0.9988966515
2015-08-07,-2.030601085,0.1236401163,-1.239059943,0.01091421022,0.05,-0.5098651601
2015-08-08,-2.00845153,0.05357780618,-1.230743559,0.008293915277,0.01,-0.6589555649
2015-08-09,-1.9868413,0.05357780618,-1.22251387,0.008293915277,0.01,-0.6590903305
2015-08-10,-1.617613501,0.653199531,-0.4188520794,0.006837518768,-0.04,-0.6592251214
2015-08-11,-1.603624273,0.6519733351,-0.4178661758,0.00741586116,0.02,-1.108288609
2015-08-12,-1.58987003,0.650749032,-0.1814801975,0.0107067641,-0.04,-0.5311868519
2015-08-13,-1.576343476,0.6495266138,0.5970143592,0.00651915058,0.03,-0.5729218505
2015-08-14,-1.563037628,0.6483060731,0.5954046044,0.008118887444,0.06,-0.6226058491
2015-08-15,-1.549945798,0.04892250446,0.5937978001,0.008255562873,0.07,-0.8848501511
2015-08-16,-1.537061575,0.04892250446,0.5921939301,0.008255562873,0.07,-0.8879517676
2015-08-17,-1.717099347,-0.2929945936,0.6189517511,0.01127033721,0.08,-0.8910689612
2015-08-18,-1.699354327,-0.2885312856,0.6173363246,0.01339061038,0.07,-0.8133305322
2015-08-19,-1.681968784,-0.2840610129,0.6158708263,0.01515966263,0.1,-0.5077683837
2015-08-20,-1.66492924,-0.2795834113,0.1433744686,0.009142597101,0.04,0.07296887781
2015-08-21,-1.648222911,-0.2750981115,0.5490250894,0.01218768931,0.07,1.61736707
2015-08-22,-1.631837655,0.07419315659,0.5501060429,0.01252414234,0.06,4.932498816
2015-08-23,-1.615761934,0.07419315659,0.5511886192,0.01252414234,0.06,4.744875919
2015-08-24,-1.391955704,0.4663638166,0.820268479,0.0085181387,0.06,4.576251163
2015-08-25,-1.3801644,0.471171177,1.186618439,0.006465588275,0,7.903845291
2015-08-26,-1.368542139,0.4760178504,1.179112469,0.0045283225,0.01,6.022941201
2015-08-27,-1.35708429,0.4809045989,1.170513119,0.007826142433,0.09,4.210603849
2015-08-28,-1.345786403,0.4858322049,0.9254467881,0.009556130617,0.08,2.963449036
2015-08-29,-1.334644198,0.09243781356,0.9191708472,0.01127400455,0.06,2.890242459
2015-08-30,-1.323653561,0.09243781356,0.9129376009,0.01127400455,0.06,2.833824285
2015-08-31,-0.8389799132,0.9826070191,0.6425973143,0.01353840124,0.03,2.780153235
2015-09-01,-0.832161641,0.9783871191,0.2783664385,0.005600001455,0.09,3.316301742
2015-09-02,-0.8253795021,0.9741906166,0.274434702,0.008999182391,0.08,3.934819175
2015-09-03,-0.8186325522,0.97001723,0.2704995677,0.008147221401,0.07,2.567896892
2015-09-04,-0.8119198602,0.9658666824,0.10236615,0.008544598035,0.06,2.411011476
2015-09-05,-0.8052405078,0.07893257574,0.09889996617,0.01077536405,0.04,2.881228004
2015-09-06,-0.7985935889,0.07893257574,0.09542635189,0.01077536405,0.04,2.823023681
2015-09-07,-0.1391812067,1.273148252,0.09171588811,0.008700468026,0.04,2.767732986
2015-09-08,-0.137400248,1.265606335,0.06020078484,0.007722420962,0,2.715270242
2015-09-09,-0.1356191622,1.258226119,0.05479450062,0.003268036,0.12,2.029267325
2015-09-10,-0.133837932,1.251008484,-0.4158756975,0.007400027428,0.12,2.30136832
2015-09-11,-0.1320565398,1.243954603,-0.4155192909,0.004437814758,0.12,1.869169693
2015-09-12,-0.1302749682,0.01681995379,-0.4151630126,0.004236260978,0.09,1.596351337
2015-09-13,-0.1284931997,0.01681995379,-0.4148068622,0.004236260978,0.09,1.584091349
2015-09-14,-0.5180099761,-0.7120208037,-0.4144508397,0.006188449804,0.09,1.572016089
2015-09-15,-0.5141128915,-0.707618043,-0.3863224914,0.001460040566,0.03,1.789663507
2015-09-16,-0.5102243303,-0.7032336664,-0.3863849095,0.0005308340425,0.07,1.412923517
2015-09-17,-0.506344115,-0.6988674007,0.07800265679,-0.003451197193,0.13,1.149879107
2015-09-18,-0.5024720696,-0.6945189768,0.07623395187,-0.004971474112,0.05,1.098049346
2015-09-19,-0.4986080188,0.03555164422,0.07446454885,-0.007724669608,0,1.336942854
2015-09-20,-0.4947517888,0.03555164422,0.0726944299,-0.007724669608,0,1.328430117
2015-09-21,-1.357428467,-1.573837175,0.07218254883,-0.006743721402,0,1.320010246
2015-09-22,-1.34584346,-1.559689289,-0.3306348255,0.001727469113,0.06,0.8592635017
2015-09-23,-1.33441549,-1.545779421,-0.1951790436,0.003599346197,-0.01,1.349338796
2015-09-24,-1.323140186,-1.532100039,-0.1260394553,0.006964853694,0,1.281439584
2015-09-25,-1.312013337,-1.518643941,0.3163294643,0.003092659165,0.02,1.56561088
2015-09-26,-1.301030885,0.06669044219,0.3219559624,0.002436504179,0.09,1.590707457
2015-09-27,-1.290188919,0.06669044219,0.3276374366,0.002436504179,0.09,1.583762893
2015-09-28,-0.8860620258,0.7996240544,0.7744773109,0.002436504179,0.09,1.576880788
2015-09-29,-0.8793244714,0.7968289498,1.208298311,0.005390173854,0.04,2.398819819
2015-09-30,-0.8726293336,0.7940437517,1.111224514,0.005403772905,0.01,2.205816416
2015-10-01,-0.8659757007,0.7912683747,1.47803827,0.006309142562,0.01,1.706764195
2015-10-02,-0.8593626786,0.7885027347,1.263816963,0.003914623242,-0.02,1.293289164
2015-10-03,-0.8527893902,0.05669384719,1.315866794,0.0008109508195,-0.1,0.9555421082
2015-10-04,-0.8462549746,0.05669384719,1.373052557,0.0008109508195,-0.1,0.950329912
2015-10-05,0.07842142374,1.767959552,0.8778320192,0.001810851535,-0.11,0.9451510073
2015-10-06,0.08732464778,1.785745818,0.8557233457,-0.001761578606,-0.16,0.653776372
2015-10-07,0.09640660216,1.803961954,0.8609895918,0.0003178867615,-0.2,0.6228218383
2015-10-08,0.1056770374,1.822626499,0.1741627341,-0.002769675594,-0.1,0.4198212262
2015-10-09,0.1151464528,1.841759138,-0.06110213764,-0.001559874882,-0.04,0.2197897896
2015-10-10,0.1248261736,0.07745523541,-0.05148142928,-0.006723033424,0,0.153395119
2015-10-11,0.1347284385,0.07745523541,-0.041618191,-0.006723033424,0,0.1568492166
2015-10-12,-0.2637042935,-0.653967753,-0.03209152181,-0.01412852693,-0.08,0.160317741
2015-10-13,-0.2573866543,-0.656451751,0.01336475744,-0.01905182438,-0.05,-0.02493904998
2015-10-14,-0.2510209081,-0.6589454569,0.02113316331,-0.01985869225,-0.1,0.2847576327
2015-10-15,-0.2446048124,-0.6614489557,1.454915972,-0.02082634187,-0.14,0.3594319926
2015-10-16,-0.2381360163,-0.6639623337,2.217551506,-0.02429145435,-0.17,-0.04911778843
2015-10-17,-0.2316120523,0.07000236159,2.220175044,-0.0213418932,-0.15,-0.2539433436
2015-10-18,-0.2250303285,0.07000236159,2.222806362,-0.0213418932,-0.15,-0.2520962998
2015-10-19,1.212077428,2.518933994,1.295198384,-0.02150794406,-0.15,-0.250250251
2015-10-20,1.243156342,2.518185487,1.827743856,-0.01915408543,-0.07,-0.2618694552
2015-10-21,1.275986879,2.517437556,1.821512021,-0.01791323359,-0.05,-0.1014926018
2015-10-22,1.310753651,2.516690201,0.6525314391,-0.01143061438,0,0.09511283032
2015-10-23,1.347669931,2.51594342,-0.09957510994,-0.006019840904,0.06,-0.3692274488
2015-10-24,1.386983666,0.06940291734,-0.09895143854,-0.002418234409,0.07,-0.3669480531
2015-10-25,1.428985098,0.06940291734,-0.09832782164,-0.002418234409,0.07,-0.3667355924
2015-10-26,1.01006492,-0.5918050714,0.5635832618,-0.0001050301283,0.02,-0.3665231741
2015-10-27,1.015964113,-0.6143120707,0.02941538527,0.0006519147499,0.06,-0.1955213676
2015-10-28,1.021921084,-0.6380957441,0.02779508564,0.006112941442,0.04,-0.1662768836
2015-10-29,1.027936923,-0.663302769,-0.150481375,0.005364575923,0.09,-0.3925918584
2015-10-30,1.034012751,-0.690104889,-0.1507798909,0.01586109782,0.09,-0.3341328977
2015-10-31,1.040149719,0.02088943041,-0.1510784526,0.0103567899,0.05,-0.2397840527
2015-11-01,1.046349008,0.02088943041,-0.1513770602,0.0103567899,0.05,-0.2404641357
2015-11-02,2.400238672,2.246019486,-0.1951259593,0.0103567899,0.05,-0.241144601
2015-11-03,2.37389433,2.215100417,-0.6341351596,0.007374883354,0.11,-0.4309244034
2015-11-04,2.348253896,2.185164875,-1.069942344,0.01025985023,0.15,-0.3511232305
2015-11-05,2.323285256,2.156158965,-1.799897557,0.01883550771,0.14,-0.1520176809
2015-11-06,2.298958313,2.128032857,-2.971343093,0.01683187211,0.15,-0.2481840682
2015-11-07,2.275244833,-0.04042023755,-2.908680466,0.0253652441,0.19,-0.398133895
2015-11-08,2.252118294,-0.04042023755,-2.849318672,0.0253652441,0.19,-0.3991103662
2015-11-09,0.2140782442,-3.370085712,-2.881816261,0.02170757082,0.16,-0.4000879702
2015-11-10,0.2229201394,-3.292577804,-2.841917572,0.0235455949,0.16,0.05078352189
2015-11-11,0.2319312863,-3.219785032,-2.768578858,0.02019866162,0.18,-0.2055154538
2015-11-12,0.2411197409,-3.151243496,-1.928061438,0.01779174111,0.2,-0.04731502079
2015-11-13,0.2504941001,-3.086551153,-1.006374522,0.01234776955,0.2,0.4284911282
2015-11-14,0.2600635501,0.05387798137,-1.005593115,0.01442957669,0.18,0.7784713182
2015-11-15,0.2698379202,0.05387798137,-1.00481261,0.01442957669,0.18,0.7736136455
2015-11-16,-0.8068570004,-1.503942197,-0.6431328543,0.01649140859,0.17,0.7687798356
2015-11-17,-0.8006066365,-1.494277553,-0.2335972167,0.01567960176,0.19,0.3690471961
2015-11-18,-0.7943977387,-1.484731673,0.1387027367,0.01887540437,0.09,0.5076614099
2015-11-19,-0.7882300726,-1.47530185,0.1358433743,0.01406031859,0.04,0.09631867138
2015-11-20,-0.7821034562,-1.465985464,0.3414857991,0.01240382949,0.05,0.1239767467
2015-11-21,-0.7760177631,0.07167567577,0.3371065963,0.01426395022,0.03,-0.1897971702
2015-11-22,-0.7699729258,0.07167567577,0.3327243684,0.01426395022,0.03,-0.1893512792
2015-11-23,-1.079941839,-0.3711860377,0.1616106972,0.0141636454,0.01,-0.1889054772
2015-11-24,-1.071531891,-0.3781281487,-0.5542280837,0.01694876819,-0.01,-0.1579108159
2015-11-25,-1.063198543,-0.3851616761,-0.5529688759,0.009483000779,-0.06,-0.09406172022
2015-11-26,-1.054940032,-0.39228948,-0.5507360018,0.009594857719,-0.09,-0.248108339
2015-11-27,-1.046754644,-0.3995145447,-0.5475116557,0.001192731229,-0.13,-0.2491110781
2015-11-28,-1.03864071,0.04792724784,-0.5442955642,0.004671605212,-0.13,-0.2655349697
2015-11-29,-1.030596603,0.04792724784,-0.5410876212,0.004671605212,-0.13,-0.2674842857
2015-11-30,-1.603194472,-0.7882461544,-0.6662318098,0.003316915554,-0.14,-0.2694378727
2015-12-01,-1.592731276,-0.7971328417,-0.4990007658,0.003108260508,-0.15,-0.06228931473
2015-12-02,-1.582405349,-0.8061657431,0.215812265,0.00108489989,-0.19,-0.3662859712
2015-12-03,-1.572213409,-0.8153496659,-2.014818784,0.005143273716,-0.16,-0.1092474307
2015-12-04,-1.562152284,-0.8246896421,-2.032464559,-0.00344293845,-0.04,0.3455419203
2015-12-05,-1.552218904,0.02736198445,-2.018337068,-0.004285596966,-0.08,-0.3392259228
2015-12-06,-1.5424103,0.02736198445,-2.004437282,-0.004285596966,-0.08,-0.3389890211
2015-12-07,-1.713965998,-0.2498866493,-1.865523284,-0.006002500448,-0.08,-0.3387521683
2015-12-08,-1.700266605,-0.2482038188,-2.408798857,-7.568061356e-05,-0.05,-0.1261225647
2015-12-09,-1.68679339,-0.2465218967,-2.375221257,0.001621482598,-0.03,0.2373434016
2015-12-10,-1.673539612,-0.2448408684,-0.2497947919,0.005529021312,0.01,0.6504553369
2015-12-11,-1.66049881,-0.2431607196,-0.219150824,0.004359459974,0.07,0.5903522845
2015-12-12,-1.647664785,0.03568443294,-0.2197167301,0.008362863091,0.01,1.621426744
2015-12-13,-1.635031588,0.03568443294,-0.2202828773,0.008362863091,0.01,1.605601764
2015-12-14,-1.287325492,0.5643023173,-0.2180173343,0.005371390345,0.03,1.590066942
2015-12-15,-1.277650533,0.5664114768,0.3610489745,0.008842755883,0.16,1.240894864
2015-12-16,-1.268089703,0.5685273121,0.3589718052,0.008644819722,0.18,0.8721046035
2015-12-17,-1.258640264,0.5706498744,0.3568969849,0.009766420957,0.22,0.2401945232
2015-12-18,-1.249299566,0.5727792152,-0.2662149406,0.01367355881,0.15,0.4556787817
2015-12-19,-1.240065041,0.04330610013,-0.2642932424,0.008917693245,0.11,0.8078112418
2015-12-20,-1.230934204,0.04330610013,-0.2623726867,0.008917693245,0.11,0.8013655728
2015-12-21,-1.411093798,-0.2616336992,2.327402617,0.008400391668,0.11,0.7949524146
2015-12-22,-1.398613165,-0.2576836387,1.894975777,0.01160432205,0.17,0.3835530499
2015-12-23,-1.386313936,-0.2537292064,1.878683738,0.007470755485,0.16,-0.04710375966
2015-12-24,-1.37419078,-0.2497701708,1.862699327,0.01383008168,0.04,-0.2598422603
2015-12-25,-1.362238573,-0.2458062977,1.844351392,0.01347691497,0.05,-0.2279699478
2015-12-26,-1.350452391,0.06494463781,1.826389081,0.01347691497,0.05,-0.2296169554
2015-12-27,-1.338827493,0.06494463781,1.80879794,0.01347691497,0.05,-0.2312666604
2015-12-28,-1.045856657,0.5384031027,2.233675311,0.006624780955,0.06,-0.2329190823
2015-12-29,-1.037981627,0.5427842226,-0.3929298968,0.00442120508,0.06,0.004015115125
2015-12-30,-1.030179868,0.5471976397,-0.005547684338,0.008686909382,0.1,-0.1688137985
2015-12-31,-1.022450048,0.5516439003,-0.001481112423,0.01071996095,0.04,0.0761623553
2016-01-01,-1.014790885,0.5561235636,0.002602526366,0.005573363545,0.06,0.2611800169
2016-01-02,-1.007201144,0.08063142601,0.006703600922,0.005573363545,0.06,0.256777658
2016-01-03,-0.9996796395,0.08063142601,0.01082248775,0.005573363545,0.06,0.2523669253
2016-01-04,-1.172919324,-0.2246264434,-0.1421887666,0.005239813715,-0.05,0.2479474567
2016-01-05,-1.163463094,-0.2290868333,0.01487176914,0.01150619922,-0.11,0.7576368252
2016-01-06,-1.154106618,-0.233577008,0.1704130481,0.01131552116,-0.15,0.4708316698
2016-01-07,-1.144847433,-0.2380975643,-0.01475296966,0.007028783748,-0.12,0.7243298514
2016-01-08,-1.135683152,-0.2426491142,0.5321738213,0.01207499402,-0.07,1.621046145
2016-01-09,-1.126611461,0.06237185177,0.5297010121,0.01523431879,-0.08,2.013380962
2016-01-10,-1.11763011,0.06237185177,0.5272336404,0.01523431879,-0.08,1.989215614
2016-01-11,-0.9551073977,0.3226702881,1.265404023,0.01406435162,-0.1,1.965687733
2016-01-12,-0.9477614818,0.3212306553,1.529635998,0.01592513095,-0.06,1.403984664
2016-01-13,-0.9404688131,0.3197922323,1.520096252,0.01880201123,-0.07,1.026026192
2016-01-14,-0.9332282143,0.3183550097,1.997257299,0.01851311283,-0.08,1.566158041
2016-01-15,-0.926038534,0.316918978,1.438512643,0.0206546507,-0.06,1.299973896
2016-01-16,-0.9188986452,0.05544566304,1.428159648,0.0238019418,-0.06,1.893527636
2016-01-17,-0.9118074453,0.05544566304,1.417940942,0.0238019418,-0.06,1.872317431
2016-01-18,-0.1866420877,1.271795134,1.406053852,0.02383363955,-0.07,1.85161174
2016-01-19,-0.1856379534,1.261410586,1.312245702,0.02274526715,-0.12,1.83095577
2016-01-20,-0.1846341246,1.251153628,1.038363866,0.02066436534,-0.09,1.62441942
2016-01-21,-0.1836305982,1.241021028,1.327619808,0.02652923121,-0.04,1.902860203
2016-01-22,-0.1826273713,1.231009667,1.239603671,0.02329568063,0.01,1.710607706
2016-01-23,-0.1816244407,0.00838174737,1.230408501,0.02329568063,-0.01,0.8624965929
2016-01-24,-0.1806218034,0.00838174737,1.221333667,0.02329568063,-0.01,0.8555384781
2016-01-25,-0.5511035701,-0.6191249111,1.470601413,0.01597589338,0.03,0.8486196748
2016-01-26,-0.5480528633,-0.6157204563,0.9728143942,0.01503873893,0,1.189738142
2016-01-27,-0.5450098602,-0.6123266281,1.588378073,0.01191439019,0,0.8631917713
2016-01-28,-0.5419744695,-0.6089432971,1.278270702,0.007475691573,-0.04,0.9736336544
2016-01-29,-0.5389466005,-0.6055703354,1.046407681,0.001851151427,-0.07,0.8330676448
2016-01-30,-0.5359261633,0.02309279908,1.038160955,0.004900464744,-0.12,0.3970181798
2016-01-31,-0.532913069,0.02309279908,1.02998484,0.004900464744,-0.12,0.3917480983
2016-02-01,0.356675719,1.520124931,0.7651687176,0.004862021025,-0.19,0.3864696303
2016-02-02,0.3600751633,1.519977297,2.232212909,0.0001760429024,-0.12,0.3382584025
2016-02-03,0.3634916661,1.519829694,2.081283346,0.003565147535,-0.14,0.7243032788
2016-02-04,0.3669254638,1.51968212,2.570579192,-0.006675067557,-0.17,0.653793566
2016-02-05,0.370376797,1.519534576,2.930097396,-0.01848274241,-0.16,0.6851229972
2016-02-06,0.373845911,0.02286209505,2.870735572,-0.0125012528,-0.14,0.9798913007
2016-02-07,0.377333055,0.02286209505,2.81437639,-0.0125012528,-0.14,0.9721707065
2016-02-08,0.421913341,0.08907287207,3.273705952,-0.0125012528,-0.14,0.9645081976
2016-02-09,0.4291939474,0.0929927538,2.406190157,-0.01191895731,-0.16,1.465369703
2016-02-10,0.4365764799,0.09693093963,1.77234105,-0.01910445914,-0.16,1.556117968
2016-02-11,0.4440642161,0.1008877773,1.282326474,-0.01461934606,-0.24,1.493611824
2016-02-12,0.4516605813,0.1048636216,2.323666633,-0.01550912933,-0.27,1.83285769
2016-02-13,0.4593691569,0.04188990437,2.289318477,-0.01452019386,-0.23,1.291766116
2016-02-14,0.4671936904,0.04188990437,2.256146593,-0.01452019386,-0.23,1.280910105
2016-02-15,0.9892344992,0.8699712758,2.224292302,-0.01452019386,-0.2,1.27018973
2016-02-16,0.9979388444,0.8661048227,1.214893236,-0.01452019386,-0.16,1.259606454
2016-02-17,1.006774286,0.8622570268,0.7031124958,-0.008814920435,-0.09,1.003969757
2016-02-18,1.015744617,0.8584276741,0.845005176,-0.01179458161,-0.05,0.6526453424
2016-02-19,1.024853789,0.8546165536,1.10013595,-0.01456567315,-0.02,0.5183185234
2016-02-20,1.034105917,0.02848333871,1.091577392,-0.01399374076,-0.03,0.2999231895
2016-02-21,1.043505289,0.02848333871,1.083099415,-0.01399374076,-0.03,0.2952977798
2016-02-22,2.111406473,1.70147541,1.560291152,-0.01194193167,-0.07,0.2906641486
2016-02-23,2.091438165,1.687601199,3.794051158,-0.01496975414,-0.05,0.06495489254
2016-02-24,2.071907542,1.674031268,3.675214258,-0.003816274395,-0.08,0.37076574
2016-02-25,2.052797944,1.660758098,4.229261013,0.005021073721,-0.12,0.3159551433
2016-02-26,2.03409359,1.647774646,3.843641856,-0.003248653685,-0.21,-0.001476751347
2016-02-27,2.015779517,-0.03760967446,3.720428661,0.0006763289251,-0.18,0.1306467621
2016-02-28,1.997841524,-0.03760967446,3.607438567,0.0006763289251,-0.18,0.1263695017
2016-02-29,1.597591659,-0.6702928666,2.129584577,-0.0005618905388,-0.17,0.1220779622
2016-03-01,1.588301487,-0.6674241635,1.717238779,0.001005896939,-0.21,0.2618609076
2016-03-02,1.579120811,-0.6645644458,2.352060533,-0.003160445087,-0.15,-0.3040128827
2016-03-03,1.570047285,-0.6617136286,1.889788379,-0.003398009362,-0.12,-0.4284405331
2016-03-04,1.561078633,-0.6588716279,2.211411169,-0.009195164971,-0.19,-0.508543744
2016-03-05,1.552212646,-0.02606030921,2.186485294,-0.01452766074,-0.12,-0.4798884493
2016-03-06,1.543447179,-0.02606030921,2.162216273,-0.01452766074,-0.12,-0.4829537655
2016-03-07,1.755068225,0.3474827282,1.97289536,-0.01452766074,-0.12,-0.4860335296
2016-03-08,1.740402971,0.3444791212,0.9007960907,-0.0163210048,-0.1,-0.3871361006
2016-03-09,1.725993889,0.3414780072,0.118591885,-0.008930876823,-0.16,-0.124638089
2016-03-10,1.711832937,0.3384793044,0.09781971928,-0.01284488413,-0.12,-0.1922758587
2016-03-11,1.697912423,0.335482931,0.1765087489,-0.01348505298,-0.05,-0.2511611018
2016-03-12,1.684224984,-0.04129943929,0.1765802904,-0.01943560573,-0.06,-0.5598798603
2016-03-13,1.670763569,-0.04129943929,0.1766518347,-0.01943560573,-0.06,-0.5595820466
2016-03-14,1.757962579,0.1359237004,0.1887373069,-0.01829328292,-0.02,-0.5592843436
2016-03-15,1.741888635,0.1342204152,-0.3940117199,-0.01758848104,0.03,-0.4754944652
2016-03-16,1.726118241,0.1325170445,-0.09310523248,-0.01416376752,0.08,-0.4921965003
2016-03-17,1.71064105,0.1308135734,-0.0343046592,-0.01006213012,0.04,-0.8560563525
2016-03-18,1.695447202,0.1291099864,0.3605550593,-0.03432519489,-0.01,-0.9594364557
2016-03-19,1.680527296,-0.04994590837,0.3572610934,-0.03471690327,-0.08,-1.038915109
2016-03-20,1.665872361,-0.04994590837,0.353969715,-0.03471690327,-0.08,-1.034959907
2016-03-21,2.497325082,1.508239614,1.144544792,-0.03362692114,-0.05,-1.031025919
2016-03-22,2.456588548,1.494418722,1.902830903,-0.02799612031,-0.07,-1.07631181
2016-03-23,2.417433306,1.480822702,1.73916986,-0.0264401805,-0.02,-1.002502173
2016-03-24,2.379754734,1.467444509,1.520227046,-0.01501922326,0,-0.8526969183
2016-03-25,2.343457667,1.454277395,1.506611739,-0.007303884011,-0.03,-0.8965322857
2016-03-26,2.308455323,-0.09683983724,1.493216233,-0.007714044995,-0.03,-0.9010698908
2016-03-27,2.274668376,-0.09683983724,1.480033731,-0.007714044995,-0.03,-0.9056417858
2016-03-28,1.523078653,-1.502637927,0.8164843083,-0.007566024015,-0.09,-0.9102484865
2016-03-29,1.509078396,-1.491250428,0.04071455994,-0.01319225674,-0.04,-0.8147164567
2016-03-30,1.49530812,-1.480023587,-0.3450356289,-0.009367873141,-0.19,-1.102714914
2016-03-31,1.481760539,-1.46895315,-0.4296239415,-0.01947178015,-0.27,-1.157858008
2016-04-01,1.46842868,-1.458035019,-0.4393022917,-0.01630466883,-0.28,-1.081778659
2016-04-02,1.455305862,-0.07061748021,-0.4491789716,-0.01291647649,-0.27,-1.251818618
2016-04-03,1.442385687,-0.07061748021,-0.4592629726,-0.01291647649,-0.27,-1.250544847
2016-04-04,2.656694257,2.340891061,-0.6797258456,-0.01668110919,-0.28,-1.249273417
2016-04-05,2.612060077,2.311077845,-0.8410566204,-0.01915338791,-0.33,-1.041783063
2016-04-06,2.569288119,2.282243353,-0.6473827116,-0.0162100236,-0.22,-0.7833231457
2016-04-07,2.52824867,2.254336661,-0.2945460518,0.0008121689529,-0.17,-1.053925207
2016-04-08,2.488824406,2.227310677,-0.2962597115,0.004414847075,-0.15,-0.6420281305
2016-04-09,2.450908912,-0.1429463324,-0.2979767022,0.0001911228422,-0.13,-0.8088463076
2016-04-10,2.41440541,-0.1429463324,-0.2996970476,0.0001911228422,-0.13,-0.8138856549
2016-04-11,1.571551312,-1.798815741,-0.3422254981,-0.002850898977,-0.14,-0.8189683422
2016-04-12,1.557197762,-1.780545549,-0.1857813063,-0.007328430864,-0.14,-0.6402317387
2016-04-13,1.543095248,-1.762658092,-0.3506442533,-0.01552077011,-0.08,-0.9319733039
2016-04-14,1.529235859,-1.745138883,-0.9718748349,-0.0149567146,-0.13,-1.14176312
2016-04-15,1.515612042,-1.727974191,-1.192944978,-0.01432139988,-0.1,-1.166309868
2016-04-16,1.502216582,-0.1049578887,-1.194247552,-0.01410488343,-0.14,-1.187302543
2016-04-17,1.489042583,-0.1049578887,-1.195552677,-0.01410488343,-0.14,-1.187760758
2016-04-18,1.621292314,0.1913044768,-0.6961704388,-0.01045728274,-0.13,-1.188219286
2016-04-19,1.605519563,0.1925951044,-0.6964679264,-0.01243023481,0.01,-1.246168461
2016-04-20,1.590036584,0.1938871326,-1.016569574,-0.008635572316,0.01,-1.267820775
2016-04-21,1.574833405,0.1951805699,-0.6736398937,-0.00478988638,0.07,-1.258908477
2016-04-22,1.559900521,0.1964754249,-0.4498417314,-0.004029095802,0.07,-1.122039261
2016-04-23,1.545228872,-0.09911834272,-0.4478923617,-0.0005856876435,0.08,-1.273031144
2016-04-24,1.53080981,-0.09911834272,-0.4459460273,-0.0005856876435,0.08,-1.273884554
2016-04-25,1.587626441,0.04543894271,-0.8230704263,-0.001500017663,0.11,-1.274739037
2016-04-26,1.572934128,0.04349587693,-0.9779955206,-0.006861785452,0.12,-1.099660608
2016-04-27,1.55850275,0.04155142753,-0.4757021452,-0.00710274692,0.1,-1.124716599
2016-04-28,1.544323911,0.03960556954,-0.4749388887,-0.009372553829,0.07,-1.161253777
2016-04-29,1.530389599,0.03765827789,-0.372281572,-0.01092633396,-0.02,-0.8581954516
2016-04-30,1.516692164,-0.1091362228,-0.3707818929,-0.01443471504,-0.02,-0.7533504069
2016-05-01,1.5032243,-0.1091362228,-0.3692837875,-0.01443471504,-0.02,-0.747238587
2016-05-02,2.487387431,1.998157727,-0.3670396391,-0.01044229731,-0.05,-0.741160089
2016-05-03,2.448391146,1.975964127,1.207712291,-0.01042653165,-0.02,-0.9709279192
2016-05-04,2.410867327,1.954313307,1.201660402,-0.007102546131,-0.04,-0.7734071782
2016-05-05,2.374721813,1.933181876,1.235491329,-0.001578482533,-0.08,-0.6681541123
2016-05-06,2.3398687,1.912547834,1.386225506,0.0004392281563,-0.07,-0.6935724141
2016-05-07,2.306229435,-0.1384022614,1.376676232,0.001695202884,-0.02,-0.9567169838
2016-05-08,2.27373202,-0.1384022614,1.367242162,0.001695202884,-0.02,-0.949789827
2016-05-09,1.58916554,-1.554769262,1.669096749,0.0035539853,-0.03,-0.9429263215
2016-05-10,1.573764191,-1.539987533,0.4418724139,0.01526745499,-0.01,-0.9723698859
2016-05-11,1.558637152,-1.525459369,0.5922217449,0.01307126807,-0.08,-1.190542652
2016-05-12,1.5437751,-1.511176397,0.7216286908,0.003889732944,-0.1,-0.935261848
2016-05-13,1.529169137,-1.497130616,0.6714119948,0.004176603942,-0.1,-0.9941444411
2016-05-14,1.514810772,-0.09155244146,0.6669569996,0.009244047387,-0.12,-0.8400198276
2016-05-15,1.500691894,-0.09155244146,0.6625188501,0.009244047387,-0.12,-0.8349263057
2016-05-16,2.232002453,1.552205402,0.7276877656,0.009670876196,-0.13,-0.8299316633
2016-05-17,2.201085668,1.545969068,0.5504276968,0.01250209568,-0.12,-0.9124767763
2016-05-18,2.171147003,1.539783714,0.6936995014,0.01127372932,-0.04,-0.688600229
2016-05-19,2.142132763,1.533648584,0.5169674432,0.02091932595,0.14,-0.5892669957
2016-05-20,2.113993293,1.527562935,0.5833265822,0.03129450855,0.17,-0.4893821005
2016-05-21,2.086682597,-0.1006303918,0.5783823276,0.03082679546,0.17,-0.7633651321
2016-05-22,2.060157995,-0.1006303918,0.5734499514,0.03082679546,0.17,-0.7568834698
2016-05-23,1.216555888,-1.979968001,0.7465936783,0.03231036799,0.09,-0.7504274632
2016-05-24,1.206875127,-1.962065814,0.9435673307,0.02672517609,0.13,-0.5895956736
2016-05-25,1.197302738,-1.944527019,0.3967734357,0.02087363812,0.15,-0.9329559957
2016-05-26,1.187836055,-1.927338676,0.3936243049,0.01776460269,0.16,-1.054948225
2016-05-27,1.178472494,-1.910488481,0.1118976905,0.01375066701,0.07,-1.163210254
2016-05-28,1.169209552,-0.07369386038,0.109888572,0.01542035204,0.09,-1.230640169
2016-05-29,1.160044805,-0.07369386038,0.1078787082,0.01542035204,0.09,-1.220649171
2016-05-30,1.370430466,0.4176616888,0.1058680729,0.01023555476,0.09,-1.210773684
2016-05-31,1.358980112,0.411747795,-0.4468420572,0.01136682533,0.12,-1.201047126
2016-06-01,1.347690227,0.4058149251,-0.6460657085,0.0194685194,0.16,-0.9272034248
2016-06-02,1.336556538,0.3998618406,-0.2837857701,0.01597654786,0.16,-0.9173557274
2016-06-03,1.325574933,0.393887261,-0.01123699959,0.0108249642,0.14,-1.051505162
2016-06-04,1.314741459,-0.114352806,-0.01217989497,0.001734798714,0.06,-1.083387602
2016-06-05,1.304052313,-0.114352806,-0.01312303457,0.001734798714,0.06,-1.075394883
2016-06-06,1.433132001,0.2141930678,0.3685543523,0.002910322646,0.04,-1.067484795
2016-06-07,1.420432527,0.2157001835,0.3506425822,0.00128548242,0.04,-1.018946117
2016-06-08,1.407922648,0.2172094282,0.3501686893,-0.00593455576,-0.11,-0.9129635109
2016-06-09,1.395596755,0.2187208163,0.2220069979,-0.01818982101,-0.17,-0.8988503577
2016-06-10,1.38344946,0.2202343624,0.3271633777,-0.01395408541,-0.17,-0.7482475089
2016-06-11,1.37147559,-0.1077021534,0.326980091,-0.009622738723,-0.17,-0.1278965672
2016-06-12,1.359670172,-0.1077021534,0.3267968331,-0.009622738723,-0.17,-0.1240774448
2016-06-13,1.035635415,-0.8438193774,0.3379767279,-0.01052064408,-0.18,-0.1202488552
2016-06-14,1.028368438,-0.8370997344,0.4972039943,-0.0070139067,-0.16,0.8983941224
2016-06-15,1.021161739,-0.8304188832,0.6376702136,-0.001938500946,-0.12,0.7750336421
2016-06-16,1.014014114,-0.8237760021,0.7579482665,-0.001168922741,-0.12,0.6795623083
2016-06-17,1.006924389,-0.8171702892,0.4783836005,0.001360608553,-0.12,0.4783122899
2016-06-18,0.9998914183,-0.06274346461,0.474275113,-0.004898190792,-0.07,0.4860407116
2016-06-19,0.9929140848,-0.06274346461,0.4701731344,-0.004898190792,-0.07,0.4834397508
2016-06-20,2.141636016,2.728273704,0.3889865319,-0.004898190792,-0.07,0.4808439229
2016-06-21,2.113159273,2.678166235,0.2951864117,-0.01386047554,-0.06,0.2102820862
2016-06-22,2.085528736,2.630315725,0.3600454901,-0.01293147908,-0.03,0.2378132657
2016-06-23,2.058700381,2.584551335,0.4447200801,-0.01501292946,-0.02,0.9271453077
2016-06-24,2.032633322,2.540719846,0.3386563474,-0.0106159894,0.05,-0.08389790731
2016-06-25,2.007289534,-0.1239247879,0.3395875155,0.006194978514,-0.04,2.08147476
2016-06-26,1.982633595,-0.1239247879,0.3405196198,0.006194978514,-0.04,2.054822164
2016-06-27,1.081987097,-2.239445833,1.096920003,0.00814532116,-0.04,2.028922368
2016-06-28,1.076207304,-2.217776806,1.791390872,0.02068157253,-0.03,1.533263899
2016-06-29,1.07047054,-2.196821319,1.563664536,0.02325857869,-0.03,0.2509168229
2016-06-30,1.064776129,-2.176553927,1.491061243,0.0112360871,-0.02,-0.278558457
2016-07-01,1.059123407,-2.156951179,1.477327434,0.009532621619,-0.03,-0.5336344899
2016-07-02,1.053511725,-0.04018656046,1.463813056,0.004934173517,-0.09,-0.7501283332
2016-07-03,1.04794045,-0.04018656046,1.450511219,0.004934173517,-0.09,-0.7506212148
2016-07-04,1.760940485,1.698114735,1.437738254,0.001321033581,-0.12,-0.7511144551
2016-07-05,1.743166009,1.680637008,0.5900276417,-0.002962067321,-0.14,-0.7503280109
2016-07-06,1.7257551,1.663507928,1.420789983,0.005869347957,-0.16,-0.5470040212
2016-07-07,1.708694221,1.646714548,1.39330505,0.002754050218,-0.2,-0.7037735235
2016-07-08,1.69197053,1.630244576,1.010741174,0.009363131337,-0.23,-0.7542917126
2016-07-09,1.675571831,-0.08356169927,1.002878297,0.007738502975,-0.26,-1.14271545
2016-07-10,1.659486533,-0.08356169927,0.9950787124,0.007738502975,-0.26,-1.1389225
2016-07-11,1.594357452,-0.2099308821,1.145883551,0.01377297412,-0.3,-1.135149529
2016-07-12,1.583601371,-0.2038163786,0.9246850198,0.01367202455,-0.27,-1.048869084
2016-07-13,1.572990004,-0.1976558697,-1.449995638,0.01211630424,-0.18,-1.044437494
2016-07-14,1.562519792,-0.1914474456,-1.437768358,0.01600370028,-0.21,-1.166909244
2016-07-15,1.5521873,-0.1851891124,-1.360082306,-0.003266583731,-0.07,-1.217002037
2016-07-16,1.541989207,-0.04934599044,-1.371957199,0.001318048254,-0.04,-1.250522203
2016-07-17,1.531922303,-0.04934599044,-1.384050911,0.001318048254,-0.04,-1.246751613
2016-07-18,0.7221951542,-2.139784433,-1.551419962,-0.007485187408,-0.01,-1.243000829
2016-07-19,0.7170390922,-2.154719269,-1.437915929,-0.004507137187,0.01,-1.291796636
2016-07-20,0.7119052953,-2.169918359,-0.58861404,0.006957823059,0.02,-1.399940992
2016-07-21,0.7067933479,-2.185389903,-0.5976878901,0.004569291862,0.04,-1.439379346
2016-07-22,0.7017028398,-2.20114246,-0.5861523985,0.008714663294,0.02,-1.192983915
2016-07-23,0.6966333668,-0.06298046292,-0.5912201201,0.01198467724,0.03,-1.356989297
2016-07-24,0.6915845301,-0.06298046292,-0.5963324926,0.01198467724,0.03,-1.345295784
2016-07-25,1.346962524,1.70076576,-0.5999700976,0.01198467724,0.03,-1.333761169
2016-07-26,1.335572675,1.685720776,-0.9839411433,0.006718370157,0.11,-1.120091756
2016-07-27,1.324336357,1.670985174,-1.2300726,0.004580438905,0.12,-1.068836144
2016-07-28,1.31324939,1.656549663,-1.225736962,0.00568053119,0.06,-1.115286979
2016-07-29,1.302307746,1.642405447,-1.106485403,0.00305170188,0.06,-1.134758585
2016-07-30,1.291507548,-0.1246735233,-1.102628618,-0.004646950122,0.03,-1.331054982
2016-07-31,1.280845053,-0.1246735233,-1.098792367,-0.004646950122,0.03,-1.32356535
2016-08-01,1.403278,0.2314921202,-0.8819308105,-0.005788915214,-0.04,-1.316149089
2016-08-02,1.391619787,0.2286288984,-0.3042845641,-0.001199712426,-0.02,-1.174867294
2016-08-03,1.380133307,0.2257652709,0.2791225587,-0.002804691029,0.08,-0.9504976603
2016-08-04,1.368814039,0.2229011624,0.2560458349,0.001545148395,0.01,-1.067161246
2016-08-05,1.357657649,0.2200364976,0.4528816112,-0.003280986576,-0.07,-1.165968409
2016-08-06,1.346659977,-0.1397727087,0.4475488138,0.0006732969195,-0.02,-1.400575541
2016-08-07,1.335817031,-0.1397727087,0.4422125011,0.0006732969195,-0.02,-1.392434874
2016-08-08,0.6943634839,-1.836229686,0.6176672739,0.001003151106,-0.01,-1.384380272
2016-08-09,0.6881261833,-1.822715351,-0.1011816439,-0.004371526483,-0.04,-1.349681925
2016-08-10,0.6819058063,-1.809418219,-0.5081161009,-0.008451794242,-0.07,-1.306192038
2016-08-11,0.6757015449,-1.796332102,-0.5000657457,-0.01154373095,0.01,-1.208869427
2016-08-12,0.6695125907,-1.783451053,-0.730868241,-0.01587411164,0.04,-1.284400232
2016-08-13,0.6633381342,-0.116988999,-0.7422138652,-0.01602191364,0.01,-1.307729593
2016-08-14,0.6571773642,-0.116988999,-0.7538133449,-0.01602191364,0.01,-1.301140368
2016-08-15,0.6113163968,-0.2188399143,-1.854188989,-0.01766856573,-0.01,-1.294608805
2016-08-16,0.6052283264,-0.2193765545,-1.497028522,-0.01891131468,0.03,-1.228015812
2016-08-17,0.5991456541,-0.2199134096,-1.339941334,-0.02462086082,0.1,-1.032068662
2016-08-18,0.5930674833,-0.2204504801,-1.597605998,-0.01590749632,0.09,-1.125597846
2016-08-19,0.586992905,-0.2209877666,-1.677776921,-0.0139496219,0.09,-1.287430187
2016-08-20,0.5809209971,-0.1196004445,-1.670041386,-0.009454386184,0.13,-1.298776083
2016-08-21,0.5748508231,-0.1196004445,-1.662381712,-0.009454386184,0.13,-1.289886825
2016-08-22,0.5214340669,-0.2332243696,-0.9714375894,-0.01035403217,0.05,-1.281143556
2016-08-23,0.5153213624,-0.2310716973,-0.8298674937,-0.006379775208,-0.03,-1.060940146
2016-08-24,0.5091983013,-0.2289197208,-0.933385719,-0.008937672132,-0.02,-1.02763674
2016-08-25,0.5030635981,-0.2267684101,-0.670256236,-0.005531881814,0.04,-0.7786306134
2016-08-26,0.4969159239,-0.2246177349,-0.6729480834,-0.01055813113,0,-0.732343554
2016-08-27,0.4907539035,-0.1087848868,-0.6757264791,-0.01028311954,0.06,-0.7217774397
2016-08-28,0.4845761118,-0.1087848868,-0.6785172134,-0.01028311954,0.06,-0.7157902267
2016-08-29,1.495377629,2.255373347,-0.6733838808,-0.008400686251,0.07,-0.7098257513
2016-08-30,1.486684577,2.223261894,-0.8096527669,0.001391847622,0.05,-0.8656341812
2016-08-31,1.47823457,2.192195777,-0.8744373168,0.008704338156,0.05,-0.8203614421
2016-09-01,1.47002838,2.16211598,-1.582758277,0.01086555739,0.01,-0.7494040409
2016-09-02,1.462067263,2.132968051,-1.776219398,0.008945958174,0.05,-0.7330065597
2016-09-03,1.45435298,-0.1539175325,-1.757291808,0.007395301438,0.06,-1.06798726
2016-09-04,1.446887825,-0.1539175325,-1.73876969,0.007395301438,0.06,-1.06229909
2016-09-05,1.296384057,-0.4633913619,-1.720471627,0.009733937246,0.03,-1.056652479
2016-09-06,1.289144144,-0.4605580725,-1.711996574,0.01422989328,0,-1.049921828
2016-09-07,1.282084246,-0.4577300241,-0.8892434373,0.0001388063912,-0.03,-1.035095386
2016-09-08,1.275206248,-0.4549071465,-0.8396703041,0.005967543381,-0.03,-1.046050532
2016-09-09,1.268512418,-0.4520893697,-0.2023302793,0.004012045159,-0.01,-0.9118938939
2016-09-10,1.262005434,-0.1402876483,-0.2051300577,0.01057245189,0.07,0.2060229664
2016-09-11,1.255688415,-0.1402876483,-0.2079389888,0.01057245189,0.07,0.2066913305
2016-09-12,0.4993076098,-1.705596119,-0.5235160652,0.008902726764,0.09,0.2073600263
2016-09-13,0.4931747162,-1.690957926,-0.5252802219,0.01090846158,0.1,-0.3123933617
2016-09-14,0.487028526,-1.676575615,-1.607938733,0.01100580615,0.16,0.2926381606
2016-09-15,0.4808677871,-1.662441073,-1.580945058,0.01165035269,0.12,0.3604256715
2016-09-16,0.4746912177,-1.648546542,-1.68895392,0.01143669039,0.07,-0.04580209099
2016-09-17,0.4684975064,-0.1104590159,-1.67554291,0.01774224732,0.04,-0.2487425983
2016-09-18,0.462285312,-0.1104590159,-1.662349591,0.01774224732,0.04,-0.2409683506
2016-09-19,0.2729059581,-0.4550449482,-0.4554492035,0.01161091372,0.08,-0.233069371
2016-09-20,0.2653456848,-0.4527297255,-0.4527831916,0.005434008236,0.09,-0.1886775436
2016-09-21,0.2576745584,-0.4504184667,-0.4151340459,0.00694995534,0.09,-0.09081201111
2016-09-22,0.2498849828,-0.448111132,-0.08601675668,0.007228992996,0.03,-0.7066305429
2016-09-23,0.241968669,-0.4458076816,0.4841440782,0.002306231468,-0.05,-1.006140955
2016-09-24,0.2339165469,-0.09958071571,0.4826019835,0.006390127222,-0.08,-0.9383493139
2016-09-25,0.2257186598,-0.09958071571,0.4810621411,0.006390127222,-0.08,-0.9356805351
2016-09-26,0.9702889316,1.206204559,-0.109883996,0.006390127222,-0.08,-0.9332924958
2016-09-27,0.9651419145,1.202599996,-0.1090885259,0.01577036318,-0.01,-0.3754139649
2016-09-28,0.9601260385,1.199013598,-0.004597212114,0.01423606199,0.01,-0.7254857208
2016-09-29,0.9552461374,1.195445188,-0.329834722,0.01229003181,-0.08,-0.9067845062
2016-09-30,0.9505075954,1.191894591,-0.6998995533,0.002678860841,-0.15,-0.4765590419
2016-10-01,0.9459164073,-0.1068906066,-0.6961899158,0.002603852738,-0.17,-0.6635744492
2016-10-02,0.9414792486,-0.1068906066,-0.6924944406,0.002603852738,-0.17,-0.6574659172
2016-10-03,0.3062142544,-1.12942965,-0.7718339043,0.001140420645,-0.17,-0.6513719037
2016-10-04,0.2986318876,-1.125036123,-0.7681660729,-0.0001155342972,-0.24,-0.5703588231
2016-10-05,0.2909328109,-1.12066897,-0.6462931515,0.001690261568,-0.14,-0.5479715887
2016-10-06,0.2831079042,-1.116327875,-0.6608494533,0.002838845507,-0.12,-0.7170709843
2016-10-07,0.275147064,-1.112012525,-0.6576369632,-0.001501195036,-0.08,-0.7523589738
2016-10-08,0.2670390495,-0.09472302715,-0.6544350906,0.001016112002,-0.09,-0.5693453209
2016-10-09,0.2587712975,-0.09472302715,-0.651243721,0.001016112002,-0.09,-0.563482581
2016-10-10,-0.2740350566,-0.8456641508,0.05346558727,0.003441006882,-0.1,-0.5576228626
2016-10-11,-0.2851642415,-0.8388411432,0.05661619153,0.0009427060877,-0.1,-0.5796650602
2016-10-12,-0.2965902505,-0.8320552325,0.0594336789,0.004088182241,-0.02,-0.01849749175
2016-10-13,-0.3083314403,-0.8253054722,0.08230009313,0.01322831447,0.07,0.143707613
2016-10-14,-0.3204078044,-0.8185909299,0.2398865966,0.008048503947,0.07,0.3729299675
2016-10-15,-0.3328411686,-0.05838298823,0.2455164042,0.008830110206,0.08,0.2208633571
2016-10-16,-0.345655415,-0.05838298823,0.2511999952,0.008830110206,0.08,0.2316340141
2016-10-17,-0.9991454077,-0.9101807137,-0.1736690678,0.008878443314,0.08,0.242685453
2016-10-18,-1.016263351,-0.9051203105,-0.0666830244,0.008860832597,0.05,0.2863393803
2016-10-19,-1.033928844,-0.9000903534,-0.06340806627,0.004537047971,0.08,0.02076813636
2016-10-20,-1.052175188,-0.8950903953,-0.06152383695,0.006828874705,0.06,-0.2379734662
2016-10-21,-1.071038612,-0.8901199974,-0.04084572798,0.01000895088,0.08,-0.4427996964
2016-10-22,-1.090558618,-0.04015655882,-0.03583009351,0.01444609212,0.07,-0.5735532654
2016-10-23,-1.110778367,-0.04015655882,-0.0307839491,0.01444609212,0.07,-0.5709684881
2016-10-24,-1.377054206,-0.3488516528,-1.204862349,0.01238848541,0.07,-0.5687601937
2016-10-25,-1.390021522,-0.3453909614,-1.295338282,0.01064461525,0.04,-0.6814059112
2016-10-26,-1.403249535,-0.3419321187,-1.100456289,0.007850553129,-0.03,-0.519241652
2016-10-27,-1.416747824,-0.338474996,-1.894745272,0.007136751305,-0.03,-0.2242568025
2016-10-28,-1.430526473,-0.3350194643,-2.032683606,0.008017371118,0.03,0.205408096
2016-10-29,-1.444596103,-0.02224589732,-2.007289654,0.007075552888,0.03,0.5301842568
2016-10-30,-1.45896791,-0.02224589732,-1.982585685,0.007075552888,0.03,0.5416285169
2016-10-31,0.1114278098,1.819742349,-1.063704242,0.007075552888,0.03,0.5533541613
2016-11-01,0.1058701556,1.810347051,-1.061842259,0.005048212323,-0.02,0.8990343991
2016-11-02,0.1002744082,1.801059439,-1.092087064,0.002174176793,-0.04,1.499038066
2016-11-03,0.09463930626,1.791877328,-0.2613588052,0.002612128797,-0.01,1.808158094
2016-11-04,0.08896354359,1.782798595,0.01705879829,0.0004792814121,0.01,2.862496254
2016-11-05,0.08324576689,-0.03426652254,0.03101382096,-0.001135325327,-0.02,2.994970481
2016-11-06,0.07748457328,-0.03426652254,0.04566980355,-0.001135325327,-0.02,2.960561268
2016-11-07,0.4005630778,0.3318988244,0.053941979,0.0002994307293,0.02,2.92718377
2016-11-08,0.3941830517,0.3287357288,0.06047038032,0.003579657997,0.03,1.497845149
2016-11-09,0.3877662371,0.3255744767,-0.1052448944,0.002184783118,0.07,1.504590456
2016-11-10,0.3813103625,0.3224149712,0.253162202,0.01139561194,0.17,-0.1485625337
2016-11-11,0.3748130371,0.3192571155,-0.9136692889,0.01787509383,0.2,-0.008588317904
2016-11-12,0.3682717405,-0.05056888242,-0.9093391263,0.01787509383,0.2,-0.2219705173
2016-11-13,0.3616838121,-0.05056888242,-0.9051685768,0.01787509383,0.2,-0.2181599887
2016-11-14,0.3377549534,-0.06819836593,-1.38073938,0.01827202695,0.16,-0.2143441939
2016-11-15,0.3313613948,-0.0670682186,-1.745906758,0.03117871993,0.33,-0.09162592983
2016-11-16,0.3249239111,-0.06593796255,-1.826621904,0.02600140054,0.33,-0.5109658396
2016-11-17,0.3184401454,-0.06480759337,-2.223651623,0.02282315731,0.26,-0.3706114296
2016-11-18,0.3119076192,-0.06367710662,-1.714927232,0.02455976742,0.29,-0.507746402
2016-11-19,0.3053237235,-0.04490937868,-1.697812228,0.03068108413,0.31,-0.6958013868
2016-11-20,0.2986857076,-0.04490937868,-1.681035692,0.03068108413,0.31,-0.6902455646
2016-11-21,-2.155237186,-2.512045682,-1.558756685,0.03135272429,0.33,-0.684710521
2016-11-22,-2.14763348,-2.471016762,-1.613730286,0.03056982319,0.31,-0.8444951003
2016-11-23,-2.140094939,-2.431588002,-1.756211948,0.03098824971,0.3,-0.8416344963
2016-11-24,-2.132620598,-2.393653171,-1.738989004,0.03752601823,0.3,-0.8288496764
2016-11-25,-2.125209507,-2.357115673,-2.497155802,0.03920311878,0.33,-0.8246438304
2016-11-26,-2.117860738,0.006980652631,-2.456270816,0.03906577404,0.36,-0.855665146
2016-11-27,-2.110573383,0.006980652631,-2.416977338,0.03906577404,0.36,-0.851926678
2016-11-28,-0.4092318139,1.666830062,-2.450281042,0.03941809496,0.35,-0.8482055998
2016-11-29,-0.4105478486,1.658880139,-2.107373692,0.03906472718,0.32,-0.5352966778
2016-11-30,-0.4118660549,1.651010393,-1.692307454,0.02570630434,0.19,-0.6290546242
2016-12-01,-0.4131864437,1.643219372,-1.516230641,0.01575072776,0.16,-0.461137762
2016-12-02,-0.4145090262,1.63550566,-1.545182022,0.01489336927,0.21,-0.1757675095
2016-12-03,-0.4158338133,-0.005173978312,-1.534680303,0.01185207547,0.22,-0.1556055045
2016-12-04,-0.4171608161,-0.005173978312,-1.524417689,0.01185207547,0.22,-0.1546549353
2016-12-05,-0.2600498853,0.1482557896,-1.09302567,0.0007430187376,0.09,-0.1537045692
2016-12-06,-0.267206739,0.1441318758,-1.106521909,0.002812308388,0.04,-0.9083019577
2016-12-07,-0.2744620565,0.1399963332,-1.100281799,0.0009956663259,0.05,-1.037379861
2016-12-08,-0.2818192655,0.1358488338,-1.424839976,-0.00190940261,0,-0.8696317316
2016-12-09,-0.2892819587,0.1316890439,-0.7286848419,-0.004769817405,0.01,-0.7064098898
2016-12-10,-0.2968539039,-0.02728982162,-0.7261605428,-0.002637898661,0.07,-1.042663991
2016-12-11,-0.3045390553,-0.02728982162,-0.7236439841,-0.002637898661,0.07,-1.038950872
2016-12-12,-0.7125267001,-0.4039689046,-0.9383161664,-0.001641183491,0.09,-1.03525662
2016-12-13,-0.7088916606,-0.3978419851,-0.993689311,-0.004552544555,0.1,-0.6940272756
2016-12-14,-0.7052706488,-0.39168812,-0.9899358661,-0.01044345943,0.09,-0.6591715776
2016-12-15,-0.7016634991,-0.3855056755,-1.030104001,-0.01103395925,0.16,-0.4792081585
2016-12-16,-0.6980700485,-0.3792929496,-1.302342998,0.006670055923,0.23,-0.6259398855
2016-12-17,-0.6944901358,0.0139736597,-1.293040979,0.002867310625,0.27,-0.8440574798
2016-12-18,-0.690923602,0.0139736597,-1.283846562,0.002867310625,0.27,-0.8383340342
2016-12-19,-1.007854612,-0.2935585562,-1.415773947,0.005356423886,0.27,-0.8326437213
2016-12-20,-1.009710703,-0.2980217824,-1.908040295,0.006319914318,0.24,-1.010034222
2016-12-21,-1.011572168,-0.3025161846,-1.887177507,0.007357112045,0.24,-1.100541467
2016-12-22,-1.013439037,-0.307042366,-1.674768854,0.007791664754,0.16,-1.161476393
2016-12-23,-1.015311341,-0.311600945,-1.214071039,0.01286573536,0.11,-1.095413235
2016-12-24,-1.01718911,-0.004238600299,-1.211275918,0.01256482735,0.09,-1.086012185
2016-12-25,-1.019072376,-0.004238600299,-1.20849187,0.01256482735,0.09,-1.080402588
2016-12-26,-3.450763228,-2.406731591,-1.202166549,0.01438760453,0.13,-1.07483387
2016-12-27,-3.368374945,-2.369462945,-0.8530785594,0.01593448652,0.14,-1.06983602
2016-12-28,-3.291087169,-2.33354981,-0.3478242808,0.01952996434,0.16,-0.8625050944
2016-12-29,-3.218383656,-2.298907661,-0.3479507511,0.01877936679,0.11,-0.505419019
2016-12-30,-3.149818615,-2.265459184,-0.1101946794,0.01176892894,0.04,-0.3485617548
2016-12-31,-3.085004801,0.04606762144,-0.11036713,0.009065221506,-0.01,-0.101105642
2017-01-01,-3.023603977,0.04606762144,-0.1105395917,0.009065221506,-0.01,-0.1023453721
2017-01-02,-3.055616759,-0.05524477259,-0.1122985739,0.01223526957,-0.01,-0.1035860284
2017-01-03,-2.994031054,-0.05442360915,-0.1943100285,0.01321628145,-0.03,-0.1035264662
2017-01-04,-2.935596599,-0.05360241587,-0.7504654877,0.02019219896,-0.13,-0.5437054261
2017-01-05,-2.880046147,-0.05278119108,-0.6691500789,0.0006152825755,-0.23,-0.9107572619
2017-01-06,-2.827143213,-0.0519599331,-0.6850527816,-0.003028935842,-0.32,-0.9706557149
2017-01-07,-2.776677662,0.05019459581,-0.6820643703,-7.51953389e-05,-0.28,-1.091747111
2017-01-08,-2.728462047,0.05019459581,-0.6790857852,-7.51953389e-05,-0.28,-1.083375809
2017-01-09,-1.823148465,1.097358231,-0.6761169304,-0.0003209798332,-0.22,-1.07508218
2017-01-10,-1.803102924,1.102172874,-1.166462492,-0.001845233078,-0.24,-0.9803351943
2017-01-11,-1.783507909,1.107024641,-0.6077345725,-0.000357561498,-0.21,-0.9985744961
2017-01-12,-1.76434503,1.111914079,-0.601630212,0.001691621592,-0.21,-1.074476651
2017-01-13,-1.745596923,1.116841743,-0.5764936478,-0.008296460177,-0.2,-0.9645031699
2017-01-14,-1.727247184,0.06064145992,-0.570399571,-0.006711251195,-0.17,-1.070513366
2017-01-15,-1.709280293,0.06064145992,-0.5643046276,-0.006711251195,-0.17,-1.063133267
2017-01-16,-2.385880385,-0.823782692,-0.5583814403,-0.006711251195,-0.17,-1.055817149
2017-01-17,-2.35046447,-0.8251719674,-0.3453145856,-0.00808907227,-0.17,-1.048736414
2017-01-18,-2.316286647,-0.8265642308,0.2664773115,-0.01647984366,-0.2,-0.8129757962
2017-01-19,-2.283272733,-0.8279594957,0.270899799,-0.007917332765,-0.13,-0.5884031954
2017-01-20,-2.251354634,-0.8293577757,0.2750912404,-0.000239973096,-0.07,-0.4772134091
2017-01-21,-2.220469716,0.05691709701,0.2793090925,-0.000239973096,-0.06,-0.9196983256
2017-01-22,-2.190560254,0.05691709701,0.2835538367,-0.000239973096,-0.06,-0.9133687011
2017-01-23,-2.262232357,-0.07704358638,0.3736169783,-0.000239973096,-0.06,-0.907081848
2017-01-24,-2.230842475,-0.07167322374,0.0136165097,-0.01547061348,-0.08,-0.8190027477
2017-01-25,-2.200462769,-0.06626698764,-0.1953422856,-0.01538270008,-0.06,-1.062795224
2017-01-26,-2.171037329,-0.06082377416,-0.5548347809,-0.009020346627,0.03,-1.146973993
2017-01-27,-2.142514502,-0.05534244253,-0.5492053253,-0.009065522034,-0.03,-1.201629682
2017-01-28,-2.11484648,0.08652622673,-0.5435803146,-0.01078162561,-0.05,-1.209876809
2017-01-29,-2.087988946,0.08652622673,-0.537959099,-0.01078162561,-0.05,-1.20032034
2017-01-30,-2.086658602,0.04489088688,-0.617386723,-0.01129623827,-0.02,-1.190869683
2017-01-31,-2.061078441,0.03917111636,-0.4611419455,-0.01523638713,-0.01,-0.722975434
2017-02-01,-2.036198028,0.03340538341,-0.2396546239,-0.02350659837,0.01,-0.6798556119
2017-02-02,-2.011983822,0.02759220571,0.929606652,-0.01195839392,0.05,-0.7400350894
2017-02-03,-1.988404493,0.0217300449,1.037606095,-0.01767461886,0.02,-0.6947113448
2017-02-04,-1.965430735,0.05845647961,1.035114902,-0.02002315482,0.03,-1.029963437
2017-02-05,-1.943035104,0.05845647961,1.032632505,-0.02002315482,0.03,-1.0249338
2017-02-06,-0.5508016783,2.192738841,1.271806874,-0.02002315482,0.03,-1.019936979
2017-02-07,-0.5474620197,2.166210866,1.565802935,-0.01036280034,0.04,-0.8752994926
2017-02-08,-0.5441309672,2.140423859,2.14880632,-0.01117867015,-0.02,-0.8979765011
2017-02-09,-0.540808404,2.11534198,1.742034427,-0.01842489152,-0.05,-0.836775353
2017-02-10,-0.5374942142,2.090931774,1.621008458,-0.01700668198,-0.03,-1.030763647
2017-02-11,-0.534188283,0.02283112018,1.609217128,-0.01834206403,-0.04,-1.035432043
2017-02-12,-0.5308904967,0.02283112018,1.597597533,-0.01834206403,-0.04,-1.029639014
2017-02-13,-0.6880562284,-0.2171910067,1.6431218,-0.009380978252,0.01,-1.023888115
2017-02-14,-0.683273806,-0.2152235448,1.626336033,-0.006056303374,0.02,-0.9421054073
2017-02-15,-0.6785102837,-0.2132566626,1.03935667,-0.004623061431,0.01,-1.049858415
2017-02-16,-0.6737653274,-0.2112903372,0.8301988462,-0.009041871951,0.02,-0.6202126474
2017-02-17,-0.6690386075,-0.2093245454,0.8304911035,-0.009112224372,0.02,-0.6884543185
2017-02-18,-0.6643297983,0.03275112084,0.8307834884,-0.005722900571,0,-0.7753488369
2017-02-19,-0.6596385787,0.03275112084,0.831076001,-0.005722900571,0,-0.7688390667
2017-02-20,-0.8201287763,-0.2163539069,0.8314618074,-0.002818409612,-0.01,-0.762356746
2017-02-21,-0.815573178,-0.2177986088,0.3883556195,0.001543569707,0.01,-0.7582081942
2017-02-22,-0.8110408294,-0.2192452504,0.1106464689,0.001724354205,-0.03,-0.7253336433
2017-02-23,-0.8065314085,-0.2206938444,0.1160387798,0.002679827097,-0.05,-0.6596315768
2017-02-24,-0.8020445981,-0.2221444036,-0.06088504561,0.0002317819796,-0.09,-0.6646821686
2017-02-25,-0.7975800864,0.02615955775,-0.0564826171,0.001629392723,-0.13,-0.7460548935
2017-02-26,-0.7931375663,0.02615955775,-0.05206088789,0.001629392723,-0.13,-0.7406359911
2017-02-27,-1.398050339,-0.9032413777,-0.04793641823,-0.002034460889,-0.09,-0.7352786525
2017-02-28,-1.387641175,-0.8984825456,0.118025934,-0.006286498717,-0.05,-0.4991397873
2017-03-01,-1.377403046,-0.8938560347,0.1217626854,-0.001162408234,-0.04,-0.1824022364
2017-03-02,-1.367332839,-0.8893680682,0.2892400236,0.001134937149,0.02,-0.3177701814
2017-03-03,-1.357427628,-0.8850255862,0.4151646247,0.005982883907,0.08,-0.5908608239
2017-03-04,-1.347684676,0.09252626269,0.4181265843,0.004268691669,0.05,-0.9365092091
2017-03-05,-1.338101425,0.09252626269,0.4211014888,0.004268691669,0.05,-0.96073562
2017-03-06,0.2503474348,2.557875218,0.09916518955,0.002588043771,0.02,-0.9913612325
2017-03-07,0.2512037064,2.523885413,-0.1586524362,0.0003127284787,0.02,-0.8835962619
2017-03-08,0.2520606277,2.491167499,-0.1501114518,0.001842256071,0.04,-0.7814995578
2017-03-09,0.2529182013,2.459650347,-0.3117781149,0.007484912509,0.13,-0.5805265042
2017-03-10,0.2537764297,2.42926875,-0.6270591565,0.005089194053,0.19,-0.3650152583
2017-03-11,0.2546353154,0.006003344879,-0.6220002582,0.001825546483,0.16,-0.665969997
2017-03-12,0.2554948608,0.006003344879,-0.617009449,0.001825546483,0.16,-0.660378085
2017-03-13,-0.2990066119,-0.8407165413,-0.931354775,0.001825546483,0.16,-0.6548039057
2017-03-14,-0.2932671046,-0.8340401932,-0.1163349109,-0.001644193732,0.21,-0.7971080466
2017-03-15,-0.2874999795,-0.8274027448,0.1236442972,0.00302030055,0.23,-0.3360258
2017-03-16,-0.2817039926,-0.8208034162,0.4863691378,0.006101889537,0.15,-0.6526316701
2017-03-17,-0.2758778564,-0.8142414487,0.5225066776,-0.003183544692,0.2,-0.8481287185
2017-03-18,-0.270020237,0.05332123532,0.5347185899,-0.004628098603,0.18,-0.8097042805
2017-03-19,-0.264129752,0.05332123532,0.5472582645,-0.004628098603,0.18,-0.8050152338
2017-03-20,-0.829223339,-0.8026974565,1.057702389,-0.003441497142,0.14,-0.8003501178
2017-03-21,-0.8225411511,-0.7987370527,0.176961563,-0.008280806047,0.13,-0.7665977342
2017-03-22,-0.8158951096,-0.7947948551,0.2721697568,-0.01396537213,0.02,-0.2229889094
2017-03-23,-0.8092843786,-0.7908706434,-0.1008620943,-0.01753807891,-0.05,-0.0595891176
2017-03-24,-0.802708139,-0.7869642002,0.09273573446,-0.01589368659,0.01,0.08842232347
2017-03-25,-0.7961655876,0.06763901212,0.08934096143,-0.01720280032,-0.03,0.01118390994
2017-03-26,-0.7896559378,0.06763901212,0.08593898125,-0.01720280032,-0.03,0.01063266755
2017-03-27,-1.457117549,-0.9343545932,0.1805812945,-0.01540908673,-0.06,0.01008139248
2017-03-28,-1.444270613,-0.9413646611,0.7265524484,-0.01885763414,-0.08,-0.2105353337
2017-03-29,-1.431618702,-0.9484592901,0.2247463532,-0.02101390374,-0.11,-0.6743490671
2017-03-30,-1.41915601,-0.9556404698,0.2250616117,-0.01948102455,-0.19,-0.726075552
2017-03-31,-1.40687696,-0.9629102561,0.1258565224,-0.01793493174,-0.11,-0.6657455287
2017-04-01,-1.394776199,0.05328082958,0.1266597302,-0.01562564314,-0.14,-0.2693161557
2017-04-02,-1.382848582,0.05328082958,0.1274633031,-0.01562564314,-0.14,-0.2700445998
2017-04-03,-0.1561813307,1.919880295,0.2777123312,-0.01380235807,-0.18,-0.270773523
2017-04-04,-0.1507092819,1.913619684,0.4251910184,-0.01450869303,-0.22,-0.2650173134
2017-04-05,-0.145204096,1.907406343,0.5713141942,-0.01164161762,-0.1,-0.5447805891
2017-04-06,-0.1396646385,1.901239645,0.5669648905,-0.004298128296,-0.14,-0.01855120544
2017-04-07,-0.1340897365,1.895118977,0.6631245476,-0.002257146401,-0.1,-0.2571436143
2017-04-08,-0.1284781769,0.04546691807,0.6586519185,-0.001939653864,-0.05,-0.02940501776
2017-04-09,-0.1228287041,0.04546691807,0.6541958025,-0.001939653864,-0.05,-0.03132068051
2017-04-10,0.4461746989,0.8710974899,0.6273230052,0.0001051784296,-0.03,-0.0332384459
2017-04-11,0.4532354122,0.8679088612,0.4029369298,0.002596420754,-0.01,0.5288984597
2017-04-12,0.460390814,0.8647334632,0.7562106704,0.001875538466,-0.02,1.01221783
2017-04-13,0.4676437985,0.8615711698,0.7610386686,0.001100271017,-0.08,1.336520012
2017-04-14,0.4749973836,0.8584218565,0.7682279617,-0.001145352468,-0.1,1.414821436
2017-04-15,0.4824547179,0.03480470755,0.775510568,-0.0008758064572,-0.1,1.402269094
2017-04-16,0.4900190881,0.03480470755,0.7828889457,-0.0008758064572,-0.1,1.389900093
2017-04-17,-0.5693111813,-1.467946317,1.349133737,0.002644555463,-0.09,1.377709022
2017-04-18,-0.5644078784,-1.467026949,1.369872321,-0.000792700513,-0.07,0.759928151
2017-04-19,-0.5595154428,-1.466108755,1.209450679,-0.004002904547,-0.08,0.64185761
2017-04-20,-0.5546335162,-1.465191732,1.843234865,0.00233836428,-0.1,0.8755168403
2017-04-21,-0.549761742,-1.464275877,1.28389173,-0.001509663414,-0.04,0.504438347
2017-04-22,-0.5448997649,0.03620816386,1.275623428,0.0001655141654,-0.03,0.7243823075
2017-04-23,-0.5400472309,0.03620816386,1.26744225,0.0001655141654,-0.03,0.7186461467
2017-04-24,-0.3662529382,0.2735170429,1.078931694,-0.0005275372715,0.01,0.7129334555
2017-04-25,-0.3622772406,0.2721873315,1.192275912,-0.005546773237,0.01,-1.06583319
2017-04-26,-0.3583024548,0.2708584583,0.6956196202,-0.00381298206,0.07,-1.097346982
2017-04-27,-0.3543283755,0.2695304159,-0.2821870632,-0.0006103387206,0.03,-1.050753948
2017-04-28,-0.3503547966,0.2682031971,0.1740790242,-0.0005223602339,-0.05,-1.27526607
2017-04-29,-0.3463815113,0.0297320851,0.1699525177,-0.002320635315,-0.07,-1.058699947
2017-04-30,-0.3424083117,0.0297320851,0.1658156316,-0.002320635315,-0.07,-1.05678203
2017-05-01,-0.1579184249,0.2816228559,-0.1999907056,-0.002799930501,-0.07,-1.054869414
2017-05-02,-0.1547882539,0.2801839873,-0.3195466182,-0.003624933701,0,-1.376433948
2017-05-03,-0.1516545901,0.2787460942,0.1669699696,-0.002062372407,0.03,-1.147760603
2017-05-04,-0.1485173216,0.2773091674,0.1674543974,0.001378094928,0.14,-1.098449765
2017-05-05,-0.1453763357,0.2758731977,0.2175767512,0.00323738746,0.18,-1.190947402
2017-05-06,-0.1422315187,0.02272624958,0.2178609368,0.002057853895,0.18,-1.131956503
2017-05-07,-0.1390827561,0.02272624958,0.2181451779,0.002057853895,0.18,-1.123675819
2017-05-08,-0.2571415598,-0.1435462824,0.2184294748,0.003885302239,0.12,-1.115475455
2017-05-09,-0.2498056343,-0.1358543716,0.1200220518,0.007281797694,0.2,-1.468942227
2017-05-10,-0.2423739751,-0.1280456525,0.1196323913,0.005235542802,0.2,-1.371601943
2017-05-11,-0.2348407394,-0.1201136129,0.115849263,0.004309874761,0.17,-1.248686781
2017-05-12,-0.2271996278,-0.1120512562,0.1349450175,0.00221316787,0.11,-1.064960415
2017-05-13,-0.2194438344,0.06987270926,0.130159878,-0.0005652679841,0.09,-1.149722019
2017-05-14,-0.2115659893,0.06987270926,0.12535347,-0.0005652679841,0.09,-1.14433425
2017-05-15,0.5239360853,1.041747532,0.1205251651,0.003340156463,0.08,-1.138985242
2017-05-16,0.5355208785,1.034597415,0.2151496898,-0.001403357404,0.08,-1.124816418
2017-05-17,0.5473958424,1.027506613,0.2138069382,-0.008313331518,0.09,-1.017814227
2017-05-18,0.5595763168,1.020473966,0.2127160471,-0.01081789928,0.05,1.177023545
2017-05-19,0.5720788083,1.013498341,0.1154939546,-0.004524875052,0.06,0.7584539005
2017-05-20,0.5849211079,0.04419858409,0.118272305,-0.009474882762,0.04,-0.4000082205
2017-05-21,0.5981224233,0.04419858409,0.1210583061,-0.009474882762,0.04,-0.393488477
2017-05-22,-1.293782619,-2.31561092,0.1221144588,-0.007784131716,0,-0.3869253969
2017-05-23,-1.283387337,-2.29664236,0.2731386712,-0.00989717403,0.02,-0.8855373829
2017-05-24,-1.273125866,-2.278052578,-0.1573501877,-0.00852492986,0,-0.9766376486
2017-05-25,-1.262994954,-2.259828594,-0.1611080337,-0.01072687968,-0.05,-1.294804868
2017-05-26,-1.252991469,-2.241958047,-0.06533883524,-0.01220327169,-0.05,-1.299536127
2017-05-27,-1.243112397,0.06028129158,-0.07002129311,-0.01122742817,-0.06,-1.371701289
2017-05-28,-1.233354832,0.06028129158,-0.07473273734,-0.01122742817,-0.06,-1.360395655
2017-05-29,-0.7361172053,0.6509468641,-0.07282085352,-0.01395088171,-0.09,-1.349250161
2017-05-30,-0.7298931341,0.6468664837,-0.07090797887,-0.0165468879,-0.12,-1.33847053
2017-05-31,-0.7236925547,0.6428005852,-0.2201729161,-0.01354564369,-0.16,-1.06645129
2017-06-01,-0.7175147275,0.6387489546,0.2151614256,-0.0153936536,-0.11,-1.045075643
2017-06-02,-0.7113589182,0.63471138,0.2222445605,-0.01260328076,-0.09,-1.278233012
2017-06-03,-0.7052243979,0.04198351923,0.2294233917,-0.01356974725,-0.13,-1.333578673
2017-06-04,-0.6991104422,0.04198351923,0.236701306,-0.01356974725,-0.13,-1.32433869
2017-06-05,1.195483302,2.277857635,0.551443062,-0.01014076033,-0.16,-1.315206128
2017-06-06,1.206130263,2.257332447,0.5535069707,-0.00891990073,-0.12,-1.159400597
2017-06-07,1.216962883,2.23725295,0.9217407981,-0.009152479196,-0.07,-0.9792399082
2017-06-08,1.227987191,2.217602513,1.769484407,-0.01268243249,-0.03,-1.000983811
2017-06-09,1.239209496,2.19836536,1.929505609,-0.007607732975,0,-1.096953925
2017-06-10,1.250636403,0.02040951793,1.908176618,-0.006542650358,0.02,-0.8459163087
2017-06-11,1.26227483,0.02040951793,1.88735379,-0.006542650358,0.02,-0.8402461873
2017-06-12,1.625124538,0.4217220666,1.562482124,-0.005178600052,0,-0.8346089462
2017-06-13,1.621472224,0.416991462,1.548617769,-0.006179290011,0,-0.4867508726
2017-06-14,1.617837446,0.4122608014,1.18368802,-0.009218385749,0.01,-0.95051181
2017-06-15,1.614220051,0.4075297103,-0.6441354757,-0.0114534554,-0.01,-0.8457022093
2017-06-16,1.610619891,0.4027978114,-0.906404447,-0.005402528464,0.05,-0.7241151015
2017-06-17,1.607036818,-0.005957524609,-0.9010319473,-0.007652186786,0.05,-0.9517353507
2017-06-18,1.603470686,-0.005957524609,-0.895692774,-0.007652186786,0.05,-0.9448773616
2017-06-19,1.470993378,-0.1488173906,-0.8885356932,-0.007652186786,0.05,-0.9380690098
2017-06-20,1.463227028,-0.1511430234,-0.8814228606,-0.007023896748,0.12,-0.9358662682
2017-06-21,1.455539319,-0.1534738761,-0.8743531895,-0.0002277228771,0.1,-0.709790474
2017-06-22,1.447928778,-0.1558100056,0.1551113541,0.00027360578,0.1,-0.7528631198
2017-06-23,1.440393967,-0.1581514696,0.2594346853,-0.0002243998629,0.1,-0.8687605472
2017-06-24,1.432933489,-0.01694998367,0.2643904012,-0.00286507384,0.09,-1.070295071
2017-06-25,1.425545979,-0.01694998367,0.2693856313,-0.00286507384,0.09,-1.063095631
2017-06-26,-0.6519303449,-2.396397531,0.02109568395,-0.0009648109546,0.06,-1.055988663
2017-06-27,-0.6487336684,-2.366004324,0.2502315889,0.0004773333215,0.06,-1.103938454
2017-06-28,-0.6455473612,-2.336538482,0.2530887958,-0.002385234415,0.1,-0.5635464523
2017-06-29,-0.6423713112,-2.307951671,0.2308188031,-0.006739037764,0.08,-1.031378319
2017-06-30,-0.6392054072,-2.280199026,0.2338663854,-0.008482934093,0.12,-0.3758212722
2017-07-01,-0.6360495398,0.01462765529,0.2369256838,-0.008557299201,0.15,-0.4920957579
2017-07-02,-0.6329036003,0.01462765529,0.2399968531,-0.008557299201,0.15,-0.4881502002
2017-07-03,0.06184320866,0.7815331641,0.3887344973,-0.008798614313,0.12,-0.4842119896
2017-07-04,0.06074630688,0.7765586445,0.3844736329,-0.001778435208,0.14,-0.4623367091
2017-07-05,0.05964928996,0.7716088723,-0.3787334599,0.003153290611,0.16,-0.4583355084
2017-07-06,0.05855215384,0.7666834542,-0.8676862057,-0.001926096032,0.09,-0.5225288279
2017-07-07,0.05745489447,0.7617820031,-0.8761413713,-0.001736883466,0.12,0.1640551346
2017-07-08,0.0563575078,-0.006080404077,-0.8847247308,-0.002679915287,0.17,-0.4575106814
2017-07-09,-1.758776909,-2.002475448,-0.8934401077,-0.002679915287,0.17,-0.4512517472
2017-07-10,-1.74159635,-1.982654658,-1.352987446,-0.003936763464,0.14,-0.4449678423
2017-07-11,-1.724777097,-1.963357093,-1.50090787,-0.00980932252,0.16,-0.4767640486
2017-07-12,-1.708306345,-1.944563444,-0.9661726904,-0.01049388217,0.12,-0.5784987137
2017-07-13,-1.692171961,-1.926255623,-0.4744167837,-0.01391768155,0.11,-0.8701845531
2017-07-14,-1.676362436,0.06513359985,-0.7814691084,-0.01178383311,0.13,-1.100885372
2017-07-15,-1.660866851,0.06513359985,-0.7752225462,-0.01735678877,0.12,-1.360788058
2017-07-16,-1.645674841,0.06513359985,-0.7690054079,-0.01735678877,0.12,-1.430669197
2017-07-17,-2.306371227,-0.6993166461,-0.298281459,-0.01645748218,0.14,-1.523291197
2017-07-18,-2.278573203,-0.6945276958,-0.1910881825,-0.01439004887,0.04,-1.34820584
2017-07-19,-2.2516669,-0.6897582982,-0.6882424523,-0.01462506703,0.02,-1.333033454
2017-07-20,-2.22560868,-0.6850081158,-1.154926044,-0.01396542795,-0.04,-1.395461341
2017-07-21,-2.200358106,-0.6802768156,-0.8395306048,-0.01552286998,-0.08,-1.537498795
2017-07-22,-2.175877659,0.08653186187,-0.8364973237,-0.0160604199,-0.1,-1.682273366
2017-07-23,-2.152132489,0.08653186187,-0.833475876,-0.0160604199,-0.1,-1.669707549
2017-07-24,-1.647026292,0.6495250367,-1.043744924,-0.0198867174,-0.12,-1.657438077
2017-07-25,-1.634027593,0.6466811088,-1.25913474,-0.01980310744,-0.12,-1.597712507
2017-07-26,-1.621304871,0.6438457571,-1.587791735,-0.02103709253,-0.06,-1.583353683
2017-07-27,-1.60885193,0.6410188998,-1.578549122,-0.0181355792,-0.12,-1.449839515
2017-07-28,-1.596662976,0.6382004561,-1.892410786,-0.01867715159,-0.17,-1.074752064
2017-07-29,-1.584732609,0.07467332124,-1.883654164,-0.02131262704,-0.19,-0.9377720903
2017-07-30,-1.573055807,0.07467332124,-1.874989798,-0.02131262704,-0.19,-0.9303730627
2017-07-31,-1.415060187,0.2359709816,-1.661606858,-0.01996011009,-0.19,-0.9230249629
2017-08-01,-1.404667291,0.228643645,-1.296928979,-0.02073862572,-0.14,-0.937485909
2017-08-02,-1.394409076,0.2212207981,-0.4822609809,-0.01560080437,-0.1,-1.051488198
2017-08-03,-1.384282194,0.213696856,-0.02842434379,-0.01601448853,-0.1,-0.9082362347
2017-08-04,-1.374283409,0.2060658159,0.2936290271,-0.00968645042,-0.11,-0.7875110364
2017-08-05,-1.364409598,0.02949314155,0.2860888198,-0.005650654825,-0.1,-1.073005806
2017-08-06,-1.354657739,0.02949314155,0.278437504,-0.005650654825,-0.1,-1.064742466
2017-08-07,0.3465918274,2.106895844,-0.1924951811,-0.005855924075,-0.07,-1.056553533
2017-08-08,0.3507265966,2.097579673,-0.23021829,-0.0005668461981,-0.05,-1.119019592
2017-08-09,0.3548881037,2.088362187,-0.2378869834,-0.0003431917192,-0.05,-0.3793751918
2017-08-10,0.3590768109,2.079241573,-0.2444002391,0.001051235724,-0.08,-0.2667712671
2017-08-11,0.3632931913,2.070216062,-0.2512952446,-2.178036319e-05,-0.08,3.216465819
2017-08-12,0.3675377286,0.01965616183,-0.2582798414,-0.001350382518,-0.08,2.812174114
2017-08-13,0.3718109175,0.01965616183,-0.2653570342,-0.001350382518,-0.08,2.783336378
2017-08-14,-0.237066362,-0.7053499582,0.2126551505,-0.001435566477,-0.08,2.755260958
2017-08-15,-0.231602426,-0.7012097555,0.6611776575,-0.001709231209,-0.07,0.5661158366
2017-08-16,-0.2261116813,-0.697086285,0.6551593107,0.0009376605234,0,0.3658368838
2017-08-17,-0.2205930924,-0.6929793152,1.105755481,0.00202692894,-0.04,0.1608492536
2017-08-18,-0.2150455909,-0.6888886177,1.097042042,0.002249818049,-0.05,2.736345585
2017-08-19,-0.2094680737,0.03696659668,1.088411376,0.001100800582,-0.04,1.841629745
2017-08-20,-0.203859401,0.03696659668,1.079861533,0.001100800582,-0.04,1.82276438
2017-08-21,0.2821005901,0.5882326232,1.463264707,0.002033369848,-0.05,1.804304859
2017-08-22,0.2860121237,0.5843158551,1.024522818,-0.001043245531,-0.04,1.089614115
2017-08-23,0.2899461847,0.5804105805,1.016450024,0.0008045536094,-0.03,-0.1293313695
2017-08-24,0.2939031512,0.5765166149,0.554127078,-0.0002157817491,-0.04,0.4726921703
2017-08-25,0.297883409,0.5726337756,0.548077158,-0.004791405213,-0.03,0.4612882249
2017-08-26,0.3018873523,0.01869085294,0.5420239471,-0.008517348441,-0.05,-0.1700548566
2017-08-27,0.3059153839,0.01869085294,0.5359663911,-0.008517348441,-0.05,-0.1676753466
2017-08-28,1.952286483,1.876659382,0.7411107485,-0.009345582706,-0.04,-0.1652952326
2017-08-29,1.936391176,1.855507756,1.686653096,-0.0110013044,-0.05,-0.1375505864
2017-08-30,1.920786658,1.834853224,1.897559179,-0.01152970405,-0.03,0.1155283445
2017-08-31,1.905463588,1.814674742,1.888465006,-0.007109628401,-0.01,-0.2048457044
2017-09-01,1.890413039,1.794952488,1.871920205,-0.006121288015,-0.04,-0.622802514
2017-09-02,1.875626479,-0.02336593406,1.855795219,-0.009012905958,-0.03,-0.9246681341
2017-09-03,1.861095744,-0.02336593406,1.840077738,-0.009012905958,-0.03,-0.9196511176
2017-09-04,0.664241496,-1.391026906,1.824756262,-0.009488169308,-0.08,-0.9146645363
2017-09-05,0.6583013921,-1.402189057,2.69000487,-0.01298099464,-0.12,-0.9097079498
2017-09-06,0.6523768419,-1.413541629,2.583244935,-0.01424310527,-0.15,0.4812801479
2017-09-07,0.6464671715,-1.425090553,2.045418179,-0.01522774907,-0.1,0.08737078069
2017-09-08,0.6405717075,-1.436842021,1.995165726,-0.01925282395,-0.17,0.03918368573
2017-09-09,0.6346897775,-0.04024294148,1.971267306,-0.02029243646,-0.18,0.4260885223
2017-09-10,0.6288207086,-0.04024294148,1.947988882,-0.02029243646,-0.18,0.4335743743
2017-09-11,0.5778009864,-0.09289237914,1.700533657,-0.01755959134,-0.18,0.4411689388
2017-09-12,0.5720064633,-0.0930740576,0.3741574425,-0.01534615336,-0.14,-0.4936541554
2017-09-13,0.5662172113,-0.09325574671,-0.1902823532,-0.01352888411,-0.09,-0.5902893075
2017-09-14,0.5604325094,-0.09343744648,0.08480452956,-0.009927801123,-0.09,-0.6407294971
2017-09-15,0.5546516298,-0.09361915693,0.1051083623,-0.0066168838,-0.07,-0.6776782047
2017-09-16,0.5488738368,-0.04114590412,0.10090146,-0.009390761971,-0.07,-0.8570458546
2017-09-17,0.5430983862,-0.04114590412,0.09667990688,-0.009390761971,-0.07,-0.8527121496
2017-09-18,2.047471329,1.695781139,0.3185820069,-0.007939073927,-0.06,-0.8484008469
2017-09-19,2.021675994,1.686211851,0.7077788922,-0.004166109047,-0.03,-0.8569140361
2017-09-20,1.996590274,1.676756876,0.6143715998,-0.007230003693,-0.02,-0.8319512427
2017-09-21,1.972179655,1.667413763,0.6087770763,-0.008555472046,0.07,-1.095606119
2017-09-22,1.948411928,1.658180137,1.195103582,-0.001134337884,0.07,-1.161615035
2017-09-23,1.925256986,-0.05493201198,1.185398894,-0.002716175273,0.05,-1.207509046
2017-09-24,1.902686659,-0.05493201198,1.175800152,-0.002716175273,0.05,-1.199707055
2017-09-25,0.430680101,-1.77256913,1.529480905,-0.002716175273,0.05,-1.191981753
2017-09-26,0.4253859278,-1.760606018,1.006258483,0.004260267631,0.08,-0.7751804564
2017-09-27,0.42008644,-1.748816534,1.412008573,0.0118647208,0.08,-0.7964766789
2017-09-28,0.414781015,-1.737196187,1.59299332,0.01991986835,0.18,-0.9882196258
2017-09-29,0.4094690196,-1.725740645,0.997481398,0.02257253636,0.19,-1.191043595
2017-09-30,0.4041498096,-0.03599038774,0.9921417796,0.02113665034,0.24,-1.208737254
2017-10-01,0.3988227294,-0.03599038774,0.986837928,0.02113665034,0.24,-1.199979365
2017-10-02,0.3003836984,-0.1414425677,0.6259622948,0.01787930062,0.18,-1.191314428
2017-10-03,0.2949230188,-0.1415245921,0.1349645283,0.01887579749,0.18,-1.221292034
2017-10-04,0.2894411475,-0.1416066195,-0.9174429583,0.01532539195,0.14,-1.174664374
2017-10-05,0.2839371396,-0.1416886499,-1.103269171,0.01495608463,0.13,-1.090699803
2017-10-06,0.2784100225,-0.1417706832,-1.394201747,0.02093529318,0.14,-1.369629759
2017-10-07,0.2728587942,-0.03639408214,-1.390261867,0.02279838286,0.15,-1.0659134
2017-10-08,0.2672824218,-0.03639408214,-1.386343281,0.02279838286,0.15,-1.061569473
2017-10-09,0.148417177,-0.1612129815,-1.119018407,0.01973488611,0.14,-1.057251005
2017-10-10,0.1427259502,-0.1608356935,-0.240064205,0.01997805075,0.13,-0.6129052838
2017-10-11,0.1369958241,-0.1604584601,0.2171068031,0.01725029949,0.04,-0.7691411154
2017-10-12,0.1312254215,-0.1600812809,0.2200739181,0.01264152866,0.02,-0.9114902312
2017-10-13,0.1254133139,-0.1597041559,0.5235650276,0.01435346865,0.02,-0.8666051718
2017-10-14,0.1195580192,-0.03453444449,0.5264433268,0.01390934787,0.01,-1.054271115
2017-10-15,0.1136579981,-0.03453444449,0.5293344387,0.01390934787,0.01,-1.048553281
2017-10-16,0.1150680575,-0.02630320346,-0.2322406754,0.008567623584,0.05,-1.042877093
2017-10-17,0.1155662911,-0.01895300696,-0.6348045823,0.006980521403,0.06,-0.8457764836
2017-10-18,0.1160646397,-0.01150065495,-0.6301573709,0.00764861609,0.04,-0.5869971691
2017-10-19,0.1165631037,-0.003941536335,-0.6244385514,0.004353170086,0.06,-0.7361543058
2017-10-20,0.1170616836,0.003729236845,-0.6185480475,0.003370071044,0,-0.7460628664
2017-10-21,0.1175603798,0.002714911532,-0.6126734842,0.008636828972,0.03,-0.7939576089
2017-10-22,0.1180591927,0.002714911532,-0.6068146479,0.008636828972,0.03,-0.7908274611
2017-10-23,1.193189503,1.197737809,-0.08219513925,0.006060600569,0.01,-0.7877093851
2017-10-24,1.185240265,1.188825153,-0.07384997989,0.008024247676,0.03,-0.08835302884
2017-10-25,1.177369669,1.180007257,-0.06842352062,0.01052407193,0.07,-0.03219825265
2017-10-26,1.169576099,1.171281958,-0.0641095131,0.007307679439,0.07,0.0141879741
2017-10-27,1.161857987,1.162647158,-0.1779722572,0.007742085733,0.07,0.05989670056
2017-10-28,1.154213804,-0.02533977317,-0.1734115089,0.01232487333,0.04,-0.888994489
2017-10-29,1.146642065,-0.02533977317,-0.1688353903,0.01232487333,0.04,-0.883411801
2017-10-30,-0.164525925,-1.47987825,-0.2832150986,0.01232487333,0.04,-0.8778636278
2017-10-31,-0.164674626,-1.468796382,-0.2805012069,0.01448368772,0.03,-0.4318017099
2017-11-01,-0.1648233384,-1.4578671,-0.2793887278,0.01361241735,0.04,-0.6305395896
2017-11-02,-0.1649720623,-1.447086441,-0.3971811612,0.01340703729,0.05,-0.6137080536
2017-11-03,-0.1651207977,-1.436450584,-0.6350198282,0.01161273238,0.05,-0.7792648108
2017-11-04,-0.1652695445,-0.0007902869749,-0.6331999234,0.0151577672,0.05,-1.268645207
2017-11-05,-0.1654183028,-0.0007902869749,-0.6313838895,0.0151577672,0.05,-1.258911449
2017-11-06,0.9445026012,1.212628699,-0.5412728253,0.01262040542,0.02,-1.249291697
2017-11-07,0.9370202461,1.202693808,-0.5683082691,0.007263278519,-0.02,-1.078083372
2017-11-08,0.9295899101,1.192870032,-0.6844488887,0.01104754817,-0.06,-0.7653142018
2017-11-09,0.9222103571,1.183154542,-0.6812147978,0.01118799323,-0.04,-0.8274984825
2017-11-10,0.9148803761,1.173544599,-0.321591986,0.004729032984,-0.06,-0.3735200632
2017-11-11,0.90759878,-0.04154733452,-0.3187630553,0.004729032984,0,0.120305876
2017-11-12,0.9003644047,-0.04154733452,-0.3159360683,0.004729032984,0,0.1194843162
2017-11-13,-0.1257034173,-1.153680008,-0.2851856803,0.003139909399,0,0.1186628589
2017-11-14,-0.1216323301,-1.148114808,-0.2266646173,0.003416434252,-0.03,0.2494728399
2017-11-15,-0.1175491261,-1.14272613,-0.1082733506,0.001071007915,-0.05,0.3054409115
2017-11-16,-0.1134534841,-1.137519206,0.009125510545,-0.001441216462,-0.09,1.262826418
2017-11-17,-0.1093450772,-1.132499887,0.00449156959,-0.007959910655,-0.01,0.409236378
2017-11-18,-0.1052235726,0.02403782389,-0.0001675597783,-0.01023544465,-0.05,0.2036710076
2017-11-19,-0.1010886315,0.02403782389,-0.004852497451,-0.01023544465,-0.05,0.2042735683
2017-11-20,0.973153105,1.209492287,-0.01131895876,-0.008037461685,-0.01,0.2048763914
2017-11-21,0.9687460836,1.199598539,-0.04383339918,-0.004877232902,0.02,-0.2808928717
2017-11-22,0.9643642397,1.189814947,-0.04457288732,-0.007257979394,0.03,-0.8492293689
2017-11-23,0.9600072568,1.180138715,-0.04347535286,-0.008823155,0,-0.7504983504
2017-11-24,0.9556748237,1.170567137,-0.04225249161,-0.01228444598,0,-0.7463803899
2017-11-25,0.9513666344,-0.01507938826,-0.04102935549,-0.01708977178,0.02,-0.8720367382
2017-11-26,0.9470823878,-0.01507938826,-0.03980593875,-0.01708977178,0.02,-0.8667831363
2017-11-27,-0.06550809174,-1.13677598,-0.03613657135,-0.01516652837,0.04,-0.8615604171
2017-11-28,-0.0669758063,-1.133830933,-0.1588055345,-0.01635630482,0.05,-0.7330382185
2017-11-29,-0.06844472976,-1.130898151,-0.4327436962,-0.01245999096,0.05,-0.6282852971
2017-11-30,-0.06991487341,-1.127977533,-0.4333530432,-0.01107987802,0.07,-0.207752151
2017-12-01,-0.07138624859,-1.125068981,-0.4328017527,-0.009840215269,0.04,0.1581169859
2017-12-02,-0.07285886669,-0.007971781467,-0.4322507694,-0.01273993256,-0.01,0.2562420825
2017-12-03,-0.07433273915,-0.007971781467,-0.4317000927,-0.01273993256,-0.01,0.2607763545
2017-12-04,0.7728703591,0.925505905,0.4524707238,-0.01468913514,-0.01,0.2653423221
2017-12-05,0.7663420388,0.9181978528,0.4533577677,-0.009978504112,-0.01,0.4253493083
2017-12-06,0.7598405399,0.910938757,0.5761075687,-0.00888403305,0.02,0.2052608625
2017-12-07,0.7533649948,0.9037274654,0.5729403368,-0.003466754392,-0.06,0.01083365468
2017-12-08,0.7469145422,0.8965628483,0.2946643264,0.0001459438423,0.01,-0.5277736684
2017-12-09,0.7404883262,-0.04428971967,0.2924494254,0.002033304024,0.01,-0.8863018535
2017-12-10,0.7340854959,-0.04428971967,0.2902360956,0.002033304024,0.01,-0.8793018218
2017-12-11,0.8997457645,0.1466689982,-0.5912518831,-0.0002930076335,-0.02,-0.8723447849
2017-12-12,0.8955311351,0.1532610958,-0.4679907593,0.0009001394811,-0.01,-1.015522427
2017-12-13,0.8913386938,0.1599315809,-0.3156546151,0.008666536424,0.03,-0.6452976153
2017-12-14,0.8871681667,0.1666830994,-0.1617464971,0.006446086944,0,-0.4759985606
2017-12-15,0.8830192847,0.1735184167,0.1138340317,0.009670503057,-0.02,-0.2759317994
2017-12-16,0.8788917826,-0.01582905146,0.1151123144,0.01002769363,-0.03,-0.9450766446
2017-12-17,0.8747853995,-0.01582905146,0.1163916518,0.01002769363,-0.03,-0.9376450954
2017-12-18,-0.6190064411,-1.686916706,-0.6124858819,0.009217753302,-0.02,-0.9302660692
2017-12-19,-0.6136167052,-1.669741713,-0.609130546,0.005501270152,0,-0.8547299768
2017-12-20,-0.608240629,-1.652904909,-0.7257526515,0.007242140374,0.02,-0.5297914521
2017-12-21,-0.6028777315,-1.636393903,-0.8702853411,0.003361251729,0.01,-0.7294137818
2017-12-22,-0.5975275334,-1.620196919,-0.8638439382,0.006694128361,0.04,-0.796488971
2017-12-23,-0.5921895574,0.03193454796,-0.8574420243,0.008701549737,0.03,-0.6054371858
2017-12-24,-0.5868633277,0.03193454796,-0.8510787944,0.008701549737,0.03,-0.6041461305
2017-12-25,-0.4540102908,0.1716991975,-0.8441840123,0.0063652092,0.04,-0.6034059972
2017-12-26,-0.4535088887,0.1663335963,0.04280471532,0.005513596192,0.04,-0.5991634297
2017-12-27,-0.4530077525,0.1609382864,0.04720203343,0.0009443398686,0.06,-0.3320773272
2017-12-28,-0.4525068815,0.1555122496,0.1790316396,-0.00146372924,-0.02,-0.1561375861
2017-12-29,-0.4520062753,0.1500544348,0.1839024389,-0.006400407094,-0.03,-0.3724514813
2017-12-30,-0.4515059334,0.002366615942,0.1888092484,-0.01033019771,-0.06,0.3160501702
2017-12-31,-0.4510058552,0.002366615942,0.1937528875,-0.01033019771,-0.06,0.3341132825
2018-01-01,0.1049849486,0.6226237519,0.1976201235,-0.009041912017,-0.07,0.353138878
2018-01-02,0.1039753226,0.6206016845,0.2022699331,-0.01294011732,-0.07,0.3524174772
2018-01-03,0.1029657552,0.6185842178,-0.07891065261,-0.01466085648,-0.02,-0.6972627603
2018-01-04,0.1019562434,0.6165713205,-0.0811590558,-0.01273029896,-0.02,-1.202145752
2018-01-05,0.100946784,0.6145629613,-0.1102927029,-0.0148557617,-0.02,-1.137689385
2018-01-06,0.09993737405,-0.005634312679,-0.1100422765,-0.01600848027,-0.01,-1.129635491
2018-01-07,0.09892801032,-0.005634312679,-0.1097918668,-0.01600848027,-0.01,-1.121659069
2018-01-08,-0.4798692828,-0.648622501,-0.2371765203,-0.01405661959,-0.04,-1.113758481
2018-01-09,-0.4775381288,-0.6446724696,-0.2390541445,-0.01401478509,-0.08,-0.8652912217
2018-01-10,-0.4752113028,-0.6407362887,-0.4275692442,-0.008423248382,-0.05,-0.4057686392
2018-01-11,-0.4728887633,-0.6368137619,-0.7401929851,-0.01127900244,-0.03,-0.6149729328
2018-01-12,-0.4705704691,-0.6329046955,-0.7074282518,-0.01449958911,0,-0.5637541557
2018-01-13,-0.4682563794,0.01174126336,-0.7038437161,-0.01979033247,0,-0.3338713565
2018-01-14,-0.4659464535,0.01174126336,-0.7002727952,-0.01979033247,0,-0.332470506
2018-01-15,-0.0540093103,0.4675796666,-0.6967153305,-0.01979033247,0,-0.331070876
2018-01-16,-0.05409776401,0.4649537038,-0.5694651755,-0.01869596795,0.01,-0.3325397251
2018-01-17,-0.05418621917,0.4623326203,-0.5672193822,-0.02285411703,0.03,0.8849555405
2018-01-18,-0.05427467578,0.4597163591,-0.2529046744,-0.0213798258,0.06,1.080886147
2018-01-19,-0.05436313383,0.4571048635,1.320530018,-0.0182851661,0.13,1.323132543
2018-01-20,-0.05445159334,-0.0004894470703,1.310515029,-0.01937529922,0.14,0.5500754839
2018-01-21,-0.0545400543,-0.0004894470703,1.300622752,-0.01937529922,0.14,0.5469775744
2018-01-22,-0.1456651434,-0.1015887637,1.906047143,-0.01937529922,0.14,0.543887501
2018-01-23,-0.1424738126,-0.09794057867,1.885096275,-0.01402259119,0.14,0.3476664127
2018-01-24,-0.1392782902,-0.09428343463,2.135142172,-0.01529244104,0.11,0.4027206435
2018-01-25,-0.1360784543,-0.09061711677,2.10777459,-0.02189943705,0.13,0.7388343811
2018-01-26,-0.1328741817,-0.08694140714,0.8757179653,-0.02601198358,0.1,0.8598670309
2018-01-27,-0.1296653483,0.01856355978,0.8705074327,-0.02431193164,0.11,0.4371924901
2018-01-28,-0.1264518287,0.01856355978,0.8653275531,-0.02431193164,0.11,0.4416876871
2018-01-29,0.9720640094,1.241697571,0.1480214069,-0.02625764251,0.1,0.4462164321
2018-01-30,0.9644209654,1.235659096,0.0003088730676,-0.02537066946,0.09,2.770912382
2018-01-31,0.9568348604,1.229815242,-0.3834381653,-0.02300142299,0.11,3.476034807
2018-02-01,0.9493043858,1.224170753,-0.7943284241,-0.02483541696,0.07,2.402854052
2018-02-02,0.9418282624,1.218730975,-0.7916299544,-0.02216049439,0.13,2.310382203
2018-02-03,0.9344052393,-0.04894447827,-0.7889407402,-0.01639929845,0.16,5.111133794
2018-02-04,0.9270340928,-0.04894447827,-0.7862607044,-0.01639929845,0.16,4.84729636
2018-02-05,0.9430241627,-0.02028040849,-0.6678042856,-0.01639929845,0.16,4.618781666
2018-02-06,0.9357103383,-0.01817592159,-0.5207127061,-0.00915605169,0.16,12.03427361
2018-02-07,0.9284480424,-0.01606930067,-1.599326693,-0.005845444307,0.16,7.600028141
2018-02-08,0.9212361167,-0.01396051225,-1.418804501,-0.003220269189,0.17,6.151212386
2018-02-09,0.9140734276,-0.01184952268,-1.465272352,0.003307224479,0.18,7.294351869
2018-02-10,0.9069588648,-0.03848167313,-1.453183311,0.002896832198,0.2,5.477404419
2018-02-11,0.899891341,-0.03848167313,-1.441271493,0.002896832198,0.2,5.157526755
2018-02-12,-0.2511660523,-1.354383585,-1.96796826,0.001398614336,0.18,4.88580427
2018-02-13,-0.2464362618,-1.347889645,-1.944338138,0.0003268582074,0.22,3.806077644
2018-02-14,-0.2416935216,-1.341626569,-0.4913517355,0.006324231744,0.2,3.529002081
2018-02-15,-0.2369373257,-1.335599273,-0.2537426277,0.009050262335,0.26,2.017987665
2018-02-16,-0.2321671581,-1.329813356,-0.4233198448,0.002770615356,0.22,1.960439555
2018-02-17,-0.2273824915,0.03097396463,-0.4169183343,0.003231759725,0.21,2.019542381
2018-02-18,-0.2225827878,0.03097396463,-0.4104815213,0.003231759725,0.21,1.994813946
2018-02-19,0.6245848302,1.00216465,-0.4043483811,-0.0007309955169,0.17,1.970744252
2018-02-20,0.630299415,0.9983103945,0.5093805944,-0.0006582239717,0.15,1.947856986
2018-02-21,0.6360720196,0.9944761168,0.8480584539,0.008010707168,0.17,2.199567386
2018-02-22,0.6419039114,0.9906615973,0.5359821079,0.01296112133,0.15,2.031122487
2018-02-23,0.6477963961,0.9868666199,0.5303303609,0.007017684715,0.11,1.696859317
2018-02-24,0.65375082,0.01959185031,0.524680376,0.005277500558,0.06,1.147570057
2018-02-25,0.6597685711,0.01959185031,0.5190314584,0.005277500558,0.06,1.138988501
2018-02-26,-0.2756859881,-1.028565542,0.9129527439,0.003264697661,0.09,1.130492738
2018-02-27,-0.2699868087,-1.022825732,0.749763412,0.001993110145,0.04,0.9576847558
2018-02-28,-0.2642587944,-1.017127214,0.4047813507,0.004229582008,0.03,1.61251834
2018-03-01,-0.2585007128,-1.011469334,0.4029553289,0.000810692274,-0.01,1.891713
2018-03-02,-0.2527112885,-1.00585145,0.7068024294,0.002564239937,-0.07,2.472189242
2018-03-03,-0.2468892006,0.03734857128,0.7036791995,0.002564239937,-0.04,1.777199132
2018-03-04,-0.24103308,0.03734857128,0.7005668711,0.002564239937,-0.04,1.758104564
2018-03-05,-0.4360835871,-0.1818838624,0.5433661028,0.00465227356,-0.05,1.739421319
2018-03-06,-0.4373173239,-0.1926487144,0.3581769366,0.005605183496,-0.03,1.526709717
2018-03-07,-0.4385530079,-0.2036999221,0.3568790353,0.003050179075,-0.06,1.42941803
2018-03-08,-0.4397906482,-0.2150560482,0.3292861397,0.01032277844,-0.03,1.281591739
2018-03-09,-0.4410302538,-0.2267373903,0.02484616293,0.01150268274,-0.03,0.9969351161
2018-03-10,-0.4422718341,-0.005642086921,0.02483217109,0.008287873508,0,0.5612366797
2018-03-11,-0.4435153981,-0.005642086921,0.02481817928,0.008287873508,0,0.5578238552
2018-03-12,-0.2511963874,0.2142551301,0.02551579973,0.008287873508,0,0.5544201487
2018-03-13,-0.2499818921,0.2170177157,0.02621354303,0.002963068955,-0.01,0.8082923081
2018-03-14,-0.2487680433,0.2197893199,0.02339073124,-0.001200542515,-0.07,0.9314724978
2018-03-15,-0.2475548354,0.2225700517,0.04456683751,-4.171811901e-05,-0.07,1.122584549
2018-03-16,-0.246342263,0.2253600214,0.4960884174,0.004855108265,-0.02,0.9724930167
2018-03-17,-0.2451303205,0.006774238728,0.4904157178,0.006991058726,0.01,0.7892946688
2018-03-18,-0.253456899,-0.002083580861,0.4847393548,0.006991058726,0.01,0.7843041834
2018-03-19,0.4069787945,0.758253434,0.693868437,0.006483519238,0.04,0.7793389179
2018-03-20,0.4005682499,0.7532337497,1.795101518,0.001307164166,0,1.489705607
2018-03-21,0.3941202706,0.7483001344,1.747936506,0.0009687213708,0.06,1.295581651
2018-03-22,0.3876324875,0.7434569212,1.729749795,-0.0003731487675,0.09,1.209995062
2018-03-23,0.3811024021,0.7394946763,1.251264112,-0.004996508065,0.01,2.391510671
2018-03-24,0.3745273758,-0.05498295278,1.24141153,-0.007244614219,0.01,2.677984085
2018-03-25,0.3679046172,-0.05498295278,1.231679969,-0.007244614219,0.01,2.629904033
2018-03-26,-0.278826046,-0.7696796868,1.006780768,-0.005646844725,0,2.583927072
2018-03-27,-0.2944849367,-0.7709153147,-0.4239403498,-0.00570517334,0.01,1.752306433
2018-03-28,-0.310841822,-0.772153277,-0.5185099004,-0.006986699182,-0.05,2.035523508
2018-03-29,-0.3279662312,-0.7733935833,-0.5264844646,-0.006408225583,-0.03,2.085202342
2018-03-30,-0.3459379614,-0.7746362432,-0.5318492524,-0.002390593293,-0.09,1.470701998
2018-03-31,-0.3648491377,-0.05887269697,-0.5372646444,-0.004119603792,-0.09,1.457297519
2018-04-01,-0.3848068038,-0.05887269697,-0.5427317198,-0.004119603792,-0.09,1.444102224
2018-04-02,-0.1878100086,0.1509564078,-0.5501370675,-0.004311502838,-0.08,1.431109655
2018-04-03,-0.2010712518,0.1528830294,0.09087955421,-0.0003257891337,-0.07,2.148380288
2018-04-04,-0.2148264561,0.1548129315,0.4288369362,-0.002780396858,-0.03,1.620908542
2018-04-05,-0.2291189928,0.1567461443,0.519961598,-0.005241064959,-0.03,1.398311278
2018-04-06,-0.2439978392,0.1586826985,0.7409778661,-0.006502620968,-0.02,1.163353966
2018-04-07,-0.2595185614,-0.04995342905,0.7382959273,-0.005944673772,-0.07,1.658932434
2018-04-08,-0.2757445148,-0.04995342905,0.7358912335,-0.005944673772,-0.07,1.642228751
2018-04-09,-0.9908867857,-0.6590176213,1.407031058,-0.004855305615,-0.07,1.625845229
2018-04-10,-1.014368405,-0.655262255,0.6820969283,-0.008882412418,-0.1,1.66419352
2018-04-11,-1.03893374,-0.651520185,0.6759235437,-0.01040966752,-0.08,1.395359113
2018-04-12,-1.064678008,-0.6477912383,0.7034544082,-0.008066226208,-0.07,1.338538332
2018-04-13,-1.091708675,-0.6440752438,1.135738527,-0.004259880556,-0.05,0.9879188223
2018-04-14,-1.120147569,-0.03369146419,1.127580073,-0.004758258739,-0.06,0.7704892859
2018-04-15,-1.150133453,-0.03369146419,1.119500483,-0.004758258739,-0.06,0.7645573137
2018-04-16,0.1210716996,0.9770965931,0.4340543032,0.0005122133495,-0.08,0.7586534903
2018-04-17,0.1193634425,0.991575126,0.4294019657,-0.002575093701,0,0.587380926
2018-04-18,0.1176549632,1.006440548,0.424751107,-0.005009607403,-0.04,0.3277672332
2018-04-19,0.1159462461,1.021712599,0.4201013846,-0.005158593786,0.02,0.3928604889
2018-04-20,0.1142372757,1.037412472,-0.2572236167,0.0003842632566,0.06,0.4634245944
2018-04-21,0.1125280367,-0.007090401236,-0.2600624388,0.006515727811,0.1,0.6421530343
2018-04-22,0.1108185134,-0.007090401236,-0.2629114649,0.006515727811,0.1,0.6407418151
2018-04-23,0.2755506517,0.12868454,-0.2630586687,0.00441397803,0.11,0.6393330365
2018-04-24,0.2699044338,0.1248375203,-0.2609955496,0.01274423033,0.09,0.5304261422
2018-04-25,0.2642306375,0.1209808041,0.3440457219,0.01072595533,0.12,0.8529863205
2018-04-26,0.2585280915,0.1171141369,0.3462913474,0.01500629826,0.11,0.8122860814
2018-04-27,0.2527955842,0.1132372599,0.3485435184,0.01462121226,0.12,0.4997125827
2018-04-28,0.2470318626,-0.02747952942,0.3508022937,0.0128482975,0.09,0.3369823489
2018-04-29,0.2412356288,-0.02747952942,0.3530677329,0.0128482975,0.09,0.3360257283
2018-04-30,-2.289565977,-2.057160715,0.3580074853,0.015269,0.08,0.3350697702
2018-05-01,-2.261291174,-2.031185399,0.3600758097,0.01835219562,0.06,0.4340871822
2018-05-02,-2.233839968,-2.005929119,-0.7501112542,0.02447760692,0.13,0.345273668
2018-05-03,-2.207171114,-1.981356754,-0.7454481072,0.02676844641,0.1,0.4357869208
2018-05-04,-2.181246206,-1.957435539,-0.8744853569,0.02744859973,0.09,0.4192455688
2018-05-05,-2.156029434,0.02578749349,-0.8688334167,0.02809856318,0.1,0.1966386179
2018-05-06,-2.131487364,0.02578749349,-0.8632158486,0.02809856318,0.1,0.1940174057
2018-05-07,-3.025917971,-0.7487484283,-1.022516234,0.02980118532,0.08,0.1913955688
2018-05-08,-2.978626825,-0.7436601818,-1.0153581,0.03305199076,0.1,0.1849174826
2018-05-09,-2.933590092,-0.7386522779,-0.5067037093,0.03690985682,0.1,0.1748371925
2018-05-10,-2.890652222,-0.7337286471,-0.636776305,0.0312696185,0.07,-0.07850311505
2018-05-11,-2.849673515,-0.7288937086,-0.4940458434,0.02057983688,0.01,-0.1177134692
2018-05-12,-2.810528184,0.08937622099,-0.4878370686,0.01946778802,0.03,-0.2331502429
2018-05-13,-2.773102709,0.08937622099,-0.4816101998,0.01946778802,0.03,-0.235326898
2018-05-14,-2.660249663,0.1407146785,-0.9338381459,0.01240668593,0.02,-0.2375087939
2018-05-15,-2.612606246,0.1343083331,-1.11377936,0.0148670933,0.02,-0.1850351578
2018-05-16,-2.567033366,0.127841543,-1.116954574,0.01723448873,0.04,0.1463812964
2018-05-17,-2.523379072,0.1213118311,-0.9685932233,0.01775894576,0.1,-0.09228720394
2018-05-18,-2.481506608,0.1147166003,-0.9658548807,0.01997920741,0.16,-0.0918262329
2018-05-19,-2.441292511,0.05538643191,-0.9633968884,0.02329869428,0.12,-0.09482205706
2018-05-20,-2.402624996,0.05538643191,-0.9612405649,0.02329869428,0.12,-0.09585625229
2018-05-21,-2.982770584,-0.6089243162,-0.3776569081,0.02177501891,0.13,-0.09689102123
2018-05-22,-2.919249436,-0.6060986685,-0.609487146,0.01726646893,0.09,-0.1656026111
2018-05-23,-2.859107058,-0.6032809162,-0.6077090681,0.009367979122,0.11,-0.1402672477
2018-05-24,-2.802044704,-0.6004709816,-0.6042903751,0.0137320374,0.09,-0.2679576723
2018-05-25,-2.747799422,-0.5976687875,-0.6007569257,0.01123356009,0.07,-0.2796524429
2018-05-26,-2.696138714,0.06705042727,-0.5972342361,0.01210249433,0.05,-0.146285907
2018-05-27,-2.646856143,0.06705042727,-0.5937221649,0.01210249433,0.05,-0.148832267
2018-05-28,-2.658905278,0.02701588303,-0.5892126187,0.009154207978,0.06,-0.1513851551
2018-05-29,-2.62927737,0.03651377212,-0.9354203521,0.004693732386,0.03,-0.1539621915
2018-05-30,-2.600888273,0.04623159292,-0.1071494496,0.01200287153,-0.09,0.592645451
2018-05-31,-2.573681856,0.05618346004,-0.1030403944,0.01148589285,-0.02,0.1771854741
2018-06-01,-2.547607128,0.06638477941,-0.6903394228,0.01545726651,-0.06,0.270128582
2018-06-02,-2.522617807,0.118560138,-0.6843222291,0.01398018039,-0.02,-0.1240468616
2018-06-03,-2.498671941,0.118560138,-0.6783281202,0.01398018039,-0.02,-0.1272983011
2018-06-04,-0.4784191777,2.592080481,-2.116036817,0.01284780088,-0.05,-0.1305614973
2018-06-05,-0.4748388399,2.565171564,-1.625843891,0.005353809971,-0.08,-0.2764090502
2018-06-06,-0.4712652087,2.539380133,-2.052309482,0.008599654289,-0.13,-0.3463849007
2018-06-07,-0.4676981462,2.514661082,-2.521103983,0.003572368297,-0.12,-0.5001062461
2018-06-08,-0.4641375156,2.490973538,-1.906322886,0.003181249782,-0.11,-0.4047127844
2018-06-09,-0.4605831807,0.02158980086,-1.890301469,0.003486485059,-0.09,-0.3973835182
2018-06-10,-0.4570350062,0.02158980086,-1.874708698,0.003486485059,-0.09,-0.4000772081
2018-06-11,-0.4256915626,0.05558939487,-0.9444436526,0.004184902463,-0.08,-0.4027812363
2018-06-12,-0.4226858402,0.0548737214,-0.9373857673,0.008238716843,-0.08,-0.3714779948
2018-06-13,-0.4196847213,0.05415803973,-0.8972771371,0.004660082565,-0.04,-0.3763183552
2018-06-14,-0.4166881239,0.05344234876,-0.4089536482,0.006899366302,0,-0.2583399909
2018-06-15,-0.4136959665,0.05272664738,-0.4164379087,0.01142633865,-0.02,-0.4270898592
2018-06-16,-0.4107081679,0.01800690828,-0.4240310551,0.01571547252,-0.03,-0.4578909075
2018-06-17,-0.4077246475,0.01800690828,-0.4317367355,0.01571547252,-0.03,-0.4603668174
2018-06-18,-1.408159137,-1.215972026,0.1123664436,0.01571547252,-0.03,-0.4628516581
2018-06-19,-1.396422102,-1.208256833,0.1118780628,0.01138195587,0.07,-0.3977793333
2018-06-20,-1.384850325,-1.200617115,0.1142934068,0.01760406042,-0.01,-0.1891673093
2018-06-21,-1.373439217,-1.193051373,0.1167140125,0.01329590122,0.05,-0.3060327352
2018-06-22,-1.362184361,-1.185558148,-0.4755553452,0.01595686175,-0.01,0.06755704989
2018-06-23,-1.351081503,0.03864908506,-0.4701101069,0.01321869146,-0.02,-0.1137422834
2018-06-24,-1.340126546,0.03864908506,-0.46466229,0.01321869146,-0.02,-0.1173361506
2018-06-25,-2.100448614,-0.9340712879,-0.4625739755,0.01323500085,-0.04,-0.1209450774
2018-06-26,-2.073347777,-0.9285888951,-1.103253851,0.009103541652,-0.02,0.6048213356
2018-06-27,-2.047022188,-0.9231419419,-0.4605551088,0.01386188228,-0.07,0.310726376
2018-06-28,-2.021432893,-0.9177298708,-0.8877688644,0.01628053269,-0.08,0.7143748754
2018-06-29,-1.996543621,-0.912352135,-0.4627220742,0.01546652918,-0.08,0.491058202
2018-06-30,-1.972320554,0.05759264337,-0.4634354679,0.0102759338,-0.08,0.3298297505
2018-07-01,-1.948732115,0.05759264337,-0.4641494956,0.0102759338,-0.08,0.3253137053
2018-07-02,-2.232489463,-0.3416757435,-0.6759311037,0.01023988811,-0.09,0.3207926647
2018-07-03,-2.205887097,-0.3355328989,-1.44760736,0.01740873226,-0.1,0.2157639165
2018-07-04,-2.180096554,-0.3293554487,-1.435385748,0.009482645734,-0.15,0.3238917567
2018-07-05,-2.155078986,-0.3231416054,-2.862342927,0.004101567173,-0.11,0.3200923001
2018-07-06,-2.130798282,-0.3168895035,-2.413056438,-0.003193988948,-0.1,0.07415624802
2018-07-07,-2.107220842,0.09949451185,-2.37614582,-0.006132988171,-0.11,-0.261867041
2018-07-08,-2.084315364,0.09949451185,-2.340566947,-0.006132988171,-0.11,-0.2653169251
2018-07-09,-1.293698986,1.172938021,-2.310399916,-0.00746410033,-0.1,-0.2687831769
2018-07-10,-1.283929485,1.166112501,-2.282082815,-0.008768996559,-0.04,-0.4132351752
2018-07-11,-1.274276308,1.159426644,-1.208010749,-0.007922212509,-0.07,-0.4263398281
2018-07-12,-1.264736644,1.152881958,-0.4039434749,-0.006625244585,-0.05,-0.2220720525
2018-07-13,-1.255307772,1.146480236,-0.9302545955,-0.004639701619,-0.03,-0.4454237345
2018-07-14,-1.245987058,0.03942953496,-0.9277866474,-0.002066992808,-0.06,-0.5332247568
2018-07-15,-1.236771952,0.03942953496,-0.9253271262,-0.002066992808,-0.06,-0.5369395691
2018-07-16,-2.001124149,-1.09415222,-0.7627147897,-0.001902265064,-0.05,-0.5406768198
2018-07-17,-1.979364847,-1.087172239,-0.7224583927,-0.004041425717,-0.01,-0.4068864305
2018-07-18,-1.958166331,-1.080298246,-0.4832009673,-0.006555917578,0.05,-0.5728926382
2018-07-19,-1.93750514,-1.073530614,-0.4839691543,-0.004442180068,0.05,-0.5672558282
2018-07-20,-1.917359257,-1.066869882,0.6143236288,0.006071945088,0.01,-0.4059537922
2018-07-21,-1.897708001,0.09873347469,0.6107556932,0.0005536003447,0.04,-0.4097264126
2018-07-22,-1.878531927,0.09873347469,0.6071989381,0.0005536003447,0.04,-0.4113719405
2018-07-23,-2.394882088,-0.7516374287,0.6037897729,-0.007410177871,0.05,-0.4130209895
2018-07-24,-2.357930954,-0.7575656024,1.370180028,0.000903618179,0.14,-0.4654820086
2018-07-25,-2.32231543,-0.7635555679,1.359992031,-0.001038631442,0.13,-0.5112619095
2018-07-26,-2.287952663,-0.7696086477,1.030075071,-0.0004762077576,0.1,-0.5360293924
2018-07-27,-2.254766828,-0.7757262042,0.4605634075,0.002442233325,0.17,-0.5685175207
2018-07-28,-2.22268838,0.08455044336,0.4594456118,0.001506532153,0.14,-0.3799354133
2018-07-29,-2.191653401,0.08455044336,0.4583290287,0.001506532153,0.14,-0.3815806373
2018-07-30,-1.63955178,0.9889137366,0.4572136529,0.001509199458,0.11,-0.3832292708
2018-07-31,-1.625290888,0.9968684629,-0.1432145256,0.0002220654933,0.11,-0.1230024854
2018-08-01,-1.611306085,1.004931705,-0.1419475379,-0.001136824794,0.1,-0.4333319775
2018-08-02,-1.59758936,1.013106312,-0.2614693205,0.0009833390968,0.12,-0.3680654085
2018-08-03,-1.584133109,1.02139524,-0.2596997242,0.0008614094746,0.14,-0.5777915495
2018-08-04,-1.570930115,0.1033926267,-0.2579311716,-0.0005173763272,0.11,-0.6992334151
2018-08-05,-1.557973529,0.1033926267,-0.256163646,-0.0005173763272,0.11,-0.7020107459
2018-08-06,-1.762346412,-0.2877185616,-0.5338231884,0.001491443474,0.08,-0.7048004469
2018-08-07,-1.743546335,-0.2942922629,-1.36503775,0.0006946506597,0.06,-0.7871068476
2018-08-08,-1.725145756,-0.3009458604,-1.513247155,-0.003166723725,0.06,-0.8623153376
2018-08-09,-1.70712907,-0.3076818114,-1.270634619,-0.007066486582,0.1,-0.8799222026
2018-08-10,-1.689481498,-0.3145026764,-1.262910255,0.0005232908553,0.04,-0.7886775755
2018-08-11,-1.672189044,0.07974417106,-1.255262783,0.008640917462,0,-0.3799562702
2018-08-12,-1.655238431,0.07974417106,-1.247690697,0.008640917462,0,-0.3817742259
2018-08-13,-2.57488319,-1.664840407,-0.9669804072,0.00772231068,-0.07,-0.3835964275
2018-08-14,-2.535284389,-1.65092184,-0.3346151975,0.01454447482,-0.06,-0.03351993428
2018-08-15,-2.497222034,-1.637289173,-1.243696968,0.01537254444,-0.01,-0.3560241328
2018-08-16,-2.460597886,-1.623934834,-1.317296638,0.01979048495,-0.09,-0.06905061084
2018-08-17,-2.425322417,-1.61085168,-1.463399675,0.01621362881,-0.05,-0.3326003725
2018-08-18,-2.391313845,0.1429170538,-1.450105578,0.01525894737,-0.05,-0.5137731205
2018-08-19,-2.358497298,0.1429170538,-1.437017199,0.01525894737,-0.05,-0.5176174957
2018-08-20,-2.565162219,-0.3306166081,-1.582786718,0.01713520964,-0.06,-0.5214859588
2018-08-21,-2.527689543,-0.3276538759,-1.379639735,0.01437506819,-0.09,-0.5587080505
2018-08-22,-2.491641051,-0.3246932066,-0.7978047355,0.008596871819,-0.1,-0.4805128346
2018-08-23,-2.456929692,-0.3217345214,-0.5198956425,0.004374915502,-0.12,-0.6183853057
2018-08-24,-2.423475911,-0.3187777415,-0.5566814157,0.009567125615,-0.1,-0.585376928
2018-08-25,-2.391206851,0.1581068005,-0.5525418232,0.005189714367,-0.1,-0.6824298119
2018-08-26,-2.360055651,0.1581068005,-0.548412759,0.005189714367,-0.1,-0.6862182228
2018-08-27,-2.294622134,0.2134507919,-0.7466269123,0.003263298272,-0.1,-0.6900304815
2018-08-28,-2.261244979,0.2054405701,-0.7446992097,0.0026217981,-0.11,-0.6558098425
2018-08-29,-2.228986423,0.197291262,-0.9066349216,0.00179687134,-0.08,-0.582917991
2018-08-30,-2.197781664,0.1889933008,-0.9054119809,0.002341670445,-0.05,-0.6426470654
2018-08-31,-2.167571036,0.1805362151,-0.985606309,-0.001842511625,-0.02,-0.3591557969
2018-09-01,-2.138299504,0.113405007,-0.9837135241,-0.0002187217029,0,-0.5141289752
2018-09-02,-2.109916206,0.113405007,-0.9818258626,-0.0002187217029,0,-0.5179606599
2018-09-03,-2.01638687,0.2715657865,-0.9799432961,-0.005010840132,0,-0.5218162591
2018-09-04,-1.991425751,0.2718989884,-0.9774536407,-0.003336007954,-0.02,-0.5256961257
2018-09-05,-1.967133668,0.2722322824,-2.065805907,-0.002554870667,0.02,-0.4609814358
2018-09-06,-1.943478804,0.2725656687,-1.431607455,0.0009254930148,0.02,-0.2936017185
2018-09-07,-1.920431416,0.2728991473,-1.41891651,0.000995338498,0.01,-0.1287888976
2018-09-08,-1.897963664,0.1149958167,-1.406414138,0.0004164705821,0.05,-0.07969983046
2018-09-09,-1.876049459,0.1149958167,-1.394094747,0.0004164705821,0.05,-0.08335265317
2018-09-10,-2.058899571,-0.3912988422,-1.309079044,0.00202185563,0.09,-0.08702032149
2018-09-11,-2.033466437,-0.386167984,-0.9538574393,0.007200044967,0.07,-0.2562982165
2018-09-12,-2.008730763,-0.3810301709,0.1079270065,0.009168330943,0.12,-0.4778546889
2018-09-13,-1.984659102,-0.3758848264,0.1083001697,0.001104360295,0.12,-0.5018233679
2018-09-14,-1.961220216,-0.3707313638,-0.2473686399,0.002890002949,0.14,-0.6857679652
2018-09-15,-1.938384897,0.146449244,-0.2456993638,0.004112730362,0.16,-0.7605309414
2018-09-16,-1.916125795,0.146449244,-0.24403097,0.004112730362,0.16,-0.7654028203
2018-09-17,-1.638515689,0.8146591917,-0.04600480879,0.007006138316,0.15,-0.770315301
2018-09-18,-1.622216214,0.8081024376,-0.0456993318,0.00504127244,0.12,-0.3969722655
2018-09-19,-1.6062225,0.8015789285,-0.05008758379,0.001124543649,0.15,-0.6109640708
2018-09-20,-1.590523737,0.7950878256,-0.05205580864,-0.003827683257,0.17,-0.8604618614
2018-09-21,-1.575109632,0.7886283017,0.3030035512,-0.00679585738,0.14,-0.852083202
2018-09-22,-1.55997038,0.1125227615,0.2998749625,-0.006699598777,0.14,-0.8833600262
2018-09-23,-1.545096634,0.1125227615,0.296747375,-0.006699598777,0.14,-0.8861544925
2018-09-24,-1.585153698,-0.03232235104,0.2936206933,-0.006699598777,0.14,-0.8889615172
2018-09-25,-1.569991985,-0.02881349236,0.2909821763,-0.01156467442,0.12,-0.7683498091
2018-09-26,-1.555098531,-0.02529453892,0.3281901659,-0.008954427845,0.13,-0.716904743
2018-09-27,-1.540464348,-0.02176528819,0.3266996532,-0.008495576456,0.12,-0.6058377124
2018-09-28,-1.526080861,-0.01822553458,0.3344170918,-0.005264370545,0.07,-0.720990154
2018-09-29,-1.51193988,0.1312401017,0.3422527634,-0.006754138535,0.07,-0.7917834506
2018-09-30,-1.498033579,0.1312401017,0.350211002,-0.006754138535,0.07,-0.7931667637
2018-10-01,-1.677988208,-0.4103237748,0.3635771049,-0.007608113694,0.07,-0.7945530283
2018-10-02,-1.66112307,-0.4087155902,0.08565672122,-0.007685796011,0.09,-0.8249808524
2018-10-03,-1.644586348,-0.4071094001,-0.2406753199,-0.002834899912,0.08,-0.8145684385
2018-10-04,-1.628366186,-0.4055051907,-1.13723343,0.002019717924,0.12,-0.9205445001
2018-10-05,-1.612451315,-0.4039029481,-1.129082599,0.005444230825,0.14,-0.2962889178
2018-10-06,-1.596831012,0.1383790268,-1.121029134,0.004342234344,0.18,-0.155784064
2018-10-07,-1.581495074,0.1383790268,-1.113071748,0.004342234344,0.18,-0.1597137562
2018-10-08,-1.589467725,0.08913354925,-1.319737627,0.00566383241,0.18,-0.1636636523
2018-10-09,-1.577087389,0.09830047519,-1.011883555,0.006918106877,0.15,0.04535528809
2018-10-10,-1.564955356,0.107660747,-0.664031788,0.008843569737,0.11,0.1072563043
2018-10-11,-1.553066267,0.1172252675,1.555753408,0.009764852347,0.14,1.78648234
2018-10-12,-1.541415107,0.1270058093,1.540957473,0.007906799319,0.1,2.24043796
2018-10-13,-1.529997187,0.1881342951,1.526415578,0.007569383816,0.11,1.356386502
2018-10-14,-1.518808142,0.1881342951,1.512119329,0.007569383816,0.11,1.348128831
2018-10-15,-1.732697601,-0.4825211094,2.519794163,0.00739011064,0.11,1.339959253
2018-10-16,-1.718988542,-0.479506547,3.048288812,0.002856132859,0.09,1.423908726
2018-10-17,-1.705600774,-0.4764980219,2.990647214,0.001956473738,0.11,0.5344990855
2018-10-18,-1.692527075,-0.4734954495,1.713393642,0.001729275021,0.15,0.4983379491
2018-10-19,-1.679760745,-0.4704987459,1.698347275,0.008863196427,0.16,1.256621501
2018-10-20,-1.667295587,0.2020285185,1.68361621,0.00921730252,0.18,1.251262006
2018-10-21,-1.655125896,0.2020285185,1.669191119,0.00921730252,0.18,1.295191686
2018-10-22,-0.7439268455,2.82234387,0.4718972717,0.009077211648,0.14,1.34271288
2018-10-23,-0.737615861,2.781491564,0.1788628363,0.01126296584,0.16,1.295817654
2018-10-24,-0.7313289176,2.742402707,0.176597408,0.008831704435,0.09,1.639046291
2018-10-25,-0.7250652388,2.704966615,0.4205145254,0.006005927453,0,2.95248047
2018-10-26,-0.7188240537,2.669082967,0.4174608182,0.008048987003,0.02,2.616316927
2018-10-27,-0.7126045963,0.1021001794,0.4144116152,0.007960824364,-0.05,2.566397817
2018-10-28,-0.7064061049,0.1021001794,0.4113668308,0.007960824364,-0.05,2.535125931
2018-10-29,-0.698761692,0.1126956153,0.8179625147,0.007960824364,-0.05,2.504800067
2018-10-30,-0.6925791931,0.1193141703,1.262974034,0.01077375122,-0.02,2.62329322
2018-10-31,-0.6864159933,0.1260111688,1.262118696,0.01420940395,0.01,2.226605567
2018-11-01,-0.6802714003,0.1327893356,0.8919069049,0.01853638838,0.08,1.627301253
2018-11-02,-0.6741447295,0.1396515214,1.816296693,0.01308570234,0.09,1.096670758
2018-11-03,-0.6680353042,0.1354887061,1.802686837,0.01113849807,0.13,1.138126662
2018-11-04,-0.6619424555,0.1354887061,1.789297819,0.01113849807,0.13,1.132066714
2018-11-05,-0.8881932051,-0.5216141967,1.544711913,0.0140120128,0.13,1.126054639
2018-11-06,-0.8810786395,-0.5280255352,0.5832529399,0.01586267508,0.11,1.242640683
2018-11-07,-0.8740071912,-0.5345123755,0.5043537401,0.01214533766,0.09,1.225479211
2018-11-08,-0.8669777919,-0.5410766957,0.4259704402,0.003793012148,0.08,0.2483840744
2018-11-09,-0.8599893915,-0.5477205462,-0.4809218895,0.006887713124,0.08,0.3571511126
2018-11-10,-0.8530409572,0.1175076793,-0.47570121,0.01411410915,0.06,0.5395355948
2018-11-11,-0.8461314726,0.1175076793,-0.4704812896,0.01411410915,0.06,0.543166074
2018-11-12,-0.774276288,0.2996923805,-0.2288302205,0.01128338522,0.06,0.5468179209
2018-11-13,-0.767773774,0.297571488,0.9291496659,0.01139841844,0.07,1.410386757
2018-11-14,-0.7612985933,0.2954522091,0.8932746233,0.01121468596,0.09,1.285412664
2018-11-15,-0.7548498989,0.293334515,1.091233686,0.008788298894,0.03,1.618702131
2018-11-16,-0.7484268508,0.2912183771,1.085485959,0.007907476207,0.09,1.257180427
2018-11-17,-0.7420286152,0.1069732899,1.079781013,0.003921262979,0.04,0.7412845211
2018-11-18,-0.7356543643,0.1069732899,1.07411818,0.003921262979,0.04,0.7367062263
2018-11-19,-1.099560972,-0.9252396074,0.8716305793,0.0002778410542,0.04,0.7321484828
2018-11-20,-1.091186891,-0.9185999838,0.1192417753,-0.002149081564,0,1.266375416
2018-11-21,-1.082896288,-0.9120060312,0.2320956516,-0.002500684384,-0.01,1.903220418
2018-11-22,-1.074687499,-0.9054568512,0.2322611618,0.001953123314,-0.03,1.433377758
2018-11-23,-1.066558914,-0.8989515648,0.5096014381,0.003882638811,-0.07,1.423242102
2018-11-24,-1.058508981,0.13346524,0.5112225809,0.007162560639,-0.07,1.60467624
2018-11-25,-1.050536203,0.13346524,0.5128474272,0.007162560639,-0.07,1.590434088
2018-11-26,-0.6640185644,1.179593341,0.5159741846,0.006640277262,-0.05,1.576434103
2018-11-27,-0.6579895022,1.180785024,0.5694331691,0.009160434813,-0.04,0.8744879344
2018-11-28,-0.6519778327,1.181978846,0.4214380217,0.01430084884,0,0.9051491026
2018-11-29,-0.6459830457,1.183174812,0.4342384183,0.01025959854,-0.05,0.7621719072
2018-11-30,-0.6400046513,1.184372931,0.1562844329,-0.002418486613,-0.1,0.8533671453
2018-12-01,-0.6340421814,0.1362845563,0.1643628793,-0.0005563291889,-0.11,0.6743313804
2018-12-02,-0.6280951918,0.1362845563,0.1725762627,-0.0005563291889,-0.11,0.6899285884
2018-12-03,-0.802176044,-0.3423043285,0.1794989025,-0.0005563291889,-0.11,0.7060532038
2018-12-04,-0.7957183576,-0.3450884766,-0.1563423084,-0.00654584664,-0.1,0.2566826255
2018-12-05,-0.7892953526,-0.3478832824,-0.1565946126,-0.004250716751,-0.15,1.471137463
2018-12-06,-0.7829063796,-0.350688866,-0.1568469499,-0.003293348604,-0.14,1.479803962
2018-12-07,-0.776550812,-0.3535053492,-0.1570993203,0.004082783988,-0.09,1.602614525
2018-12-08,-0.7702280464,0.1257944703,-0.1573517239,0.001370704364,-0.1,2.161523905
2018-12-09,-0.7639375036,0.1257944703,-0.1576041607,0.001370704364,-0.1,2.144626947
2018-12-10,0.0568539893,2.195997688,0.05817835878,0.0008518276791,-0.11,2.128043409
2018-12-11,0.06433304931,2.169037217,0.1439388599,0.003767312733,-0.1,1.970035425
2018-12-12,0.07192118573,2.142840145,1.112701097,0.005723047238,-0.03,1.722725453
2018-12-13,0.07962308446,2.117369035,1.112642278,0.001114633222,-0.01,1.634271103
2018-12-14,0.0874437043,2.092588975,1.115097928,-0.000634491072,-0.01,1.40498099
2018-12-15,0.09538829834,0.08632187614,1.117562922,0.00273629641,-0.02,1.675185717
2018-12-16,0.1034624375,0.08632187614,1.120037327,0.00273629641,-0.02,1.674605079
2018-12-17,0.3329925761,0.6044114579,0.9119803806,0.001450856108,-0.04,1.674024886
2018-12-18,0.3396960476,0.5992107474,0.8304145792,-0.003822922307,-0.1,2.453474156
2018-12-19,0.3464835785,0.5940230068,1.547732956,-0.003608529345,-0.11,2.708051545
2018-12-20,0.3533577464,0.5888478074,1.545672599,-0.001105889096,-0.08,2.671927506
2018-12-21,0.360321238,0.5836847228,1.172227563,-0.003390514805,-0.01,3.33947335
2018-12-22,0.3673768553,0.05896551589,1.180256953,-0.001634697156,-0.02,3.678223141
2018-12-23,0.3745275221,0.05896551589,1.188390637,-0.001634697156,-0.02,3.571945698
2018-12-24,1.091987028,1.654503795,1.695966997,0.002734981972,0,3.473618163
2018-12-25,1.106279082,1.651880283,1.688369231,0.001856851731,0.02,4.682890664
2018-12-26,1.12092924,1.649265805,1.889791362,0.001856851731,0.02,4.473374991
2018-12-27,1.135954386,1.646660305,2.914926163,-0.002430431163,0.07,3.137058793
2018-12-28,1.151372546,1.644063727,2.542021392,-0.0007925247686,0.07,2.97280308
2018-12-29,1.167202993,0.05499160628,2.501911819,-0.003114105476,0.03,2.581049019
2018-12-30,1.17549818,0.03798408689,2.463331631,-0.003114105476,0.03,2.53821511
2018-12-31,1.193663918,0.03880191806,2.777550178,-0.00815430265,0,2.497100148
2019-01-01,1.212401811,0.0396199643,2.726710859,-0.01018359593,-0.08,1.874723124
2019-01-02,1.23174544,0.04043822737,2.22774323,-0.005627190862,-0.1,1.85627593
2019-01-03,1.251731235,0.04125670901,2.969570941,-0.005399605146,-0.12,1.399606603
2019-01-04,1.272398793,0.05909280521,0.9239832028,-0.01136912407,-0.19,1.83130273
2019-01-05,1.293791238,0.05909280521,0.9235733868,-0.01547992123,-0.16,1.006068377
2019-01-06,1.559839429,0.5411072855,0.9231638195,-0.01547992123,-0.16,0.9993851061
2019-01-07,1.55812936,0.5357904706,1.581809058,-0.01263254251,-0.14,0.9927535566
2019-01-08,1.556423241,0.5305231917,1.392229653,-0.01589087789,-0.09,0.9904818949
2019-01-09,1.554721056,0.5253107316,1.349392252,-0.01154068836,-0.06,0.7999818937
2019-01-10,1.553022789,0.5201593002,0.7179878119,-0.01618451572,-0.12,0.6984763883
2019-01-11,1.551328424,-0.00542862177,0.5331022015,-0.01869772428,-0.09,0.5996359323
2019-01-12,1.549637945,-0.00542862177,0.5292994497,-0.01877688266,-0.14,0.3362656852
2019-01-13,1.547951335,-0.00542862177,0.5255057574,-0.01877688266,-0.14,0.3335699785
2019-01-14,1.675466551,0.2828143494,0.1610682359,-0.01873888943,-0.11,0.3308766165
2019-01-15,1.665445363,0.277739894,0.3381932099,-0.01873888943,-0.09,0.5024527844
2019-01-16,1.655549526,0.2726497765,0.3675735301,-0.01529502343,-0.13,0.4058523465
2019-01-17,1.64577622,0.267543328,0.04174456399,-0.01599842059,-0.12,0.4890936222
2019-01-18,1.63612271,0.262419864,0.2207458081,-0.01133480581,-0.03,0.2904771875
2019-01-19,1.626586348,-0.03485369818,0.2195384805,-0.01006885395,-0.03,0.2348974431
2019-01-20,1.617164566,-0.03485369818,0.218331667,-0.01006885395,-0.03,0.2310884995
2019-01-21,1.154780568,-1.049326744,0.2155097016,-0.008734297042,-0.02,0.2272748965
2019-01-22,1.152260711,-1.042684675,1.678692511,-0.008734297042,-0.02,0.2236398503
2019-01-23,1.149749912,-1.036095973,1.661634614,-0.008765739331,-0.01,0.8179986586
2019-01-24,1.147248107,-1.029559669,1.644880686,-0.007676105253,0.08,0.5575198645
2019-01-25,1.144755233,-1.023074821,1.628448759,-0.003175276847,0.04,0.427485102
2019-01-26,1.142271229,-0.01280092458,1.612327226,-0.008369998461,0.06,0.1304599123
2019-01-27,1.139796032,-0.01280092458,1.596505046,-0.008369998461,0.06,0.1273933335
2019-01-28,0.8150183373,-0.7283954742,1.581810584,-0.004740631339,0.05,0.1243227913
2019-01-29,0.8127052695,-0.7297579011,0.8318966687,-0.005891320435,0.06,0.4107525794
2019-01-30,0.8103992686,-0.7311231567,1.775287481,-0.001004024861,0.03,0.4585028056
2019-01-31,0.8081002845,-0.7324912541,1.756399176,0.0002060507007,-0.07,0.1595405261
2019-02-01,0.8058082674,-0.7338622061,1.737914881,-0.004296722916,-0.1,-0.0629348889
2019-02-02,0.8035231678,-0.01708389569,1.719818786,-0.002504375642,-0.06,-0.1520140272
2019-02-03,0.8012449368,-0.01708389569,1.702095929,-0.002504375642,-0.06,-0.154511975
2019-02-04,1.438398421,1.418780027,0.9608339232,-0.002504375642,-0.08,-0.1570162166
2019-02-05,1.428743412,1.4072032,-0.1725378971,-0.004054566985,-0.05,-0.2420907749
2019-02-06,1.4192067,1.395788689,-1.242925309,-0.0008226955326,-0.07,-0.2732392755
2019-02-07,1.409785547,1.384532056,-1.459479191,-0.001582008802,-0.12,-0.312044675
2019-02-08,1.400477306,1.373429022,-2.149203375,-0.001083294052,-0.15,-0.1126394107
2019-02-09,1.39127941,-0.04626640145,-2.123701767,-0.0005036749943,-0.15,-0.2461154621
2019-02-10,1.382189373,-0.04626640145,-2.098892233,-0.0005036749943,-0.15,-0.2481459263
2019-02-11,1.080425887,-0.7411955801,-1.540844042,-0.0005036749943,-0.15,-0.2501809385
2019-02-12,1.087766481,-0.7405511429,-1.100142988,0.00241298568,-0.12,-0.2023693802
2019-02-13,1.095196266,-0.7404295253,-1.297404813,0.001342341627,-0.11,-0.3149308421
2019-02-14,1.102717297,-0.7409050005,-1.304879654,0.002824188384,-0.1,-0.2740357655
2019-02-15,1.110331701,-0.7420673067,-0.6029733678,0.009480817789,-0.16,-0.1614878291
2019-02-16,1.118041672,0.03570425882,-0.6081631132,0.008530104885,-0.17,-0.4318682598
2019-02-17,1.125849478,0.03570425882,-0.6133998959,0.008530104885,-0.17,-0.4347730493
2019-02-18,1.600330001,1.176935135,-0.6139764037,0.008242716931,-0.17,-0.4376903557
2019-02-19,1.604684257,1.169395036,-0.9109869486,0.008474383035,-0.14,-0.4404213769
2019-02-20,1.609064641,1.161926284,-0.9749079374,0.004355978754,-0.08,-0.4493187421
2019-02-21,1.613471435,1.15452748,-0.3828649821,0.00897927264,-0.02,-0.6275717636
2019-02-22,1.617904923,1.14719726,-0.7167074136,0.006630928981,-0.04,-0.5396937724
2019-02-23,1.622365396,0.01373514674,-0.7144585637,0.004543104994,-0.08,-0.7376763306
2019-02-24,1.626853149,0.01373514674,-0.7122159261,0.004543104994,-0.08,-0.7397645332
2019-02-25,1.474127902,-0.3483482727,-0.7082384158,0.003468666961,-0.12,-0.7418595837
2019-02-26,1.47043787,-0.3563521011,-0.4108133149,0.0008996598654,-0.09,-0.4673972201
2019-02-27,1.466766319,-0.3644847015,-0.3427843528,-0.001416434315,-0.12,-0.4029386174
2019-02-28,1.46311308,-0.3727509446,-0.5705776045,-0.003474494883,-0.05,-0.5025491901
2019-03-01,1.459477985,-0.3811559599,-0.4741717013,-0.002630560793,-0.03,-0.4860814353
2019-03-02,1.455860869,-0.01542624669,-0.4734442563,0.0003205231777,-0.01,-0.737089575
2019-03-03,1.45226157,-0.01542624669,-0.4727173716,0.0003205231777,-0.01,-0.7368374832
2019-03-04,2.113910076,1.672878909,-1.788457431,-0.004294494528,-0.03,-0.7365854815
2019-03-05,2.090302523,1.658675665,-2.294121989,-0.0003242403667,-0.07,-0.514057381
2019-03-06,2.067296601,1.644763335,-2.263089203,-0.001189308922,-0.06,-0.4900881051
2019-03-07,2.044865626,1.631133924,-2.235443865,-0.00112336415,-0.03,-0.2808776741
2019-03-08,2.022984543,1.617779875,-1.777495769,0.004344638728,-0.06,-0.1043933793
2019-03-09,2.001629802,-0.07836212446,-1.760787112,0.003196735781,-0.08,-0.216339484
2019-03-10,1.980779246,-0.07836212446,-1.744404176,0.003196735781,-0.08,-0.2163050515
2019-03-11,1.126102607,-2.268165167,-0.4817564974,0.003196735781,-0.08,-0.2162706197
2019-03-12,1.119842797,-2.241136605,0.4839499815,0.006342847168,-0.05,-0.5716325204
2019-03-13,1.11363348,-2.214866858,0.8030471779,0.003220738413,-0.05,-0.6851637938
2019-03-14,1.107473813,-2.189319259,0.7974119474,0.001991981423,-0.09,-0.7566628972
2019-03-15,1.101362967,-2.164459582,0.7911983642,0.004536560265,-0.05,-0.7363157415
2019-03-16,1.095300135,-0.04457003326,0.7850250963,0.002711959927,-0.09,-0.8637992362
2019-03-17,1.089284527,-0.04457003326,0.7788919316,0.002711959927,-0.09,-0.8631143683
2019-03-18,0.5052233626,-1.52016427,0.6113226116,0.003817927438,-0.1,-0.8624301815
2019-03-19,0.5068401652,-1.508106285,1.203191642,0.003233139327,-0.08,-0.8175686484
2019-03-20,0.5084606394,-1.496265235,0.7250609048,0.001719627873,-0.1,-0.7237439842
2019-03-21,0.5100848069,-1.484636121,0.7200866821,-0.0004220698762,-0.2,-0.6517277793
2019-03-22,0.5117126899,-1.473214212,0.714207078,-0.00321817404,-0.22,-0.7109803274
2019-03-23,0.5133443104,0.01537668458,0.7083503175,0.001297397348,-0.26,-0.1251320026
2019-03-24,0.5149796907,0.01537668458,0.7025157923,0.001297397348,-0.26,-0.1289318226
2019-03-25,0.9510757424,1.121336767,1.191464247,-6.016086492e-05,-0.24,-0.1327494122
2019-03-26,0.9464378763,1.113431464,0.2491233629,-0.003370091634,-0.24,-0.1671211135
2019-03-27,0.9418271973,1.105621959,0.7416588142,-0.002870279043,-0.23,-0.5141557367
2019-03-28,0.9372433442,1.097907217,0.7362881656,-0.0031829072,-0.19,-0.4193146483
2019-03-29,0.9326859622,1.090286289,0.7342204927,-0.0008824556887,-0.16,-0.5717981541
2019-03-30,0.9281547025,-0.03859244983,0.7321582411,-0.001931347028,-0.19,-0.723707783
2019-03-31,0.9236492223,-0.03859244983,0.7301013753,-0.001931347028,-0.19,-0.724832938
2019-04-01,1.038250355,0.2722940955,0.3979915759,-0.00138425471,-0.2,-0.7259600005
2019-04-02,1.030984636,0.267162459,-0.879084904,-2.436074787e-05,-0.12,-0.79209481
2019-04-03,1.023779365,0.2620133512,-1.742818927,0.003312787832,-0.11,-0.8018563845
2019-04-04,1.016633337,0.2568460533,-2.138460016,-0.0006002265006,-0.08,-0.7240119532
2019-04-05,1.009545376,0.2516598282,-2.295341397,0.00338798148,-0.04,-0.7596928075
2019-04-06,1.002514337,-0.06885466891,-2.261952025,0.003413290976,-0.05,-0.919361913
2019-04-07,0.9955391006,-0.06885466891,-2.229681973,0.003413290976,-0.05,-0.9190413244
2019-04-08,1.284607677,0.7273694143,-2.289566343,0.004675914801,-0.04,-0.9187208884
2019-04-09,1.27597946,0.7302853126,-1.212466226,0.003999740879,-0.05,-0.8415152112
2019-04-10,1.267445173,0.7332149482,-0.9935119301,0.003339439286,0.02,-0.6119908544
2019-04-11,1.259002784,0.7361584597,-0.5843627571,0.0022641992,-0.04,-0.8184623413
2019-04-12,1.25065032,0.739115988,-0.3971725607,-0.0004821878248,0.03,-0.8786837965
2019-04-13,1.242385865,-0.06075756548,-0.396394468,-0.002899230592,0.07,-1.092116182
2019-04-14,1.23420756,-0.06075756548,-0.3956169189,-0.002899230592,0.07,-1.092809604
2019-04-15,0.832135283,-1.147191137,-0.3013026852,-0.0005593569493,0.06,-1.093503754
2019-04-16,0.8274162332,-1.142685622,-0.5917346439,-0.001277025577,0.06,-1.030052726
2019-04-17,0.8227221166,-1.13820784,-0.5019974792,-0.003897526413,0.09,-1.061980674
2019-04-18,0.8180525774,-1.133757452,-0.4408349541,-0.006455077778,0.09,-0.9763570795
2019-04-19,0.8134072656,-1.129334124,-0.4439259598,-0.003732940989,0.09,-1.085890259
2019-04-20,0.8087858371,-0.04891384414,-0.447031413,-0.003816319848,0.09,-1.084039333
2019-04-21,0.8041879532,-0.04891384414,-0.4501514877,-0.003816319848,0.09,-1.082193356
2019-04-22,-0.05417496873,-2.393454507,-0.5809001063,-0.002075064253,0.03,-1.080352303
2019-04-23,-0.05776315951,-2.391944045,-0.5796698454,-0.003022134814,0.06,-1.00712059
2019-04-24,-0.06136479491,-2.390436013,-0.391391865,0.003806623193,0.01,-1.034966285
2019-04-25,-0.06498011721,-2.388930405,-0.3963044036,0.003905376808,-0.04,-0.851658104
2019-04-26,-0.06860937295,-2.387427214,-0.4657432972,0.006943393469,-0.04,-0.8282084364
2019-04-27,-0.07225281303,-0.04765432188,-0.4701979276,0.004384522921,-0.06,-0.937868121
2019-04-28,-0.07591069282,-0.04765432188,-0.4746856506,0.004384522921,-0.06,-0.9380104608
2019-04-29,-0.05845042079,0.009538038425,-0.4809015338,0.006865505326,-0.07,-0.9381528311
2019-04-30,-0.06316932553,0.006842810353,-0.4852736728,0.008649103614,-0.02,-0.8590349732
2019-05-01,-0.06791760149,0.004142748636,-0.2560293464,0.00787577047,0.02,-0.8573104012
2019-05-02,-0.07269594543,0.001437773855,-0.05830009605,0.003244342901,0.02,-0.5061421252
2019-05-03,-0.07750507313,-0.001272194188,-0.1938699973,0.01056901824,0.05,-0.5888588003
2019-05-04,-0.08234572014,-0.06142835267,-0.1956416429,0.007970925143,0.02,-0.918006459
2019-05-05,-0.08721864251,-0.06142835267,-0.197416261,0.007970925143,0.02,-0.9194355083
2019-05-06,0.5809226279,1.71437954,-0.6016415973,0.006721690904,0.02,-0.920867733
2019-05-07,0.575099453,1.697761396,-0.736230151,0.006152136985,-0.04,-0.3797800211
2019-05-08,0.5692815686,1.681464918,-0.7039446377,0.009583972629,-0.07,0.4390583334
2019-05-09,0.5634682386,1.665478711,-0.7052497646,0.007059707621,0,0.4508787895
2019-05-10,0.5576587197,1.649791933,-0.5740746053,0.009977532243,-0.02,0.3826225742
2019-05-11,0.5518522601,-0.09268533206,-0.5764414388,0.007286109486,-0.03,-0.2731943105
2019-05-12,0.5460480993,-0.09268533206,-0.5788168394,0.007286109486,-0.03,-0.2763501439
2019-05-13,0.6747839896,0.2493374192,-0.8170177555,0.006656826645,-0.05,-0.2795193474
2019-05-14,0.6686556986,0.2487005575,-0.3101400625,0.006575325336,-0.07,0.68133313
2019-05-15,0.6625424896,0.2480639257,-0.3529789827,0.004538259398,-0.01,0.1431395346
2019-05-16,0.656443588,0.247427523,-0.7363049348,0.0007393913324,-0.02,-0.2073727091
2019-05-17,0.650358218,0.2467913486,-0.7412862999,0.004831277652,0.02,-0.4554425531
2019-05-18,0.6442856011,-0.09568848201,-0.7463103468,0.008411220619,0.04,-0.3123140301
2019-05-19,0.6382249566,-0.09568848201,-0.7513778368,0.008411220619,0.04,-0.3133611717
2019-05-20,1.363685954,1.724426999,0.3897476161,0.008009681214,0,-0.3144094651
2019-05-21,1.353675457,1.70647446,-0.002339135156,0.008530444879,0.04,-0.2410524894
2019-05-22,1.343824872,1.688889077,0.4174510553,0.01114935193,0.01,-0.5363656044
2019-05-23,1.334131489,1.671656967,0.6977330841,0.005879975805,-0.06,-0.5815245417
2019-05-24,1.324592769,1.654764966,0.6926846021,0.008434506345,-0.05,-0.1167934983
2019-05-25,1.315206345,-0.1409345721,0.6876564348,0.007079363482,-0.07,-0.3526822399
2019-05-26,1.305970015,-0.1409345721,0.6826481939,0.007079363482,-0.07,-0.3568327978
2019-05-27,-0.02900405032,-3.269419214,0.678148023,0.006062518038,-0.04,-0.3610104147
2019-05-28,-0.03424849298,-3.189624702,0.3219726256,0.004056686353,-0.02,-0.3633003278
2019-05-29,-0.03953135564,-3.114786729,0.1446358127,0.006927978628,-0.09,-0.006898710462
2019-05-30,-0.0448536903,-3.044399717,0.142025067,0.006141117953,-0.1,0.07558018452
2019-05-31,-0.05021658302,-2.978027603,0.2459803453,0.007491340167,-0.11,-0.06120182303
2019-06-01,-0.05562115547,-0.05611114715,0.2448417294,0.01033380823,-0.19,0.244152844
2019-06-02,-0.06106856654,-0.05611114715,0.2437036859,0.01033380823,-0.19,0.2387792643
2019-06-03,0.5770365563,1.313459372,0.5208855425,0.007007721175,-0.15,0.2333813622
2019-06-04,0.5710173379,1.30306206,2.438067506,0.004604868793,-0.22,0.2616233045
2019-06-05,0.5649992642,1.292794598,2.570812365,0.002024055621,-0.16,-0.1647034657
2019-06-06,0.5589814005,1.282653679,1.891688005,-3.964334776e-05,-0.19,-0.365249258
2019-06-07,0.5529627947,1.272636107,1.870828521,-0.004043865073,-0.19,-0.4052829089
2019-06-08,0.5469424758,-0.08517826466,1.850455092,-0.006107447101,-0.23,-0.3267961979
2019-06-09,0.5409194525,-0.08517826466,1.83054744,-0.006107447101,-0.23,-0.3315342543
2019-06-10,1.310004059,1.495629206,1.417825726,-0.00494446398,-0.25,-0.3363088581
2019-06-11,1.301946738,1.481822685,-0.4104838077,-0.006744670824,-0.18,-0.4228388768
2019-06-12,1.294055208,1.468237905,-0.4376036781,-0.007413894557,-0.17,-0.4163013555
2019-06-13,1.286329608,1.45486788,0.1675747248,-0.006872178174,-0.16,-0.4400582289
2019-06-14,1.278770345,1.441705918,0.1624399778,-0.003903322347,-0.14,-0.4625691748
2019-06-15,1.271378107,-0.1256379843,0.1572798822,-0.001506711716,-0.1,-0.5869851195
2019-06-16,1.264153877,-0.1256379843,0.152093606,-0.001506711716,-0.1,-0.5875619536
2019-06-17,2.631135606,2.580027132,0.7659108023,-0.001506711716,-0.1,-0.5881392445
2019-06-18,2.598062495,2.535954524,0.7594168374,-0.003000410945,-0.05,-0.5716686293
2019-06-19,2.566289921,2.493692894,0.7804001266,-0.005781036177,-0.08,-0.616599163
2019-06-20,2.535748844,2.453116035,0.3859864299,-0.005240599353,-0.12,-0.7980353355
2019-06-21,2.506376149,2.414109743,0.3877332604,-0.01647172512,-0.13,-0.6953412177
2019-06-22,2.478114064,-0.1703754702,0.3894840051,-0.01618815821,-0.06,-0.5403377105
2019-06-23,2.450909668,-0.1703754702,0.3912386906,-0.01618815821,-0.06,-0.5353432303
2019-06-24,1.414830321,-2.116561073,3.683367514,-0.01406894444,0,-0.5303568687
2019-06-25,1.41044578,-2.095043234,3.901897335,-0.01236185406,-0.07,-0.5576272942
2019-06-26,1.406411195,-2.074029925,3.578946626,-0.01201154874,-0.04,-0.3202058571
2019-06-27,1.402741675,-2.053500598,3.316418558,-0.01221189355,-0.04,-0.3352413558
2019-06-28,1.399454142,-2.033435859,3.045288124,-0.009260667307,-0.02,-0.4217034255
2019-06-29,1.396567549,-0.1380547503,2.98667752,-0.009976947695,-0.04,-0.5884753158
2019-06-30,1.394103138,-0.1380547503,2.930939683,-0.009976947695,-0.04,-0.5839811775
2019-07-01,1.389768278,-0.1177295384,-0.6024790271,-0.007948045067,-0.11,-0.579499579
2019-07-02,1.378498951,-0.1095792057,-0.3024705259,-0.005681256793,-0.09,-0.8096733415
2019-07-03,1.367395575,-0.1012857611,-0.2485006483,-0.005303279683,-0.09,-1.062476946
2019-07-04,1.356454035,-0.09284062945,-0.2476939667,-0.007039847787,-0.11,-1.138270642
2019-07-05,1.345670388,-0.0842345305,-0.08443766545,-0.009423177635,-0.15,-1.130198675
2019-07-06,1.335040857,-0.09718206603,-0.08430668072,-0.006837454931,-0.11,-0.9581667178
2019-07-07,1.324561824,-0.09718206603,-0.08417569975,-0.006837454931,-0.11,-0.9511322309
2019-07-08,1.436847833,0.1283679932,-0.02835906328,-0.007374422688,-0.13,-0.9441595564
2019-07-09,1.425255975,0.1274828181,0.0287560922,-0.007372300757,-0.07,-0.7784374982
2019-07-10,1.413847371,0.1265977683,-0.6964348078,-0.005934938496,0,-0.7413847438
2019-07-11,1.402617554,0.1257128417,0.06528381642,0.002467671156,0.06,-0.9841198586
2019-07-12,1.391562256,0.1248280362,0.06902509153,-1.393270677e-05,0.02,-1.000251594
2019-07-13,1.380677408,-0.1015915153,0.07278181588,-0.0006025895677,0.01,-1.118897518
2019-07-14,1.369959128,-0.1015915153,0.07655427571,-0.0006025895677,0.01,-1.110189285
2019-07-15,2.714260532,2.391257468,0.2167098269,0.0009820689559,0.04,-1.101565506
2019-07-16,2.674357034,2.354787687,0.3263052123,0.0003977797609,-0.01,-1.025496755
2019-07-17,2.636087246,2.319624486,0.3766655178,0.003930663892,-0.02,-0.9757567591
2019-07-18,2.599348516,2.285687636,0.1261980187,0.001891597262,-0.02,-0.7129056968
2019-07-19,2.564047491,2.252903653,1.182103535,0.002551009276,-0.06,-0.8118190157
2019-07-20,2.530099092,-0.1558275345,1.172569496,0.00250824518,-0.06,-0.5937554387
2019-07-21,2.49742562,-0.1558275345,1.163137433,0.00250824518,-0.06,-0.5906553712
2019-07-22,0.9926732504,-2.839226261,1.688910215,0.001269133982,-0.09,-0.5875640879
2019-07-23,0.9858600112,-2.783733618,2.095915002,0.001532756576,-0.07,-0.7957158343
2019-07-24,0.9791237209,-2.730924142,1.996015088,0.0042329517,-0.04,-1.002398933
2019-07-25,0.9724642765,-2.680580805,1.55024085,0.003746075157,-0.05,-1.119184627
2019-07-26,0.9658816743,-2.632510438,0.2523908101,0.001607113693,-0.07,-0.9557405111
2019-07-27,0.9593760152,-0.09110041665,0.2530363373,0.003750221521,-0.05,-1.082809999
2019-07-28,0.9529475101,-0.09110041665,0.253682218,0.003750221521,-0.05,-1.075008772
2019-07-29,0.8189799954,-0.3068782493,-0.3668361044,0.00451639377,-0.05,-1.06727773
2019-07-30,0.814476307,-0.3097899231,-0.1862408935,0.004229303303,-0.07,-0.9053031552
2019-07-31,0.8101014231,-0.3127130337,-0.006763542059,0.004632980531,-0.05,-0.6427129101
2019-08-01,0.805862919,-0.3156477187,-0.05867490105,0.005734259523,-0.1,-0.133551071
2019-08-02,0.8017692929,-0.3185941179,0.5858243939,0.0111650845,-0.15,0.2757862249
2019-08-03,0.7978300939,-0.1040884312,0.5831164508,0.01235443523,-0.15,0.2194807395
2019-08-04,0.7940560726,-0.1040884312,0.5804155612,0.01235443523,-0.15,0.2236471245
2019-08-05,3.059868073,3.372160696,0.9380935519,0.0131188967,-0.12,0.2278385281
2019-08-06,3.009827383,3.291322871,0.7206475082,0.01368563556,-0.18,1.845705549
2019-08-07,2.96221714,3.215475946,0.8689547278,0.01574225357,-0.2,0.8153219814
2019-08-08,2.91686201,3.144115263,1.722980647,0.01675133885,-0.16,0.6559199011
2019-08-09,2.873604956,3.076804976,0.8472422301,0.01396802458,-0.18,0.05793944551
2019-08-10,2.832304922,-0.1428117197,0.8416511214,0.01368857704,-0.17,0.3045647837
2019-08-11,2.792834869,-0.1428117197,0.8360924059,0.01368857704,-0.17,0.3046660037
2019-08-12,3.142280428,0.4448471722,0.5775310843,0.01252241269,-0.18,0.3047672326
2019-08-13,3.09372994,0.4411686808,0.8665981455,0.01262191076,-0.23,1.02400844
2019-08-14,3.047619531,0.4374955666,-0.2291542515,0.01286926129,-0.21,0.1987032938
2019-08-15,3.003780713,0.4338276799,-0.303981457,0.0155518473,-0.26,1.260539066
2019-08-16,2.962062759,0.4301648718,0.164329691,0.01453114763,-0.32,1.046956774
2019-08-17,2.922330507,-0.1615052101,0.1616183668,0.01327362783,-0.29,0.4239594203
2019-08-18,2.884462504,-0.1615052101,0.1589054484,0.01327362783,-0.29,0.4302345767
2019-08-19,2.842813535,-0.1381561716,0.08240560185,0.01289142086,-0.28,0.4365818334
2019-08-20,2.792178886,-0.1326783905,-0.5844578845,0.01528700211,-0.24,0.06821165656
2019-08-21,2.743865087,-0.1271661123,0.5046575938,0.01626050049,-0.24,0.2192707
2019-08-22,2.697697681,-0.1216181801,0.4232744303,0.0097070312,-0.15,-0.1785497754
2019-08-23,2.653520221,-0.1160333972,0.6683697983,0.01006486129,-0.13,0.03424621939
2019-08-24,2.611191948,-0.1342793279,0.6663419678,0.009592344715,-0.22,0.7962676632
2019-08-25,2.570585832,-0.1342793279,0.6643190337,0.009592344715,-0.22,0.7992782832
2019-08-26,2.680143848,0.1356423979,1.151837666,0.006139721114,-0.17,0.8023036155
2019-08-27,2.634619279,0.1361879992,1.144564067,0.008358870995,-0.11,0.6800860573
2019-08-28,2.59102099,0.1367337588,2.097975187,0.008144782433,-0.15,0.9307508957
2019-08-29,2.549213094,0.1372796772,2.243661632,0.01204303106,-0.15,0.7101002775
2019-08-30,2.509072846,0.137825755,1.812654947,0.01391767053,-0.17,0.3667061991
2019-08-31,2.47048905,-0.131696581,1.795057531,0.01473352805,-0.13,0.6667104592
2019-09-01,2.4333607,-0.131696581,1.777817943,0.01473352805,-0.13,0.6945603994
2019-09-02,0.5356581006,-3.527223616,1.763028785,0.01201406709,-0.09,0.724366205
2019-09-03,0.5315144602,-3.433347974,1.192150169,0.01225769254,-0.1,0.7871483636
2019-09-04,0.5273803019,-3.345951938,2.090921447,0.01041921987,-0.05,1.066480885
2019-09-05,0.5232554129,-3.264309201,1.467874851,0.003830276932,-0.02,0.3907136444
2019-09-06,0.5191395817,-3.18780282,0.2982221501,0.003407966956,0,0.07686752729
2019-09-07,0.5150325983,-0.03421743659,0.3021880566,0.0004321882906,0,-0.3330528892
2019-09-08,0.5109135726,-0.03426474725,0.3061775136,0.0004321882906,0,-0.3267149584
2019-09-09,2.096451126,2.606705925,0.4697915868,-0.00220975461,-0.03,-0.3204815002
2019-09-10,2.069254364,2.561851886,0.07059578339,-0.002662461256,0.04,-0.2122713719
2019-09-11,2.042837306,2.51886309,-0.8214396419,-0.000748444226,0.07,-0.229275272
2019-09-12,2.017160627,2.477608229,-1.253633281,-0.0003689634428,0.08,-0.4503757073
2019-09-13,1.992187725,2.438003379,-0.9411671416,-0.003950523824,0.18,-0.6025876319
2019-09-14,1.967884476,-0.08231266784,-0.934976643,-0.004545574672,0.25,-0.7908603803
2019-09-15,1.944270973,-0.08106487022,-0.9288290016,-0.004545574672,0.25,-0.7860358568
2019-09-16,1.62447222,-0.5779280056,-1.363387989,-0.007632634121,0.23,-0.7813150151
2019-09-17,1.608584994,-0.5743742873,-0.8056904379,-0.00615626327,0.23,-0.389382971
2019-09-18,1.592990057,-0.5708306222,-0.3534734887,-0.007585044373,0.23,-0.4795015366
2019-09-19,1.577677276,-0.5672968694,-0.1056468797,-0.009197670725,0.3,-0.6804024371
2019-09-20,1.562636995,-0.5649595737,0.05187217985,-0.009067558132,0.23,-0.6317958921
2019-09-21,1.547860007,-0.06592839328,0.05169636247,-0.008256775914,0.18,-0.08500318551
2019-09-22,1.533337527,-0.06592839328,0.05152054852,-0.008256775914,0.18,-0.08033814846
2019-09-23,0.1906222244,-2.308465077,1.310837237,-0.008256775914,0.18,-0.07565102262
2019-09-24,0.1886181722,-2.274975834,2.379376,-0.008559621947,0.14,-0.2460850579
2019-09-25,0.1866143555,-2.242611572,1.896987297,-0.00382585965,0.1,0.6834210695
2019-09-26,0.1846107496,-2.211307091,2.817943606,0.001490496912,0.12,0.2173158905
2019-09-27,0.18260733,-2.18100237,2.762976855,0.005101204482,0.12,0.2693072216
2019-09-28,0.1806040722,-0.01638099814,2.710653226,0.005059370336,0.15,0.7730081737
2019-09-29,0.1786009514,-0.01638099814,2.660759829,0.005059370336,0.15,0.7747181996
2019-09-30,1.797956802,2.581652865,1.731113173,0.005652651928,0.1,0.7764327763
2019-10-01,1.77843917,2.537553607,0.5826473953,0.007322653681,0.03,0.3508453542
2019-10-02,1.759350196,2.495267664,0.5831703368,0.005515183804,-0.02,1.382250635
2019-10-03,1.740672698,2.454668625,-0.3300754726,0.009668128811,-0.06,2.255570346
2019-10-04,1.722390437,2.415642107,-0.3262876097,0.007648519239,-0.17,1.620357551
2019-10-05,1.704488053,-0.07567129278,-0.3224996874,0.006518069637,-0.21,0.7065048397
2019-10-06,1.686950998,-0.07567129278,-0.318711526,0.006518069637,-0.21,0.7075411755
2019-10-07,0.167492402,-2.426012302,-0.1775765105,0.004304204824,-0.15,0.7085791152
2019-10-08,0.1632255491,-2.391304466,-0.03802865906,0.004878503299,-0.1,1.074057222
2019-10-09,0.1589464344,-2.357783199,-0.03456812918,0.006532075646,-0.15,2.132486435
2019-10-10,0.1546546906,-2.325379259,-0.2286072144,0.005102228189,-0.08,1.406485935
2019-10-11,0.1503499433,-2.294028945,-0.3627591027,0.0008380133792,0.02,0.9338633261
2019-10-12,0.1460318114,-0.03405930846,-0.3583383612,-0.003055079325,0.07,0.06236624912
2019-10-13,0.1416999064,-0.03405930846,-0.3539156777,-0.003055079325,0.07,0.06335222877
2019-10-14,1.438747294,1.87724095,-0.3510345884,-0.004046936622,0.09,0.06433863024
2019-10-15,1.42590516,1.861314018,-0.3512191656,-0.003402071442,0.14,-0.3766071733
2019-10-16,1.413255719,1.845682479,-0.4936354329,-0.007153257001,0.08,-0.8236804926
2019-10-17,1.400793205,1.830336634,-0.5973530141,-0.009209465652,0.05,-0.7585361187
2019-10-18,1.38851208,1.815267224,-0.466196628,-0.01240466931,0.01,-0.7054797806
2019-10-19,1.376407027,-0.05600829662,-0.4743848648,-0.0134843334,0,-0.5015914769
2019-10-20,1.364472935,-0.05600829662,-0.4827060877,-0.0134843334,0,-0.4988137953
2019-10-21,1.114284087,-0.4087155322,-0.0408440482,-0.01536040615,0.01,-0.4960419917
2019-10-22,1.105390938,-0.4087053386,-0.04527054516,-0.01624201527,0.06,-0.6014175548
2019-10-23,1.096583278,-0.4086951451,-0.2549301866,-0.0168012946,0.07,-0.3989023009
2019-10-24,1.08785905,-0.4086849517,-0.2392311364,-0.01361710952,0.1,-0.5919490751
2019-10-25,1.079216255,-0.4086747585,-0.2416409167,-0.01192048247,0.13,-0.7178325522
2019-10-26,1.070652947,-0.05596363169,-0.2440574353,-0.01234931353,0.13,-1.172476079
2019-10-27,1.062167237,-0.05596363169,-0.2464807619,-0.01234931353,0.13,-1.165486125
2019-10-28,-0.08449959138,-1.723716549,-0.7006722602,-0.01255515583,0.1,-1.158558637
2019-10-29,-0.08620475696,-1.705757561,-0.7026032369,-0.01459563261,0.15,-0.9550169531
2019-10-30,-0.08791186897,-1.688165683,-0.4384363433,-0.0144778155,0.13,-0.9118663908
2019-10-31,-0.08962094618,-1.670927026,-0.481025362,-0.009519944134,0.06,-1.280242215
2019-11-01,-0.09133200751,-1.65402842,-0.4831006813,-0.007801485826,-0.05,-0.8946595781
2019-11-02,-0.09304507197,-0.01191761115,-0.4851821708,-0.009353394297,-0.06,-1.284501031
2019-11-03,-0.09476015867,-0.01191761115,-0.4872698787,-0.009353394297,-0.06,-1.279743224
2019-11-04,1.15018273,1.761879586,-0.551775542,-0.009353394297,-0.06,-1.275016428
2019-11-05,1.141042877,1.743598839,-0.5523953963,-0.008121659671,-0.06,-1.043486586
2019-11-06,1.131996165,1.72569967,-0.3863360404,-0.004532653192,0,-0.9235752943
2019-11-07,1.123040353,1.708167527,-0.2629870418,-0.001385669375,-0.02,-1.121191188
2019-11-08,1.114173266,1.690988617,-0.3697493077,-0.0001481042654,0.07,-1.068790383
2019-11-09,1.105392792,-0.04913078881,-0.37145127,0.001801361182,0.07,-1.341749248
2019-11-10,1.09669688,-0.04913078881,-0.3731568627,0.001801361182,0.07,-1.335797165
2019-11-11,0.8990889514,-0.3149970363,-1.2638316,0.002585235205,0.04,-1.32989267
2019-11-12,0.8934898888,-0.3113156882,-1.274485233,0.003090914264,0.06,-1.064347405
2019-11-13,0.8879259615,-0.3076340542,-1.663203152,0.004524438516,0.06,-1.062793074
2019-11-14,0.8823965929,-0.3039519696,-1.693992828,0.006130315049,0.07,-0.9231264512
2019-11-15,0.8769012179,-0.3002692687,-1.592317109,0.006244109534,0.05,-0.8955734198
2019-11-16,0.8714392821,-0.02975754415,-1.595508062,0.003124639249,0.06,-1.301396556
2019-11-17,0.8660102418,-0.02975754415,-1.598713008,0.003124639249,0.06,-1.290817366
2019-11-18,0.6379040825,-0.349748601,-0.636543039,0.003601896878,0,-1.28037038
2019-11-19,0.6324086634,-0.3527775735,-1.00191239,0.003300577601,-0.05,-1.105643002
2019-11-20,0.6269283944,-0.3558195589,-0.6944096074,0.003232510012,-0.05,-0.9383878881
2019-11-21,0.6214627675,-0.3588747168,-0.6666953923,0.007898199073,-0.02,-0.9694238741
2019-11-22,0.6160112776,-0.3619432096,-0.662665595,0.008746993032,0,-0.8246080529
2019-11-23,0.6105734217,-0.04235645857,-0.6586506353,0.01021764226,0.01,-1.147192289
2019-11-24,0.6051486987,-0.04235645857,-0.6546503037,0.01021764226,0.01,-1.145265784
2019-11-25,0.759678127,0.1843092848,-0.6511016786,0.009073694313,0,-1.143344631
2019-11-26,0.7532058252,0.1809385301,0.07198666068,0.007716567712,-0.04,-1.330992686
2019-11-27,0.746758638,0.1775638449,0.07252930414,0.008190324926,-0.03,-1.457576659
2019-11-28,0.7403357125,0.1741850879,0.07307205112,0.008698969662,-0.09,-1.364097587
2019-11-29,0.7339362006,0.1708021161,0.07361490211,0.006736081744,-0.09,-1.357026175
2019-11-30,0.7275592587,-0.06032826461,0.07415785764,0.006676774657,-0.06,-0.9972529853
2019-12-01,0.7212040467,-0.06032826461,0.07470091822,0.006676774657,-0.06,-0.989745123
2019-12-02,-0.1302476224,-1.243075968,0.01120747559,0.006676774657,-0.06,-0.9822965079
2019-12-03,-0.1343792063,-1.23310467,-0.4700816734,0.003268038328,-0.04,-0.05667280808
2019-12-04,-0.1385331243,-1.223249123,-0.8130351561,0.0004287926107,-0.13,0.3648024016
2019-12-05,-0.1427098113,-1.213506426,-0.8510778382,-0.0009434753797,-0.09,-0.1025147882
2019-12-06,-0.1469097119,-1.203873772,-0.8455565472,-0.0004835104058,-0.08,-0.2156004473
2019-12-07,-0.1511332811,-0.02644877389,-0.8400673426,0.0008416344541,-0.06,-0.5784249675
2019-12-08,-0.1553809841,-0.02644877389,-0.8346096859,0.0008416344541,-0.06,-0.5782340821
2019-12-09,-0.07482939476,0.08911890476,-0.9382166852,0.001509077237,-0.03,-0.5780432434
2019-12-10,-0.07881382916,0.08920663451,-0.4655662261,-0.001808834975,-0.02,0.321525388
2019-12-11,-0.08281697958,0.08929436648,-0.4945051055,-0.00491149382,0.01,0.2453777189
2019-12-12,-0.0868392119,0.08938210067,-0.4379565332,-0.005102639547,-0.04,-0.03531014128
2019-12-13,-0.09088089968,0.08946983708,-0.4484954728,-0.008892028907,0.03,-0.4603285185
2019-12-14,-0.0949424244,-0.02601516512,-0.4592759777,-0.01040938744,-0.03,-0.9892628079
2019-12-15,-0.09902417568,-0.02601516512,-0.4703101555,-0.01040938744,-0.03,-0.9886706455
2019-12-16,0.6447710245,0.9779229563,-0.2994006261,-0.01122213695,-0.02,-0.9880790026
2019-12-17,0.6392833391,0.9736134537,-0.30495906,-0.01278328391,0.04,-1.182379108
2019-12-18,0.6338115409,0.9693281981,-0.7243346137,-0.01342129461,0,-1.116150752
2019-12-19,0.6283551273,0.9650668914,-0.5409086961,-0.01251202751,0.02,-0.9973560618
2019-12-20,0.622913599,0.9608292405,-0.5419817704,-0.01299175891,-0.02,-1.027886948
2019-12-21,0.6174864592,-0.0389418464,-0.543056434,-0.01161710513,-0.02,-1.025591057
2019-12-22,0.6120732139,-0.0389418464,-0.544132693,-0.01161710513,-0.02,-1.027315566
2019-12-23,-0.2416978556,-1.161894971,-0.3367013985,-0.01030139863,-0.03,-1.029044693
2019-12-24,-0.2462783275,-1.156710115,-0.339464588,-0.009272836466,0.09,-0.9897235127
2019-12-25,-0.2508909978,-1.151561443,-0.3418256954,-0.007593493984,0.04,-0.9671450447
2019-12-26,-0.2555365256,-1.146448453,0.3336860874,-0.004965467703,0.02,-0.9673637964
2019-12-27,-0.2602155875,-1.141370649,0.3975307722,-0.007757977863,0.01,-0.9772826419
2019-12-28,-0.2649288779,-0.02540510087,0.3931783643,-0.01131046413,0,-0.6659283869
2019-12-29,-0.2696771096,-0.02540510087,0.3888267676,-0.01131046413,0,-0.6694363107
2019-12-30,-0.1939533936,0.0793822984,0.4543263986,-0.009527346312,0.01,-0.6729644558
2019-12-31,-0.2030481271,0.07517636288,0.2369314573,-0.01110583532,0.01,-0.1126023618
2020-01-01,-0.2123259345,0.07095461061,0.2332066383,-0.01273205347,0.05,-0.5394690568
2020-01-02,-0.2217960341,0.06671665225,0.229474695,-0.01040008078,-0.03,-0.540882294
2020-01-03,-0.2314683008,0.0624620905,0.1535231098,-0.006242183226,-0.04,-1.073084176
2020-01-04,-0.2413533285,-0.04766662489,0.149803714,-0.006136735101,-0.09,-0.4438878321
2020-01-05,-0.2514625001,-0.04766662489,0.1460767865,-0.006136735101,-0.09,-0.4466423245
2020-01-06,0.7965159493,1.231328351,-0.1401436505,-0.004918004413,-0.13,-0.4494080188
2020-01-07,0.7914205798,1.222664648,-0.1433966865,-0.005188857629,-0.08,-0.5206524014
2020-01-08,0.7864143634,1.214093491,-0.145561181,-0.004444855605,-0.07,-0.546742466
2020-01-09,0.7815012609,1.205612843,-0.8946471473,-0.004031183715,-0.03,-0.6833866438
2020-01-10,0.7766857088,1.197220729,-1.423850455,-0.004549938752,-0.04,-1.051087495
2020-01-11,0.7719726784,-0.07164381136,-1.415879011,-0.005978759466,-0.08,-1.041890039
2020-01-12,0.7673677432,-0.07164381136,-1.407990332,-0.005978759466,-0.08,-1.040873271
2020-01-13,-0.3823989981,-1.348000632,-1.993195568,-0.006374459332,-0.11,-1.039858023
2020-01-14,-0.3903405428,-1.336393314,-2.043541988,-0.006663736476,-0.07,-1.129952496
2020-01-15,-0.3984078112,-1.324942032,-2.026457889,-0.006752678404,-0.1,-1.094127893
2020-01-16,-0.4066054087,-1.313642415,-1.010693681,-0.005891000917,-0.12,-1.07483229
2020-01-17,-0.414938178,-1.302490251,-0.554375818,-0.001904183302,-0.08,-1.108289087
2020-01-18,-0.4234112151,-0.03080104865,-0.5561133468,-0.001340045131,-0.06,-1.1894734
2020-01-19,-0.4320298868,-0.03080104865,-0.5578552805,-0.001340045131,-0.06,-1.180185975
2020-01-20,-0.5041176956,-0.09840207065,-0.5607835569,0.0008915904321,-0.06,-1.170998293
2020-01-21,-0.5120731301,-0.09755316879,1.572414338,0.003458650551,-0.06,-1.166358659
2020-01-22,-0.5201520527,-0.09670432389,1.557317241,0.004522582389,-0.11,-0.8505061924
2020-01-23,-0.5283586669,-0.09585553408,1.542864518,0.002198748418,-0.03,-0.8195145588
2020-01-24,-0.5366973784,-0.09500679755,1.361589976,0.00493796239,0.01,-0.7859296702
2020-01-25,-0.5451728077,-0.02655391587,1.349999074,0.004947528714,-0.01,-0.1327629018
2020-01-26,-0.553789804,-0.02655391587,1.338567228,0.004947528714,-0.01,-0.1305203957
2020-01-27,-0.598792138,-0.06626553651,1.235512247,0.005218532008,-0.04,-0.1282769638
2020-01-28,-0.6018178104,-0.06306084725,-0.3628817184,0.005668372013,-0.11,1.37788957
2020-01-29,-0.6048580764,-0.05984952008,-0.361779944,0.005134071264,-0.12,0.5736105644
2020-01-30,-0.6079130971,-0.05663141702,-0.04865763132,0.004054390622,-0.15,0.615669315
2020-01-31,-0.6109830361,-0.05340639848,-0.1818292748,0.006430996709,-0.14,0.2488049718
2020-02-01,-0.6140680595,-0.0102468376,-0.1806378636,0.005794849467,-0.21,1.613115471
2020-02-02,-0.617168336,-0.0102468376,-0.1794467961,0.005794849467,-0.21,1.600488338
2020-02-03,-0.1689191978,0.4507805012,-0.2004369271,0.006087754772,-0.22,1.588056272
2020-02-04,-0.1807433054,0.4449643137,0.5992388321,0.009504981139,-0.14,1.228786638
2020-02-05,-0.1929376337,0.4391357537,0.595373394,0.008493051061,-0.07,0.4561457805
2020-02-06,-0.2055301886,0.4332937903,0.4538748645,0.008768649903,-0.07,0.0965675326
2020-02-07,-0.2185520633,0.4274373636,0.451062275,0.009439832582,-0.11,0.02325535955
2020-02-08,-0.232037897,-0.04834858266,0.4482546854,0.01254067245,-0.16,0.2370068143
2020-02-09,-0.2460264208,-0.04834858266,0.4454520273,0.01254067245,-0.16,0.2434205966
2020-02-10,-0.5032373473,-0.2759338552,0.553911313,0.01254067245,-0.16,0.2499089587
2020-02-11,-0.5142574898,-0.2725040705,-0.151388537,0.01201084144,-0.14,0.07919325535
2020-02-12,-0.5255386016,-0.2690734353,0.3178907289,0.009817117992,-0.11,0.1404257279
2020-02-13,-0.5370938557,-0.2656418156,0.1445960948,0.00627323038,-0.08,-0.4539924688
2020-02-14,-0.5489373797,-0.262209077,0.1489893644,0.007306439498,-0.08,-0.2807778449
2020-02-15,-0.5610843474,-0.03042162842,0.1534093306,0.007500285577,-0.09,-0.4719335715
2020-02-16,-0.5735510816,-0.03042162842,0.1578565447,0.007500285577,-0.09,-0.4677632418
2020-02-17,-0.4218023936,0.1109511182,0.1607789216,0.00537044777,-0.05,-0.4635989573
2020-02-18,-0.427307296,0.1137055367,0.2012837578,0.006035054125,-0.07,-0.4598824999
2020-02-19,-0.4328654298,0.1164673589,0.6425170396,0.007809832818,-0.06,0.02046452696
2020-02-20,-0.4384780259,0.1192366834,0.300676955,0.008420856299,-0.02,-0.1643745801
2020-02-21,-0.4441463543,0.1220136098,0.4751949237,0.01305487992,0.03,0.3274481017
2020-02-22,-0.4498717256,-0.0174296748,0.4722796357,0.01134320363,-0.01,0.9558229432
2020-02-23,-0.4556554927,-0.0174296748,0.4693700113,0.01134320363,-0.01,0.9512095197
2020-02-24,-0.2261271267,0.1850816696,0.4685402603,0.008010010576,-0.06,0.9466231182
2020-02-25,-0.2245785517,0.1906529831,0.334008885,0.01270345409,-0.18,4.081687338
2020-02-26,-0.2230306576,0.1962754441,0.351046786,0.01063279573,-0.2,4.93161104
2020-02-27,-0.2214834334,0.2019504151,-0.1104302739,0.01078932914,-0.19,4.59456958
2020-02-28,-0.2199368677,0.2076793062,-0.3938627908,0.007374562908,-0.16,7.676917028
2020-02-29,-0.2183909495,0.006775366285,-0.3922247425,0.009855066493,-0.21,7.101455876
2020-03-01,-0.2168456676,0.006775366285,-0.3905886399,0.009855066493,-0.21,6.456953345
2020-03-02,1.281557257,1.325869558,-0.3838732759,0.009313629193,-0.18,5.957533538
2020-03-03,1.27103791,1.314864179,-0.6247656922,0.003918063571,-0.25,4.178014313
2020-03-04,1.260649322,1.304004002,-0.8238613925,0.001861034715,-0.39,4.722018592
2020-03-05,1.250388141,1.293285214,-0.4761778874,0.003267184937,-0.38,3.546788081
2020-03-06,1.240251135,1.282704142,0.6851583649,0.003159188575,-0.41,4.915641703
2020-03-07,1.23023518,-0.04115269905,0.7034399918,0.002476329707,-0.5,5.08430141
2020-03-08,1.220337262,-0.04115269905,0.7224692366,0.002476329707,-0.5,4.82250553
2020-03-09,-0.8009568914,-1.80245727,1.392676828,0.002476329707,-0.5,4.595647148
2020-03-10,-0.8032550235,-1.78394947,2.315181536,0.005001547976,-0.35,6.23386505
2020-03-11,-0.8055615521,-1.765833334,1.850585843,0.009588732597,-0.15,4.810841829
2020-03-12,-0.8078765416,-1.74809388,1.124535483,0.008572617774,-0.03,5.455106508
2020-03-13,-0.8102000568,-1.730716915,-0.6598216033,0.02939837143,0.11,7.53002288
2020-03-14,-0.8125321636,-0.005514543041,-0.6581590218,0.02897546547,0.19,4.982883965
2020-03-15,-0.8148729283,-0.005514543041,-0.6564998132,0.02897546547,0.19,4.735435127
2020-03-16,-1.104528186,-0.2501224401,-2.276775852,0.02586842791,0.25,4.519878279
2020-03-17,-1.103634192,-0.2486458377,-2.972914067,0.03149625776,0.2,6.595397825
2020-03-18,-1.102741374,-0.2471700468,-2.795359847,0.04324006644,0.6,5.516451293
2020-03-19,-1.101849729,-0.2456950576,-2.57204926,0.05789066507,0.78,5.233379697
2020-03-20,-1.100959255,-0.2442208603,-1.990564185,0.06291094097,0.9,4.607157695
2020-03-21,-1.100069948,0.001748022728,-1.967895923,0.06186977718,0.45,3.951084005
2020-03-22,-1.099181806,0.001748022728,-1.945791992,0.06186977718,0.45,3.818879745
2020-03-23,-1.595078071,-0.4270931627,-2.05192642,0.06952738703,0.48,3.698151286
2020-03-24,-1.579571301,-0.421424668,-0.7354381911,0.08266735796,0.39,3.263978961
2020-03-25,-1.564342466,-0.415744072,0.162633489,0.07466933607,0.31,3.189761621
2020-03-26,-1.549382074,-0.4100504521,1.60594633,0.06851180023,0.29,3.27468645
2020-03-27,-1.534681071,-0.404342862,2.030376629,0.04901182926,0.33,2.990059003
2020-03-28,-1.520230816,0.03759960318,2.01273221,0.04875392638,0.35,3.234475868
2020-03-29,-1.506023058,0.03759960318,1.995438157,0.04875392638,0.35,3.156236209
2020-03-30,-1.361531799,0.1577708922,3.80256246,0.04448953852,0.23,3.082796812
2020-03-31,-1.358930537,0.1517847174,2.557759018,0.04567834324,-0.01,2.46600017
2020-04-01,-1.356338735,0.1457523967,1.860062782,0.03619096748,-0.03,2.196808005
2020-04-02,-1.35375633,0.1396721754,1.043180306,0.02743004922,-0.25,2.393040573
2020-04-03,-1.351183258,0.1335422256,0.9510979884,0.02617761054,-0.44,1.96365449
2020-04-04,-1.348619457,0.004406592912,0.9458801361,0.03301593839,-0.5,1.677408381
2020-04-05,-1.346064865,0.004406592912,0.9406955136,0.03301593839,-0.5,1.660343819
2020-04-06,-1.086537365,0.2424636425,0.6440558099,0.02877574106,-0.46,1.643612588
2020-04-07,-1.088021219,0.2409650818,1.013317519,0.01370328278,-0.86,1.528489081
2020-04-08,-1.089508452,0.2394672947,0.9238264644,-0.008591174616,-0.97,1.606263559
2020-04-09,-1.090999079,0.237970271,0.9933371227,-0.01468990162,-1.04,1.380360554
2020-04-10,-1.092493114,0.2364740006,0.9890074388,-0.01969165062,-0.67,1.263485418
2020-04-11,-1.093990573,-0.002986543513,0.9847023912,-0.02222734484,-0.67,1.253641301
2020-04-12,-1.095491472,-0.002986543513,0.980421677,-0.02222734484,-0.67,1.243912771
2020-04-13,-1.195569604,-0.09481586833,1.127724025,-0.03145262443,-0.46,1.23429699
2020-04-14,-1.186093028,-0.08642724392,1.662486638,-0.02374340738,-0.37,1.19533494
2020-04-15,-1.176721983,-0.07788166235,1.8077073,-0.02147179778,-0.34,0.9752127115
2020-04-16,-1.167453987,-0.06916952746,1.965253737,0.005263381437,-0.32,1.159691379
2020-04-17,-1.158286645,-0.06028042943,1.755895812,0.008666617103,-0.2,1.105888443
2020-04-18,-1.149217636,0.04513985885,1.741599992,0.003842298288,-0.14,0.9770484075
2020-04-19,-1.140244717,0.04513985885,1.727548367,0.003842298288,-0.14,0.9703852697
2020-04-20,2.016024081,3.017894268,1.357654054,-0.003384749404,-0.11,0.9637718712
2020-04-21,2.009511606,2.95591371,0.8603153292,0.004678034214,-0.14,1.305807737
2020-04-22,2.003048936,2.897144092,0.5962465386,0.0009556252237,-0.09,1.391442139
2020-04-23,1.996635409,2.84130939,0.8886291335,0.002702449034,-0.03,1.172244467
2020-04-24,1.990270372,2.788165771,0.883541276,-0.005312855664,0.02,1.127642678
2020-04-25,1.983953183,-0.006123923694,0.8784834341,-0.002039139912,-0.05,0.7888632568
2020-04-26,1.977683215,-0.006123923694,0.8734551597,-0.002039139912,-0.05,0.7837833053
2020-04-27,-1.149414842,-2.770362158,1.218510598,1.208118557e-05,-0.04,0.7787291269
2020-04-28,-1.141617327,-2.71822305,0.7275694858,0.006407215205,-0.08,0.6133615944
2020-04-29,-1.133927086,-2.668496745,0.9803593577,0.001198653483,-0.1,0.6262132156
2020-04-30,-1.126343414,-2.620995843,0.4319698464,0.002467422189,-0.01,0.4797982079
2020-05-01,-1.118865728,-2.575552749,0.4316940185,0.001373617378,0.07,0.653245183
2020-05-02,-1.111493569,0.04654928746,0.4314182707,0.008104178809,0.08,0.8332100533
2020-05-03,-1.10422661,0.04654928746,0.4311426028,0.008104178809,0.08,0.8279708978
2020-05-04,2.213165097,2.712750989,0.7527588508,0.005133026935,0.08,0.8227607911
2020-05-05,2.207521012,2.66432643,0.9745153675,0.009004840634,0.1,0.7439743311
2020-05-06,2.201912409,2.618022474,0.7664957195,-0.002211655963,0.12,0.5972863013
2020-05-07,2.196338903,2.573682882,0.7406997469,0.001194704422,0.04,0.6242434531
2020-05-08,2.190800112,2.531167103,1.087896709,0.002066394837,-0.09,0.4585993093
2020-05-09,2.185295664,-0.003839655225,1.091473899,-0.002710973297,-0.07,0.246933476
2020-05-10,2.179825188,-0.003839655225,1.095071314,-0.002710973297,-0.07,0.2447848914
2020-05-11,1.973343856,-0.1532692519,0.4182743281,-0.004592890686,-0.12,0.2426371985
2020-05-12,1.949584022,-0.1619172217,0.1623083339,-0.005474063768,-0.02,0.2157607195
2020-05-13,1.926436888,-0.1707271189,0.04580001851,-0.006991291549,0.03,0.543615485
2020-05-14,1.903874299,-0.1797068192,0.582801238,-0.00172438592,0.01,0.6745276441
2020-05-15,1.881869874,-0.1888647361,0.9665573572,-0.004176818096,0.08,0.5090161459
2020-05-16,1.860398868,-0.04199353591,0.9615501314,-0.004529584453,0.06,0.4614878241
2020-05-17,1.839438035,-0.04199353591,0.9565742733,-0.004529584453,0.06,0.4575279986
2020-05-18,1.589127231,-0.2448708951,1.473805063,-0.002302148053,0.05,0.4535740262
2020-05-19,1.586740039,-0.2384316743,1.495689032,-0.00464053861,0.08,0.2935295261
2020-05-20,1.584360459,-0.2319384014,1.330018353,-0.001732392232,0.06,0.3644760192
2020-05-21,1.581988448,-0.2253885535,0.7423630952,-0.001849959535,-0.05,0.2074917171
2020-05-22,1.579623963,-0.2187794791,0.01326081208,-0.008589580769,-0.04,0.2973579171
2020-05-23,1.57726696,-0.003068323117,0.008947740136,-0.006724363617,-0.04,0.21093997
2020-05-24,1.574917397,-0.003068323117,0.0046145838,-0.006724363617,-0.04,0.2076314014
2020-05-25,1.427699124,-0.128851254,-0.001392757891,-0.007228209659,-0.03,0.2043201616
2020-05-26,1.422914181,-0.1298131614,-0.2740791268,-0.003924171234,-0.02,0.2012013225
2020-05-27,1.418160228,-0.1307756343,-0.2754728999,-0.01798089136,-0.06,0.1889349514
2020-05-28,1.413436895,-0.1317386759,-0.1432054561,-0.01264731992,-0.01,0.162017601
2020-05-29,1.408743818,-0.1327022892,-0.02685209153,-0.01243778455,-0.05,0.2177926206
2020-05-30,1.404080637,-0.007735890861,-0.02758656047,-0.01299271491,-0.07,0.1490639586
2020-05-31,1.399447001,-0.007735890861,-0.02832117387,-0.01299271491,-0.07,0.1462087535
2020-06-01,-0.8609123982,-2.013673108,0.1752951087,-0.01856235287,-0.1,0.1433510648
2020-06-02,-0.8610685424,-2.006823091,0.2318133101,-0.02267689047,-0.12,0.184257878
2020-06-03,-0.861224723,-2.000028158,0.2888572659,-0.03120750392,-0.07,0.09691312671
2020-06-04,-0.8613809402,-1.993287535,0.4022100704,-0.03548363877,-0.01,0.02236632331
2020-06-05,-0.8615371937,-1.986600465,0.3130147614,-0.03477128879,0.05,0.02920293634
2020-06-06,-0.8616934838,-0.0003911149442,0.3269563199,-0.03871630133,0.09,-0.05163550189
2020-06-07,-0.8618498104,-0.0003911149442,0.3414057465,-0.03871630133,0.09,-0.05343758181
2020-06-08,-0.9642858518,-0.0893704182,-0.1150496447,-0.03243569865,0.08,-0.05524162778
2020-06-09,-0.9568873602,-0.08172175456,-0.5912738916,-0.03184746115,0.05,0.02159705459
2020-06-10,-0.949546323,-0.07395817365,-0.6924363121,-0.02875822989,0.06,0.1275066278
2020-06-11,-0.9422616239,-0.06607376051,-0.6423824587,-0.02922646476,-0.06,0.1258172183
2020-06-12,-0.9350321803,-0.05806219297,-0.2372260894,-0.02523195099,-0.09,0.9312945169
2020-06-13,-0.9278569426,0.04254380196,-0.2383436349,-0.02171824812,-0.04,0.6381858517
2020-06-14,-0.9207348934,0.04254380196,-0.239462316,-0.02171824812,-0.04,0.6333974294
2020-06-15,1.032287875,1.797564163,0.07915371067,-0.02171824812,-0.04,0.6286248996
2020-06-16,1.024222475,1.7849386,0.2388087358,-0.0118011573,-0.08,0.520975904
2020-06-17,1.016224573,1.77267989,0.2908020515,-0.01645749652,-0.06,0.4728758875
2020-06-18,1.008292621,1.760783164,-0.01068573611,-0.009117142012,-0.04,0.4570062539
2020-06-19,1.000425108,1.749244247,-0.3492127304,-0.006023359224,-0.07,0.4208670046
2020-06-20,0.9926205611,-0.03200276554,-0.3502423223,-0.006012610607,-0.1,0.5498498588
2020-06-21,0.9848775415,-0.03200276554,-0.3512730963,-0.006012610607,-0.1,0.5452303078
2020-06-22,-1.015229791,-1.85101318,0.9658374759,-0.0004157361107,-0.08,0.5406207954
2020-06-23,-1.007225834,-1.834965455,1.359634099,0.0005664851352,-0.13,0.3312314774
2020-06-24,-0.9992865306,-1.819312397,1.538323582,0.0006112920483,-0.22,0.3026544858
2020-06-25,-0.9914103745,-1.804042689,1.96996442,0.00564117437,-0.24,0.4498936396
2020-06-26,-0.9835958953,-1.789145748,1.861484714,0.01250612303,-0.29,0.3461052339
2020-06-27,-0.9758416569,0.03795034172,1.840556846,0.01446969965,-0.32,0.4959533047
2020-06-28,-0.9681462567,0.03795034172,1.820116397,0.01446969965,-0.32,0.4912861481
2020-06-29,-0.8678457001,0.1211218382,0.6468773854,0.01576661799,-0.28,0.486625048
2020-06-30,-0.8610569166,0.1195359842,0.2551675349,0.01751001144,-0.28,0.3006098317
2020-07-01,-0.854308467,0.1179500205,0.06825606455,0.01638330418,-0.16,0.2135580595
2020-07-02,-0.847599425,0.1163639349,-0.1841641916,0.007096088639,-0.13,0.09819651817
2020-07-03,-0.8409288807,0.114777715,-0.1853255559,0.001596129178,-0.23,0.03662627892
2020-07-04,-0.83429594,0.02996381484,-0.186487994,0.001596129178,-0.23,0.03298202676
2020-07-05,-0.8276997237,0.02996381484,-0.1876515121,0.001596129178,-0.23,0.02932654703
2020-07-06,-0.6070098749,0.225770414,0.4205122164,-0.0008203151377,-0.21,0.02565960697
2020-07-07,-0.6083759447,0.2198705197,0.2152057018,-0.002356837589,-0.24,0.03824851635
2020-07-08,-0.6097447443,0.2139321687,0.6569685952,-0.002825440641,-0.26,0.1273795017
2020-07-09,-0.6111162869,0.2079537989,0.832620453,-0.005529986117,-0.18,0.03919439122
2020-07-10,-0.6124905856,0.2019337865,0.5435747311,-0.005870139895,-0.17,0.1092396487
2020-07-11,-0.6138676537,-0.004392077898,0.5387912802,-0.007217685117,-0.16,-0.01802133964
2020-07-12,-0.6152475045,-0.004392077898,0.5340170407,-0.007217685117,-0.16,-0.02179734466
2020-07-13,-0.6383111756,-0.0243100159,-0.02245954923,-0.003359409185,-0.13,-0.02558775934
2020-07-14,-0.632578221,-0.01751002627,0.170898367,-0.00116820374,-0.12,0.2789005062
2020-07-15,-0.6268591254,-0.01062971891,-0.1135818786,-0.004870205644,-0.14,0.1063862966
2020-07-16,-0.6211532885,-0.003665872585,-0.2950030178,-0.01052870456,-0.12,-0.00874265304
2020-07-17,-0.6154601109,0.003384900906,-0.1984879871,-0.01332000365,-0.11,0.002629921822
2020-07-18,-0.6097789936,0.03084271627,-0.2003156998,-0.01168974472,-0.14,-0.1483698324
2020-07-19,-0.6041093379,0.03084271627,-0.2021466477,-0.01168974472,-0.14,-0.1521112848
2020-07-20,1.303863021,1.817781952,-0.1880849535,-0.01277743984,-0.12,-0.1558703562
2020-07-21,1.298727326,1.798067492,-0.1134167106,-0.01175944196,-0.16,-0.2372039937
2020-07-22,1.293627534,1.778790539,0.1577040192,-0.01396226541,-0.19,-0.2163830437
2020-07-23,1.288563168,1.759933468,0.4494807898,-0.01436563195,-0.15,-0.2530456802
2020-07-24,1.283533761,1.741479627,0.5602181522,-0.01496969267,-0.17,-0.1436125157
2020-07-25,1.278538852,-0.01008717655,0.5541437162,-0.01437230665,-0.19,-0.1629225844
2020-07-26,1.273577991,-0.01008717655,0.548066556,-0.01437230665,-0.19,-0.1668111945
2020-07-27,-0.759000863,-1.885680401,0.6445381546,-0.009660041648,-0.16,-0.1707196356
2020-07-28,-0.7537876058,-1.866646078,0.6839913005,-0.01827188206,-0.12,-0.2456062784
2020-07-29,-0.7485992001,-1.848023841,0.7030783584,-0.01868300537,-0.17,-0.2038286472
2020-07-30,-0.7434352087,-1.829797811,0.3212512731,-0.01924729464,-0.18,-0.2944429239
2020-07-31,-0.7382952014,-1.811952955,0.1969137249,-0.01633921487,-0.21,-0.2549413224
2020-08-01,-0.7331787544,0.02068202452,0.1923439088,-0.0179529438,-0.24,-0.278250373
2020-08-02,-0.7280854505,0.02068202452,0.1877597416,-0.0179529438,-0.24,-0.2819989941
2020-08-03,0.6406433855,1.250329736,0.08031984233,-0.01661980835,-0.22,-0.285767893
2020-08-04,0.6407668206,1.242562352,0.1088695023,-0.01325654305,-0.24,-0.3015196418
2020-08-05,0.6408902766,1.23487222,0.152017557,-0.01049960053,-0.28,-0.3397554433
2020-08-06,0.6410137536,1.22725781,0.8037323901,-0.01727018562,-0.27,-0.394406578
2020-08-07,0.6411372517,1.219717631,0.7984267563,-0.01747590746,-0.26,-0.4206993766
2020-08-08,0.6412607707,0.0003874133388,0.7931491106,-0.01259276048,-0.22,-0.45327542
2020-08-09,0.6413843108,0.0003874133388,0.7878989818,-0.01259276048,-0.22,-0.4567000745
2020-08-10,0.9747200879,0.2989320702,0.4493783841,-0.01196489156,-0.2,-0.4601429964
2020-08-11,0.9674055205,0.2940409285,0.07290966165,-0.006943165867,-0.15,-0.4680238208
2020-08-12,0.9601463164,0.2891381643,-0.7046766222,-0.006396142676,-0.11,-0.3437378887
2020-08-13,0.9529412987,0.2842232326,-1.688427872,-0.00682187982,-0.08,-0.4633936561
2020-08-14,0.9457893172,0.2792955778,-1.602698478,-0.008580166914,-0.04,-0.4761651598
2020-08-15,0.9386892478,-0.02763466853,-1.599188905,-0.01010218153,-0.02,-0.4846091928
2020-08-16,0.9316399915,-0.02763466853,-1.595695623,-0.01010218153,-0.02,-0.4877030982
2020-08-17,-1.213513352,-1.957753644,-1.484258847,-0.003811328181,-0.04,-0.4908117797
2020-08-18,-1.207613989,-1.935009824,-1.251185285,-0.004857699825,-0.05,-0.5400437116
2020-08-19,-1.201761049,-1.91283358,-1.016562598,-0.005573632869,-0.06,-0.5314134962
2020-08-20,-1.195953811,-1.891199719,-0.6059906408,-0.007102166254,-0.02,-0.4645302808
2020-08-21,-1.19019157,-1.870084579,-0.6901443637,-0.003375190473,0.03,-0.4555190632
2020-08-22,-1.184473638,0.01279627201,-0.6914001719,-0.001288305767,0,-0.4714009406
2020-08-23,-1.178799339,0.01279627201,-0.6926583477,-0.001288305767,0,-0.4751043762
2020-08-24,0.7756466734,1.742991025,-0.4774870508,-0.006368021024,0.02,-0.4788297157
2020-08-25,0.7744007855,1.732167974,-0.7105593057,-0.007397483344,0.03,-0.4943539154
2020-08-26,0.7731570255,1.721488788,-0.9113852777,-0.0004534813679,0.05,-0.5214268269
2020-08-27,0.7719153852,1.710950053,-0.7301098183,-0.003570507048,0.05,-0.4403835094
2020-08-28,0.7706758561,1.700548465,-0.7645688609,-0.008288281548,0.05,-0.3621242371
2020-08-29,0.7694384299,-0.003567402279,-0.7657922975,-0.01433807245,0.01,-0.4700942864
2020-08-30,0.7682030984,-0.003567402279,-0.7670180196,-0.01433807245,0.01,-0.4740925189
2020-08-31,0.6677168894,-0.09082051199,-0.7668527745,-0.01398767329,-0.01,-0.4781167353
2020-09-01,0.6625947136,-0.09469071515,-0.7666875687,-0.01379729268,-0.09,-0.2432584708
2020-09-02,0.657490863,-0.09857864431,-0.6172664938,-0.0143890414,-0.1,-0.2678767531
2020-09-03,0.6524049364,-0.1024846314,-0.8298291567,-0.009297357481,-0.11,-0.2410101261
2020-09-04,0.6473365372,-0.1064090149,-0.7923639513,-0.007448295914,-0.08,0.2456006673
2020-09-05,0.642285273,-0.02213775288,-0.7881492478,-0.007737334263,-0.04,0.0409749789
2020-09-06,0.6372507554,-0.02213775288,-0.7839544016,-0.007737334263,-0.04,0.03624110526
2020-09-07,-1.043758636,-1.499501103,-0.7795139422,-0.00611825369,-0.01,0.03148182098
2020-09-08,-1.039918114,-1.486626234,-0.7759412519,-0.004500713371,0.03,0.02707548267
2020-09-09,-1.036097698,-1.473950425,-0.772383504,-0.000902485266,0,0.07264281058
2020-09-10,-1.032297172,-1.461467792,-0.5554065836,-0.005851252348,-0.03,-0.1203460767
2020-09-11,-1.02851632,-1.449172688,-0.5206548705,-0.01005149619,-0.01,-0.06125805882
2020-09-12,-1.024754932,0.009205242947,-0.5190278407,-0.008291672789,0.02,-0.2687776122
2020-09-13,-1.021012799,0.009205242947,-0.5174034719,-0.008291672789,0.02,-0.273169685
2020-09-14,0.8867829874,1.672849489,-0.7959194679,-0.007060010948,0.04,-0.277591308
2020-09-15,0.8862344904,1.665789535,-0.7938613466,-0.01008212593,0.04,-0.3555461277
2020-09-16,0.8856864346,1.658793103,-0.8157906467,-0.008861789524,0.04,-0.3787677245
2020-09-17,0.8851388191,1.651859169,-0.9813764862,-0.01110425293,0,-0.3507892051
2020-09-18,0.8845916433,1.64498673,-1.0209388,-0.004297146564,0.06,-0.3253519479
2020-09-19,0.8840449063,-0.001349459723,-1.027703906,-0.006019627834,0.06,-0.3764096473
2020-09-20,0.8834986075,-0.001349459723,-1.034545617,-0.006019627834,0.06,-0.3815428459
2020-09-21,0.7893784305,-0.08214742798,-0.02709671354,-0.00448433205,0.11,-0.3867209152
2020-09-22,0.7836499731,-0.08659863447,1.066711603,0.007002761128,0.14,-0.2484406439
2020-09-23,0.7779507744,-0.09107555345,1.055015275,0.004424702492,0.13,-0.3219229339
2020-09-24,0.7722802659,-0.09557874677,0.3943650133,0.01020173432,0.1,-0.1997378238
2020-09-25,0.7666378881,-0.1001087903,0.4245867198,0.01303575568,0.07,-0.2105659251
2020-09-26,0.7610230905,-0.02271659358,0.4196436297,0.01579872228,0.06,-0.3756367847
2020-09-27,0.7554353313,-0.02271659358,0.4146988185,0.01579872228,0.06,-0.3813861314
2020-09-28,-1.241611181,-1.766591609,-0.375484871,0.01579872228,0.06,-0.3871940209
2020-09-29,-1.236249747,-1.749108855,-1.356035893,0.009926001487,0.05,-0.4074383224
2020-09-30,-1.230927231,-1.73197941,-1.311796369,0.01202885409,0.02,-0.4069186953
2020-10-01,-1.225643086,-1.715190323,-0.6591914644,0.009193946183,0.07,-0.4048824812
2020-10-02,-1.220396774,-1.698729299,-0.2248758296,0.005479529937,0.03,-0.3852445534
2020-10-03,-1.215187769,0.01067962555,-0.220026665,0.005560503969,0.04,-0.3187810076
2020-10-04,-1.210015553,0.01067962555,-0.2151609996,0.005560503969,0.04,-0.3238560772
2020-10-05,-0.8546856165,0.3162053853,-0.227742123,0.009419522876,0.03,-0.3289740808
2020-10-06,-0.8532380033,0.314775845,-0.3514690535,0.005068742495,0.09,-0.3069795524
2020-10-07,-0.8517933347,0.3133474667,-0.5947064577,0.007926923887,0.09,-0.1933441975
2020-10-08,-0.8503515975,0.3119202411,-0.5935012904,0.007843955953,0.07,-0.3086194824
2020-10-09,-0.8489127788,0.310494159,-1.021482681,0.008037174753,0.03,-0.4463359251
2020-10-10,-0.8474768655,0.00383626366,-1.017818855,0.0003141284022,0.03,-0.5558418897
2020-10-11,-0.8460438447,0.00383626366,-1.014173322,0.0003141284022,0.03,-0.5586248393
2020-10-12,-0.7577716975,0.07921310907,-0.9768216092,-0.009471721459,0,-0.5614198371
2020-10-13,-0.7545450284,0.08056547877,-0.6128689314,-0.0108808877,0,-0.5591667788
2020-10-14,-0.7513306291,0.08191889193,-0.3690455763,-0.01144452234,-0.04,-0.4846572744
2020-10-15,-0.7481283758,0.08327335736,-0.3495657031,-0.01582426819,-0.05,-0.4635465399
2020-10-16,-0.7449381464,0.0846288839,-0.4572204323,-0.0150295373,-0.03,-0.4234841229
2020-10-17,-0.7417598199,0.0104808304,-0.4543907867,-0.01781655565,-0.03,-0.3934712956
2020-10-18,-0.7385932772,0.0104808304,-0.4515662437,-0.01781655565,-0.03,-0.3985884982
2020-10-19,0.9697697942,1.50397476,-0.6530879496,-0.01572806157,-0.01,-0.4037504241
2020-10-20,0.9629319325,1.490680498,-0.990881421,-0.01806323707,0.05,-0.2667185869
2020-10-21,0.9561450003,1.477596431,-1.153278322,-0.01451524635,0.03,-0.2584992506
2020-10-22,0.9494080034,1.464716174,-1.1963873,-0.0155231159,0.04,-0.3215440325
2020-10-23,0.9427199698,1.452033603,-1.299363148,-0.01384623424,0.05,-0.3716627052
2020-10-24,0.9360799494,-0.02285981841,-1.29030931,-0.01473030983,0.04,-0.4239130526
2020-10-25,0.9294870129,-0.02285981841,-1.281358087,-0.01473030983,0.04,-0.4303927233
2020-10-26,-0.8469798249,-1.555575177,-1.174379803,-0.01002008148,0,-0.4369500703
2020-10-27,-0.8435611056,-1.541657687,-1.183162268,-0.008501041988,-0.01,-0.03581876721
2020-10-28,-0.8401571378,-1.527970653,-0.8427029149,-0.01144530004,-0.02,0.03243767114
2020-10-29,-0.8367677701,-1.514506864,-1.2859429,-0.00312829002,0.03,0.6070364172
2020-10-30,-0.8333928531,-1.501259413,-1.062271572,0.008945510632,0.08,0.3748605986
2020-10-31,-0.8300322391,0.009902770239,-1.054764342,0.007457772974,0.12,0.4055349873
2020-11-01,-0.8266857826,0.009902770239,-1.047322136,0.007457772974,0.12,0.3998662949
2020-11-02,1.017766676,1.581826827,-0.9744182338,0.007457772974,0.12,0.3941829736
2020-11-03,1.01141752,1.568508945,-1.067106253,0.002807333577,0.12,0.3143684965
2020-11-04,1.005116736,1.55540556,-1.222723467,-0.001789307719,0.14,0.1768399136
2020-11-05,0.9988634744,1.542510249,-0.9397812749,-0.007999386717,0.09,-0.3350442624
2020-11-06,0.9926569058,1.529816854,-0.9373645766,-0.01133561203,0.08,-0.5012321457
2020-11-07,0.9864962186,-0.01793713993,-0.9349559994,-0.01534104013,0.13,-0.728294341
2020-11-08,0.9803806195,-0.01793713993,-0.9325554853,-0.01534104013,0.13,-0.7228448288
2020-11-09,1.008625868,0.009150226982,-0.4527473663,-0.012228441,0.11,-0.7174188458
2020-11-10,1.009692748,0.0132067426,-0.9495678329,-0.01005653002,0.14,-0.6382999718
2020-11-11,1.010761377,0.0172807334,-0.9501372401,-0.007267376086,0.13,-0.7146899394
2020-11-12,1.011831761,0.02137256998,-1.262172439,-0.009035249722,0.11,-0.8257792416
2020-11-13,1.012903905,0.02548263062,-1.317544165,-0.006332349673,0.07,-0.6590249607
2020-11-14,1.013977815,0.002188077362,-1.306641446,-0.006720133272,0.07,-0.8439242508
2020-11-15,1.015053496,0.002188077362,-1.295878492,-0.006720133272,0.07,-0.8373531657
2020-11-16,0.924951345,-0.07451684718,-2.00301565,-0.009021536316,0.08,-0.8308191435
2020-11-17,0.9181826826,-0.08016577167,-1.578880203,-0.01027622071,0.11,-0.8798969454
2020-11-18,0.9114605884,-0.08586426966,-1.848626444,-0.01830965361,0.08,-0.8507346546
2020-11-19,0.9047841205,-0.09161378097,-1.740740071,-0.02447748156,0.04,-0.747886866
2020-11-20,0.8981523568,-0.09741579786,-1.761715202,-0.02102201396,-0.02,-0.8143970924
2020-11-21,0.8915643946,-0.02484548988,-1.748847175,-0.02278719495,-0.04,-0.7571191584
2020-11-22,0.8850193497,-0.02484548988,-1.736179104,-0.02278719495,-0.04,-0.7521128816
2020-11-23,-0.8019110862,-1.494602826,-1.29810264,-0.02363379363,-0.02,-0.7471932712
2020-11-24,-0.8017327293,-1.483141079,-1.555204884,-0.01494108947,-0.03,-0.8563459708
2020-11-25,-0.8015544188,-1.471841727,-2.055618097,-0.01507453913,0,-0.9658158325
2020-11-26,-0.8013761545,-1.460700438,-2.07132858,-0.01112483793,0,-1.021426043
2020-11-27,-0.8011979366,-1.449713039,-1.948987309,-0.00710225902,-0.05,-1.035311898
2020-11-28,-0.8010197649,0.0004690664866,-1.953835044,-0.00710225902,-0.09,-1.087444223
2020-11-29,-0.8008416395,0.0004690664866,-1.958711807,-0.00710225902,-0.09,-1.097907832
2020-11-30,-0.606437721,0.1686973272,-1.867087398,-0.007951651993,-0.14,-1.110372087
2020-12-01,-0.6100328362,0.1666473518,-2.01911355,-0.007452069108,-0.15,-1.149485519
2020-12-02,-0.6136491293,0.1645972873,-1.802585583,-0.01112769854,-0.11,-1.135302625
2020-12-03,-0.6172868809,0.1625471068,-1.014869376,-0.01463718114,-0.07,-1.101178248
2020-12-04,-0.6209463765,0.1604967837,-0.8024663451,-0.0193986854,-0.11,-1.098544353
2020-12-05,-0.6246279072,-0.009954096541,-0.7965620823,-0.02155030169,-0.09,-1.186201447
2020-12-06,-0.6283317691,-0.009954096541,-0.7907102103,-0.02155030169,-0.09,-1.216249998
2020-12-07,-3.284848565,-2.29213604,-1.238867027,-0.01803899107,-0.11,-1.253018991
2020-12-08,-3.214995329,-2.259266747,-1.421113208,-0.01621628754,-0.11,-1.194352415
2020-12-09,-3.148979836,-2.22748624,-1.195411679,-0.01406751278,-0.15,-1.300404006
2020-12-10,-3.086455159,-2.19673223,-1.185845026,-0.01463137896,-0.12,-1.07073546
2020-12-11,-3.027116842,-2.166947312,-1.084900063,-0.01330701654,-0.1,-1.036516666
2020-12-12,-2.970696431,0.03615563489,-1.076293953,-0.01187163514,-0.11,-0.9052438536
2020-12-13,-2.916956179,0.03615563489,-1.067766706,-0.01187163514,-0.11,-0.9050302922
2020-12-14,-0.1997210833,2.475758496,-0.8513947104,-0.01418050052,-0.12,-0.905331249
2020-12-15,-0.202001691,2.437455221,-0.957429029,-0.01111506846,-0.12,-0.6563679661
2020-12-16,-0.2042878212,2.400568175,-1.024401452,-0.01168203862,-0.12,-0.9823896231
2020-12-17,-0.2065795299,2.365008144,-1.016366999,-0.01295785648,-0.13,-1.051080108
2020-12-18,-0.2088768737,2.330693602,-1.157509897,-0.01731454477,-0.09,-1.151829779
2020-12-19,-0.2111799097,-0.008958447943,-1.148393384,-0.01391737047,-0.09,-1.215131149
2020-12-20,-0.2134886958,-0.008958447943,-1.139372675,-0.01391737047,-0.09,-1.212346199
2020-12-21,1.335959791,1.314697606,-0.8895858687,-0.01429447051,-0.07,-1.209908737
2020-12-22,1.324525903,1.304698648,-0.4488670392,-0.007666238499,-0.11,-0.5216984782
2020-12-23,1.313243383,1.294821752,-0.5195374211,-0.003701220568,-0.11,-0.6947387208
2020-12-24,1.302108035,1.28506392,-0.5137312007,-0.0003829550202,-0.07,-0.869286403
2020-12-25,1.291115817,1.275422254,-0.5076964863,0.001815208387,-0.11,-1.214317147
2020-12-26,1.280262827,-0.03620906498,-0.5016556133,0.001815208387,-0.11,-1.208174585
2020-12-27,-0.2533101977,-1.32819302,-0.4956078133,0.001815208387,-0.11,-1.202211057
2020-12-28,-0.2474823626,-1.320729953,-0.3275577494,0.001271476281,-0.09,-1.196430571
2020-12-29,-0.2416203963,-1.313455406,-0.1593060315,0.0009949590529,-0.06,-1.166985499
2020-12-30,-0.2357228719,-1.306371082,-0.2978604176,-0.004581787995,-0.06,-0.8889556301
2020-12-31,-0.2297883085,-1.299479083,-0.1285292489,-0.00598684751,-0.07,-0.9549427241
2021-01-01,-0.2238151676,0.02993302989,-0.123010764,-0.007354980351,-0.09,-0.9594909685
2021-01-02,-0.2178018498,0.02993302989,-0.1174562076,-0.007354980351,-0.09,-0.9533778408
2021-01-03,-0.2117466914,0.02993302989,-0.1118643729,-0.007354980351,-0.09,-0.9473525028
2021-01-04,1.262261746,1.273111085,-0.04208544909,-0.007612498083,-0.08,-0.9414162119
2021-01-05,1.251763993,1.266602769,1.194176874,-0.005834073097,-0.09,0.0006099969177
2021-01-06,1.241392242,1.26028644,0.9461561484,-0.00678776573,-0.07,-0.3567046142
2021-01-07,1.231143183,1.25416575,0.9455394511,-0.003348240376,-0.02,-0.4122561239
2021-01-08,1.221013622,1.248244868,0.6114461242,-0.002713985042,-0.01,-1.009944509
2021-01-09,1.211000465,-0.03678570619,0.6129011352,-0.002888705109,0.07,-1.187597712
2021-01-10,1.201100724,-0.03678570619,0.6143592655,-0.002888705109,0.07,-1.183439905
2021-01-11,-0.08848596695,-1.164436333,0.5552494323,-0.005867350357,0.07,-1.179538636
2021-01-12,-0.08217931085,-1.159185899,-0.7036911295,-0.003288925413,0.1,-0.5928590712
2021-01-13,-0.07581234863,-1.154129647,-0.6146292224,-0.003845305486,0.08,-0.7608743965
2021-01-14,-0.06938278239,-1.149274218,-1.356913779,-0.005523273207,0.07,-1.015505331
2021-01-15,-0.06288820837,-1.144627016,-1.746721852,-0.007358410869,0.09,-0.7652211127
2021-01-16,-0.0563261102,0.03036418033,-1.73347848,-0.004198044842,0.04,-0.5058044726
2021-01-17,-0.0496938515,0.03036418033,-1.72056576,-0.004198044842,0.04,-0.5022828796
2021-01-18,-0.334802049,-0.2232751178,-1.7029769,-0.004149133022,0.04,-0.4987689134
2021-01-19,-0.3287921535,-0.2227511052,-0.5051008173,-5.918369543e-05,0.03,-0.4955851281
2021-01-20,-0.3227510168,-0.222227236,-0.7227827404,0.001296398116,0.03,-0.7471473935
2021-01-21,-0.3166770755,-0.2217035096,-0.716542455,0.001219940548,0.04,-1.132053414
2021-01-22,-0.3105687031,-0.2211799257,0.04674282754,-0.001074410085,0.08,-1.18489327
2021-01-23,-0.3044242063,0.03288108051,0.05342019193,0.002108395042,0.07,-1.036956269
2021-01-24,-0.2982418205,0.03288108051,0.06017607153,0.002108395042,0.07,-1.029037392
2021-01-25,1.118634707,1.215458037,0.7710160856,0.003094215768,0.09,-1.021188948
2021-01-26,1.121934536,1.206557625,-0.4680150699,0.008203148235,0.04,-0.710539285
2021-01-27,1.125251401,1.197752981,-0.2640279128,0.007280095119,-0.01,-0.7447228916
2021-01-28,1.12858547,1.189041934,-0.5020247727,0.006953915486,-0.03,2.596155712
2021-01-29,1.131936912,1.180422381,-0.8300680608,0.006480675241,-0.13,0.9475209435
2021-01-30,1.135305899,0.005580433943,-0.8240844464,0.005988244566,-0.09,1.612611556
2021-01-31,1.138692607,0.005580433943,-0.8181345046,0.005988244566,-0.09,1.600446037
2021-02-01,1.407827159,0.2257198051,-1.099135373,0.001121388017,-0.11,1.588462603
2021-02-02,1.407212455,0.2244145598,-1.28887214,0.007788428697,-0.09,0.9243886866
2021-02-03,1.406598284,0.2231098989,-1.214412436,0.008297249875,-0.07,-0.1573153691
2021-02-04,1.405984646,0.2218058159,-0.967322061,0.009895939696,-0.1,-0.7661683854
2021-02-05,1.405371539,0.2205023039,-0.4569024839,0.01108683838,-0.03,-1.022226296
2021-02-06,1.404758962,-0.0008547735523,-0.453139095,0.006522249903,-0.03,-1.220700128
2021-02-07,1.404146916,-0.0008547735523,-0.4493815417,0.006522249903,-0.03,-1.211290501
2021-02-08,1.520212103,0.1000136523,-0.3446282236,0.006522249903,-0.03,-1.201985478
2021-02-09,1.506001518,0.09349807782,-0.452188809,0.005294622741,-0.03,-1.108611329
2021-02-10,1.492025603,0.08691588522,-0.7589702862,0.002824516589,-0.02,-1.012648887
2021-02-11,1.478276815,0.08026438655,-0.8860734146,0.003472206609,-0.08,-0.9255664595
2021-02-12,1.464747937,0.07354076084,-1.386238874,-0.0002187328555,-0.05,-1.087514191
2021-02-13,1.451432059,-0.03690167834,-1.374249673,-0.0005620717229,-0.02,-1.369591299
2021-02-14,1.438322564,-0.03690167834,-1.362429779,-0.0005620717229,-0.02,-1.36074678
2021-02-15,1.441895044,-0.02281241206,-1.350965965,-0.003385251851,0.02,-1.352002304
2021-02-16,1.428970689,-0.02319930902,-1.095376642,-0.001507291961,0.02,-1.341932756
2021-02-17,1.416241271,-0.02358623104,-1.203867534,-0.002590155802,0.1,-1.000714184
2021-02-18,1.403700929,-0.0239731783,-1.179281489,0.0001294574661,0.14,-0.9847218935
2021-02-19,1.391344035,-0.02436015097,-1.040514784,0.001868673019,0.15,-0.7635134694
2021-02-20,1.379165186,-0.03883831225,-1.033394882,-0.002191135237,0.22,-0.8594443156
2021-02-21,1.367159191,-0.03883831225,-1.026333854,-0.002191135237,0.22,-0.855077038
2021-02-22,1.078868486,-0.2857366218,-1.088228944,-0.006343239437,0.22,-0.8508550414
2021-02-23,1.076622111,-0.2800325505,-1.993646109,-0.003279120676,0.24,-0.5154646994
2021-02-24,1.07438296,-0.2743004614,-1.936462604,-0.003194464117,0.25,-0.5900358909
2021-02-25,1.072150988,-0.2685391319,-1.941504344,-0.009097367644,0.23,-1.00608735
2021-02-26,1.069926149,-0.2627472968,-2.364394813,-0.00278515546,0.42,0.8128878099
2021-02-27,1.067708396,-0.005032378735,-2.328851394,0.005280747412,0.31,0.5991595074
2021-02-28,1.065497687,-0.005032378735,-2.294556066,0.005280747412,0.31,0.6124081667
2021-03-01,0.8751606409,-0.1776754264,-2.382787435,0.007031241633,0.32,0.6260369931
2021-03-02,0.8682075559,-0.183989023,-2.158570682,0.006789093431,0.33,-0.511980737
2021-03-03,0.8612958385,-0.190373201,-1.604841611,0.008520980719,0.28,-0.318766227
2021-03-04,0.8544244936,-0.1968301683,-1.664371465,0.01106904863,0.3,0.3361262016
2021-03-05,0.8475925431,-0.2033622252,-1.522444929,0.01089615199,0.35,0.8246304637
2021-03-06,0.8407990254,-0.03289612369,-1.526675362,0.02026928241,0.35,-0.1614807318
2021-03-07,0.8340429942,-0.03289612369,-1.531939406,0.02026928241,0.35,-0.1530095636
2021-03-08,-0.7998792166,-1.535437043,-1.715455593,0.02026928241,0.35,-0.1443704275
2021-03-09,-0.8003732955,-1.522066546,-1.460112786,0.02218397519,0.32,0.07618342415
2021-03-10,-0.8008677396,-1.508910299,-1.765432971,0.01702904114,0.26,-0.3000354211
2021-03-11,-0.8013625493,-1.495961804,-1.519330464,0.01272999448,0.14,-0.6854024219
2021-03-12,-0.8018577253,-1.483214831,-1.580792191,0.01088215652,0.06,-0.8519813321
2021-03-13,-0.8023532682,-0.001339401951,-1.565538886,0.01182660166,0.18,-1.167280698
2021-03-14,-0.8028491785,-0.001339401951,-1.550554829,0.01182660166,0.18,-1.157899043
2021-03-15,-1.138754022,-0.3069378677,-1.090953387,0.009908147036,0.17,-1.148615521
2021-03-16,-1.135104879,-0.3050074728,-0.7627749075,0.01157034838,0.14,-1.312118581
2021-03-17,-1.131474283,-0.3030786668,-0.6402072197,0.01130224165,0.11,-1.364086249
2021-03-18,-1.127862048,-0.3011514279,-0.6597352821,0.01102163675,-0.07,-1.497919736
2021-03-19,-1.124267991,-0.2992257342,-0.2490836157,-0.0004980918297,0.15,-0.8724586392
2021-03-20,-1.12069193,0.008112725463,-0.242687516,0.001285112372,0.14,-1.030422048
2021-03-21,-1.117133686,0.008112725463,-0.2362392789,0.001285112372,0.14,-1.022491752
2021-03-22,0.1513471155,1.164354397,0.3300016149,0.00399284434,0.14,-1.014627808
2021-03-23,0.1481134846,1.15655536,0.4823678927,0.004159624363,0.14,-1.5481942
2021-03-24,0.1448756016,1.148831318,-0.05737214153,0.004699290628,0.08,-1.165400818
2021-03-25,0.1416333396,1.141180745,-0.08000556525,0.00845402591,-0.03,-0.9212353615
2021-03-26,0.1383865702,1.133602158,-0.07654406958,0.002223322113,-0.03,-1.276195592
2021-03-27,0.1351351643,-0.01521518076,-0.07307442801,-7.120960503e-05,-0.01,-1.511881399
2021-03-28,0.1318789911,-0.01521518076,-0.06959645972,-7.120960503e-05,-0.01,-1.498254172
2021-03-29,-1.154621742,-1.16923147,-0.905343018,-0.004613723201,-0.05,-1.484846333
2021-03-30,-1.145310516,-1.160504607,-0.8241367199,2.984340987e-05,0.03,-0.991660993
2021-03-31,-1.136094713,-1.151878933,-0.2761524198,0.005413419187,0.11,-1.274527192
2021-04-01,-1.126971984,-1.143352614,-0.06971143333,0.00798785704,0.11,-1.319048014
2021-04-02,-1.117940052,-1.1349239,-0.06226380148,0.006299385368,-0.04,-1.830332038
2021-04-03,-1.108996701,0.03623582464,-0.05471063341,0.006233914227,-0.02,-1.810156499
2021-04-04,-1.100139784,0.03623582464,-0.04704684641,0.006233914227,-0.02,-1.790436659
2021-04-05,-0.007776118388,1.025687701,-0.454798393,0.004759136624,0.01,-1.771153835
2021-04-06,-0.01091187587,1.018198061,0.1270570538,0.003629720695,0.06,-1.61058605
2021-04-07,-0.01405573539,1.010781243,-0.2894915091,-0.0001104641349,0.02,-1.543789147
2021-04-08,-0.01720783683,1.003436274,-0.3156453235,0.004160518699,-0.1,-1.764148958
2021-04-09,-0.02036832193,0.9961622417,-0.5521186909,0.001027655529,-0.12,-1.796632679
2021-04-10,-0.02353733431,-0.01438143766,-0.5460275774,0.002011053714,-0.07,-1.840207136
2021-04-11,-0.02671501955,-0.01438143766,-0.5399316511,0.002011053714,-0.07,-1.820523428
2021-04-12,0.4675530503,0.4412154511,-0.09873179994,0.001774300169,0,-1.801277294
2021-04-13,0.4669330621,0.4444188893,-0.09235576725,-0.0009718284498,0.02,-1.730943468
2021-04-14,0.4663134825,0.4476379773,0.2749669331,-0.005432157422,0,-1.775024713
2021-04-15,0.4656943106,0.4508729109,0.01112363669,-0.01067265723,0,-1.679403894
2021-04-16,0.4650755455,0.4541238894,0.2799240486,-0.009868947412,-0.1,-1.762180773
2021-04-17,0.4644571863,-0.002407187364,0.2940219537,-0.01107080497,-0.1,-1.820209184
2021-04-18,0.463839232,-0.002407187364,0.3086553633,-0.01107080497,-0.1,-1.803523981
2021-04-19,-0.7396180798,-1.111358154,-0.0101682014,-0.01272695675,-0.14,-1.787163099
2021-04-20,-0.7339849975,-1.10334755,0.2087355256,-0.01768342338,-0.11,-1.536580429
2021-04-21,-0.7283767402,-1.095412007,0.2107856422,-0.01395143705,-0.11,-1.209542506
2021-04-22,-0.7227927746,-1.087549929,0.5396757969,-0.01373144984,-0.1,-1.468956131
2021-04-23,-0.717232575,-1.079759765,0.535027729,-0.01320478495,-0.12,-1.187483074
2021-04-24,-0.7116956223,0.02474186367,0.5303889422,-0.0144427885,-0.12,-1.490463774
2021-04-25,-0.7061814046,0.02474186367,0.5257591319,-0.0144427885,-0.12,-1.480231119
2021-04-26,0.259036863,0.9057882593,0.8560064416,-0.01150942731,-0.14,-1.470130512
2021-04-27,0.2540086117,0.8991305081,0.6380473506,-0.01180329202,-0.13,-1.392755455
2021-04-28,0.248963558,0.8925285572,0.6356939337,-0.0117790321,-0.1,-1.402373436
2021-04-29,0.2439010367,0.8859820046,0.6365589422,-0.01150217036,-0.09,-1.454178559
2021-04-30,0.2388203667,0.879490506,0.1506690501,-0.01286540616,-0.13,-1.371419397
2021-05-01,0.2337208498,-0.02655008508,0.1528341944,-0.009884031137,-0.12,-1.144020165
2021-05-02,0.2286017704,-0.02655008508,0.1550037206,-0.009884031137,-0.12,-1.137797993
2021-05-03,-0.8775547974,-1.038151085,0.1586466248,-0.009697697945,-0.12,-1.131626118
2021-05-04,-0.871213269,-1.030694592,0.2828495858,-0.009148162008,-0.1,-1.190775779
2021-05-05,-0.8649113423,-1.023315172,0.2831391673,-0.004391545322,-0.12,-0.9310589506
2021-05-06,-0.8586482406,-1.01601196,0.4025444761,-0.004144094067,-0.11,-0.9976557138
2021-05-07,-0.8524232022,-1.008784162,0.8923869895,-0.005701387074,-0.1,-1.155175011
2021-05-08,-0.84623548,0.02531581818,0.8903038695,-0.01294880754,-0.12,-1.512802185
2021-05-09,-0.8400843412,0.02531581818,0.8882267671,-0.01294880754,-0.12,-1.500679397
2021-05-10,-0.8304918373,0.02845634707,1.493391959,-0.01032772199,-0.16,-1.488736513
2021-05-11,-0.8246354042,0.02813205799,1.362698518,-0.01287383482,-0.17,-0.8447073322
2021-05-12,-0.8188119999,0.02780776919,1.35705923,-0.01145510091,-0.13,-0.3734533673
2021-05-13,-0.8130210076,0.02748348057,1.232689522,-0.005935149074,-0.09,0.8591724402
2021-05-14,-0.8072618218,0.02715919202,1.136904539,-0.004401863164,-0.09,-0.08931602903
2021-05-15,-0.8015338477,0.02369430084,1.132029189,-0.00850753286,-0.12,-1.017124993
2021-05-16,-0.795836501,0.02369430084,1.127185945,-0.00850753286,-0.12,-1.009805587
2021-05-17,0.3014439653,1.05347873,0.9416198046,-0.006042344709,-0.1,-1.002559441
2021-05-18,0.2968076518,1.04551378,1.704810553,-0.007422949038,-0.14,-0.7973632799
2021-05-19,0.2921631017,1.037623236,1.690997986,-0.008580304837,-0.1,-0.4359587912
2021-05-20,0.2875098908,1.0298057,1.214010666,-0.00774700572,-0.03,-0.2455693224
2021-05-21,0.2828475882,1.022059823,1.879260718,-0.01091503775,-0.02,-0.5735790934
2021-05-22,0.2781757555,-0.02457645956,1.864562204,-0.009156533632,-0.04,-0.6833146155
2021-05-23,0.2734939472,-0.02457645956,1.850117068,-0.009156533632,-0.04,-0.6776584589
2021-05-24,-4.237358353,-4.253498866,1.996798398,-0.008458550958,-0.01,-0.6720216745
2021-05-25,-4.078692235,-4.105121896,1.547044042,-0.01227005885,-0.02,-1.052717229
2021-05-26,-3.935495936,-3.970453327,1.535406015,-0.01167528894,0.02,-0.948002466
2021-05-27,-3.805374129,-3.847484454,1.777362431,-0.008694555888,0.05,-1.265332225
2021-05-28,-3.686421251,-3.734596709,1.201480068,-0.001405990908,0.08,-1.390024906
2021-05-29,-3.577099773,0.08194803483,1.193524417,-0.002407568032,0.05,-1.373508782
2021-05-30,-3.476153527,0.08194803483,1.185647836,-0.002407568032,0.05,-1.361572513
2021-05-31,0.6221571485,4.029850014,1.188428946,-0.000296956869,0.07,-1.349801886
2021-06-01,0.6219587354,3.890462066,0.5671896477,-0.001212890729,0.05,-1.338436917
2021-06-02,0.6217603746,3.763593605,0.5303230927,-0.009492343381,0.01,-1.080989711
2021-06-03,0.6215620661,3.64744686,0.1394378771,-0.009100725388,0,-1.163438804
2021-06-04,0.6213638099,3.540566433,0.3521108331,0.0003860159643,0.09,-1.033211302
2021-06-05,0.621165606,-0.0006224953051,0.363451175,-0.00344804936,0.04,-1.374781237
2021-06-06,0.6209674542,-0.0006224953051,0.3750904057,-0.00344804936,0.04,-1.362810441
2021-06-07,-0.004273507722,-0.5424693598,0.5229176583,-0.002942950513,0.06,-1.351006101
2021-06-08,-0.007782387926,-0.546821522,0.01336281495,-0.002852974375,0.06,-1.3393525
2021-06-09,-0.01130248179,-0.5512055292,-0.2533759192,-0.002089633273,-0.03,-1.18903844
2021-06-10,-0.01483400077,-0.5556219153,0.7618505076,-0.002614096094,-0.04,-1.004083498
2021-06-11,-0.01837715973,-0.5600712262,0.9154880573,-0.004610220282,-0.1,-1.378105983
2021-06-12,-0.021932177,-0.01529526418,0.9193589854,0.0003214548126,-0.05,-1.462023823
2021-06-13,-0.02549927453,-0.01529526418,0.9232544758,0.0003214548126,-0.05,-1.449285988
2021-06-14,0.6388875004,0.5630794364,0.7819516094,0.001636435438,-0.02,-1.436746139
2021-06-15,0.6337893524,0.5613903268,1.387947681,0.001117807329,0.01,-1.268030442
2021-06-16,0.6287072928,0.5597042777,1.382534458,0.004356543881,-0.05,-1.125056782
2021-06-17,0.6236409259,0.558021271,0.8965180193,0.002234172283,0.06,-0.8755840094
2021-06-18,0.6185898599,0.5563412889,0.3548531594,0.01642866945,0.09,-0.9539536901
2021-06-19,0.6135537061,-0.0221707078,0.3543091806,0.02061438673,0.05,-0.3167879166
2021-06-20,0.608532079,-0.0221707078,0.3537654527,0.02061438673,0.05,-0.3132904394
2021-06-21,0.3937890698,-0.2032980258,1.483629733,0.02061438673,0.05,-0.3097934514
2021-06-22,0.3899305817,-0.202339195,1.122077177,0.02112581739,0.09,-0.9074653185
2021-06-23,0.3860748368,-0.2013806976,1.122157846,0.02113856135,0.02,-1.162384734
2021-06-24,0.3822216555,-0.2004225309,0.7069754099,0.0108267628,-0.05,-1.225220968
2021-06-25,0.378370858,-0.1994646922,0.7092051378,0.01421101722,0.03,-1.2895011
2021-06-26,0.3745222644,-0.01744978455,0.7110850754,0.01095599993,0.04,-1.353128824
2021-06-27,0.3706756945,-0.01744978455,0.7129704929,0.01095599993,0.04,-1.341948573
2021-06-28,-0.6962144959,-0.9322457763,-0.4147326572,0.01312033154,0.02,-1.330922238
2021-06-29,-0.6907655125,-0.9248427375,0.2390716145,0.01243391264,-0.01,-1.291676942
2021-06-30,-0.6853373659,-0.917489698,0.2380046127,0.01528976483,-0.01,-1.227459919
2021-07-01,-0.6799295743,-0.9101854597,0.5337020726,0.01816173597,0.03,-1.258838057
2021-07-02,-0.6745416613,-0.9029288477,0.6495036012,0.01482267607,-0.02,-1.323615107
2021-07-03,-0.6691731558,0.0233225586,0.6454221562,0.0130448911,-0.04,-1.400046086
2021-07-04,-0.6638235918,0.0233225586,0.6413551424,0.0130448911,-0.04,-1.388595091
2021-07-05,0.05907441764,0.6442856519,0.6378038261,0.01420796839,-0.04,-1.37731398
2021-07-06,0.05618702357,0.6383129788,0.5746174891,0.01070312086,-0.02,-1.372632769
2021-07-07,0.05329479719,0.6323526899,0.2407805038,0.01651509902,-0.19,-1.074136354
2021-07-08,0.05039764327,0.6264040621,0.06005516467,0.004686561755,-0.2,-1.142504864
2021-07-09,0.04749546561,0.6204663701,0.03000653629,0.0003255461745,-0.13,-0.5076959122
2021-07-10,0.04458816707,-0.0128115662,0.02982631688,-0.001798465687,-0.12,-1.174888471
2021-07-11,0.04167564952,-0.0128115662,0.02964609892,-0.001798465687,-0.12,-1.190402453
2021-07-12,0.3304292935,0.2405023455,0.2968127573,-1.417948211e-05,-0.16,-1.208778649
2021-07-13,0.3324013046,0.2452656926,0.05652596252,-0.001384197652,-0.12,-1.229090623
2021-07-14,0.3343781226,0.2500644958,0.09057409131,0.005556054845,-0.1,-0.9882489653
2021-07-15,0.3363597856,0.2548995153,-0.029818253,0.004932962983,-0.16,-1.198015788
2021-07-16,0.3383463321,0.2597715319,0.0004427726626,0.009276071647,-0.21,-1.006049372
2021-07-17,0.340337801,0.007342936267,0.0008503242473,0.009621713831,-0.22,-0.6052755472
2021-07-18,0.3423342315,0.007342936267,0.001257893384,0.009621713831,-0.22,-0.599460325
2021-07-19,0.2815757297,-0.04752882545,-0.5940630236,0.009087273532,-0.18,-0.5936538721
2021-07-20,0.28390281,-0.04723423715,-0.294534856,0.01145452618,-0.22,0.5290981746
2021-07-21,0.2862364828,-0.04693965472,-0.2929813257,0.01063407292,-0.16,-0.2328251339
2021-07-22,0.2885768118,-0.04664507809,0.004996615119,0.005788540004,-0.11,-0.7320692767
2021-07-23,0.2909238618,-0.04635050718,-0.1174113868,0.008236888287,-0.12,-0.7865410782
2021-07-24,0.293277698,0.008815034456,-0.1189580899,0.007972987982,-0.16,-0.9157941423
2021-07-25,0.2956383863,0.008815034456,-0.1205065087,0.007972987982,-0.16,-0.9087358229
2021-07-26,-0.2687182725,-0.4822667062,0.4779542886,0.007972987982,-0.16,-0.9017246086
2021-07-27,-0.2649515218,-0.4803219744,0.2899445629,0.002409881755,-0.17,-0.7903003651
2021-07-28,-0.2611819486,-0.4783805458,0.2842192174,0.001042396079,-0.18,-0.292653548
2021-07-29,-0.2574093624,-0.4764423953,0.2788024207,0.0009117632493,-0.23,-0.5788923966
2021-07-30,-0.2536335709,-0.474507498,1.011977342,-0.003138141132,-0.24,-0.742593806
2021-07-31,-0.2498543803,0.01740509855,1.004306675,-0.001472028359,-0.25,-0.5869906835
2021-08-01,-0.2460715949,0.01740509855,0.9967024588,-0.001472028359,-0.25,-0.5815791105
2021-08-02,0.4380764046,0.6032071758,0.9890066175,-0.0007954870962,-0.21,-0.5761777638
2021-08-03,0.4340874392,0.5973766306,0.9819421813,-0.002983904437,-0.23,-0.2324248619
2021-08-04,0.4301030928,0.5915543797,0.7893119809,-0.0005076182604,-0.22,-0.624611364
2021-08-05,0.4261231708,0.5857397229,0.7832556521,-0.0009627969251,-0.15,-0.6400834328
2021-08-06,0.4221474791,0.5799319558,0.1123008048,-0.002436245387,-0.08,-0.8271142121
2021-08-07,0.4181758235,-0.01800099338,0.1057649853,0.002353091042,-0.04,-1.133825766
2021-08-08,0.4142080103,-0.01800099338,0.09916252879,0.002353091042,-0.04,-1.125854407
2021-08-09,0.4582884222,0.02378703928,-0.1615641367,-0.002099567405,-0.01,-1.11795907
2021-08-10,0.4546038046,0.02418069584,-0.1705034122,-0.002620654733,-0.01,-0.9544181699
2021-08-11,0.4509251187,0.02457437906,0.01586209471,0.0009233406766,-0.06,-0.9291816459
2021-08-12,0.4472522147,0.02496808912,0.01461563087,-0.001652426423,-0.06,-1.122061909
2021-08-13,0.4435849432,0.02536182623,0.05366893726,-0.001504762879,0,-1.241442917
2021-08-14,0.4399231554,-0.0160386107,0.0535835509,-0.003334808418,-0.03,-1.269975065
2021-08-15,0.4362667032,-0.0160386107,0.05349816556,-0.003334808418,-0.03,-1.260253688
2021-08-16,-0.7196213957,-1.011059986,0.1145691514,-0.001433444205,0.03,-1.250646186
2021-08-17,-0.7380772692,-1.020322768,0.1749936108,-0.0004672207958,0.03,-1.060989964
2021-08-18,-0.7572810569,-1.029733854,-0.2185553727,0.003858431694,0.08,-0.5726280497
2021-08-19,-0.7772928164,-1.039297786,-0.4480793051,0.01077936833,0.1,0.4194595466
2021-08-20,-0.7981796543,-1.049019303,-0.4481857219,0.01277342786,0.12,0.447696041
2021-08-21,-0.8200168333,-0.0353098144,-0.4482921516,0.01623748351,0.15,-0.3906858369
2021-08-22,-0.8428891004,-0.0353098144,-0.4483985942,0.01623748351,0.15,-0.3860789286
2021-08-23,-1.754464402,-0.7726594062,-0.6440150045,0.01625822874,0.16,-0.3814705862
2021-08-24,-1.738402325,-0.7674398925,-1.065969005,0.009918208022,0.17,-0.7586781895
2021-08-25,-1.722643401,-0.7622978483,-0.9042959216,0.006946259056,0.15,-0.7336160679
2021-08-26,-1.707177298,-0.7572365168,-1.001651271,0.007668883028,0.1,-0.8443757546
2021-08-27,-1.691994166,-0.7522595398,-0.9991241936,0.004231798413,0.07,-0.2821696375
2021-08-28,-1.677084616,0.02430165699,-0.996606102,0.0002788838996,-0.02,-0.9436549658
2021-08-29,-1.662439686,0.02430165699,-0.9940969304,0.0002788838996,-0.02,-0.9368166402
2021-08-30,0.5691440281,1.9538139,-0.6043777601,-0.000984556478,-0.04,-0.9300270894
2021-08-31,0.5733406975,1.943469033,-0.04865797958,-0.002214149588,-0.04,-0.9769717644
2021-09-01,0.577566863,1.93325026,0.01715053636,-0.001539520842,0.04,-0.8908226816
2021-09-02,0.5818229941,1.923154889,0.3462109046,-0.003495216259,0.02,-0.9838944803
2021-09-03,0.5861095706,1.913180307,0.1481557488,-0.002434073491,0.05,-0.8955366498
2021-09-04,0.5904270831,0.01169186306,0.1485985457,-0.004545313834,0.07,-0.8890371568
2021-09-05,0.5868220864,0.006631325746,0.1490414488,-0.004545313834,0.07,-0.8825798012
2021-09-06,0.03801835241,-0.4601377475,0.1504368574,-0.005497933194,0.09,-0.8761637472
2021-09-07,0.03693399297,-0.4647486573,0.1528216601,-0.009415811311,0.06,-0.8696918359
2021-09-08,0.03584944036,-0.4693952971,0.1543433971,-0.00630101877,0.07,-0.3955753028
2021-09-09,0.03476469063,-0.4740783296,0.321817483,-0.007700423975,0.01,-0.4397816418
2021-09-10,0.03367973982,-0.4720124403,0.2845628453,-0.01273265101,-0.07,-0.207321065
2021-09-11,0.03259458394,-0.004643083637,0.2866960071,-0.01361037337,-0.04,0.3807334781
2021-09-12,0.03150921903,-0.004643083637,0.2888345807,-0.01361037337,-0.04,0.3831517804
2021-09-13,-3.503421007,-3.036757007,0.4906102992,-0.008770266926,-0.03,0.3855780935
2021-09-14,-3.412221151,-2.97472142,0.7404893616,-0.005677364872,-0.03,-0.03846420797
2021-09-15,-3.327193005,-2.915932118,0.7530006181,-0.005509881882,-0.05,-0.007257842553
2021-09-16,-3.247658331,-2.86010959,0.5603980239,-0.007127270554,-0.05,-0.356010721
2021-09-17,-3.173039131,-2.807007056,0.7817655847,-0.0003246856372,0.07,-0.2102275317
2021-09-18,-3.102839358,0.07537053606,0.7901441368,0.002280740142,0.12,0.3816542553
2021-09-19,-3.036630547,0.07537053606,0.7986517269,0.002280740142,0.12,0.3826393051
2021-09-20,0.0416968302,2.809402928,1.015929001,0.003116224856,0.12,0.3836254834
2021-09-21,0.0417368043,2.756517183,0.7653035598,0.007378814509,0.05,1.744430681
2021-09-22,0.04177677861,2.706106843,0.6572705266,0.008369568684,0.07,1.365682106
2021-09-23,0.04181675314,2.657978441,0.8609353104,0.007412247764,0.07,0.39759995
2021-09-24,0.04185672788,2.611959105,-0.3025367266,0.008577704011,0.11,-0.2208315314
2021-09-25,0.04189670285,0.0001692493752,-0.3091189192,0.01076966546,0.14,-0.4603805133
2021-09-26,0.04193667803,0.0001692493752,-0.3157813754,0.01076966546,0.14,-0.45462098
2021-09-27,-0.2195222833,-0.221699308,-0.427530265,0.01076966546,0.14,-0.4488515503
2021-09-28,-0.219385637,-0.2216185437,-0.8151600352,0.006759633385,0.11,-0.158792399
2021-09-29,-0.2192490019,-0.2215377833,-0.7421927871,0.008963905048,0.19,1.110668998
2021-09-30,-0.2191123779,-0.221457027,-0.7393402829,0.0147395239,0.26,0.9137009321
2021-10-01,-0.2189757652,-0.2213762748,0.2572392058,0.01503242801,0.2,1.073704673
2021-10-02,-0.2188391636,0.0005548464993,0.2601073785,0.01272594462,0.15,0.5136116854
2021-10-03,-0.2187025732,0.0005548464993,0.2629860089,0.01272594462,0.15,0.514735954
2021-10-04,0.02965779215,0.2115053956,-0.2699870368,0.01190525691,0.14,0.5158619393
2021-10-05,0.03332402476,0.2148275685,0.127301073,0.01121886341,0.16,1.02766791
2021-10-06,0.03700382417,0.2181638756,0.164588365,0.01228653898,0.13,0.5614447557
2021-10-07,0.04069744681,0.2215145236,0.1642387516,0.01248768795,0.11,0.5219746082
2021-10-08,0.04440515366,0.2248797225,0.1621039763,0.007971027888,0.08,0.1009064934
2021-10-09,0.04812721039,0.0154130701,0.1599689373,0.00880026127,0.07,-0.1211456771
2021-10-10,0.05186388749,0.0154130701,0.1578336041,0.00880026127,0.07,-0.1074166029
2021-10-11,0.3364493378,0.2521298099,0.4029327833,0.005760815571,0.09,-0.092710739
2021-10-12,0.3407295381,0.2518934855,0.3978635132,0.006859202287,0.07,0.3561621991
2021-10-13,0.3450385926,0.2516571982,0.3930031074,0.009961952891,0.06,0.314266981
2021-10-14,0.3493770226,0.2514209478,0.09642389463,0.008435157207,-0.06,-0.1149633947
2021-10-15,0.3537453617,0.2511847344,0.09623181632,0.003917028614,-0.13,-0.7509050555
2021-10-16,0.3581441565,0.01429110764,0.09603974685,0.002907883899,-0.1,-0.945832232
2021-10-17,0.3625739664,0.01429110764,0.09584768621,0.002907883899,-0.1,-0.9385606736
2021-10-18,0.4145394778,0.05342253864,-0.04628132145,0.003053369344,-0.1,-0.9313408473
2021-10-19,0.419602456,0.0536161816,-0.04596901527,-0.002249513991,-0.11,-0.9204538144
2021-10-20,0.4247092629,0.05380983243,-0.04741653183,-0.009259937302,-0.07,-1.131066241
2021-10-21,0.4298608221,0.05400349113,0.2430423783,-0.009874363553,-0.07,-1.197028783
2021-10-22,0.4350580836,0.05419715773,-0.0205840677,-0.006653272693,-0.06,-1.357935425
2021-10-23,0.4403020252,0.01525642126,-0.02586902129,-0.006205641206,-0.08,-1.197606771
2021-10-24,0.445593653,0.01525642126,-0.03119290222,-0.006205641206,-0.08,-1.188221607
2021-10-25,0.5770157802,0.1171404386,0.2983613133,-0.005284671303,-0.09,-1.178938447
2021-10-26,0.5822965416,0.1167772139,0.2937411138,-0.00664886408,-0.11,-1.236660697
2021-10-27,0.5876261912,0.1164140232,0.5137856185,-0.009104895897,-0.16,-0.9658626516
2021-10-28,0.5930057291,0.1160508663,0.9209741496,-0.007708000741,-0.23,-0.6046932302
2021-10-29,0.5984361838,0.1156877433,1.064471414,-0.01011966987,-0.11,-0.7584010123
2021-10-30,0.6039186134,0.0134536314,1.056030831,-0.00404629725,-0.07,-0.8478412115
2021-10-31,0.6094541064,0.0134536314,1.047664743,-0.00404629725,-0.07,-0.8409544096
2021-11-01,0.06258765854,-0.4218291083,1.039414583,-0.00404629725,-0.07,-0.8341047526
2021-11-02,0.06738876969,-0.4207720344,0.6947174978,-0.004771067203,-0.02,-0.7740972486
2021-11-03,0.07222088083,-0.4197159669,0.4592957922,-0.001623125609,0.01,-0.9043187792
2021-11-04,0.07708473952,-0.4186609016,-0.1678482166,0.001348448802,0.07,-1.230582831
2021-11-05,0.08198111434,-0.4176068344,-0.428603178,0.002325346983,-0.06,-1.117639813
2021-11-06,0.08691079572,0.01811437653,-0.4506447258,-0.0001516340098,-0.12,-0.7324857775
2021-11-07,0.09187459675,0.01811437653,-0.4740853508,-0.0001516340098,-0.12,-0.7340017285
2021-11-08,0.8883565601,0.629166985,-0.5015000767,0.0007307664977,-0.14,-0.7363841894
2021-11-09,0.8900039886,0.6257443651,-0.1326088359,0.001571532905,-0.22,-0.4330954774
2021-11-10,0.8916556611,0.6223326979,-0.1445827805,0.002235078844,-0.25,-0.198677682
2021-11-11,0.8933115999,0.6189318511,0.06905385308,0.004661200435,-0.18,0.2076149062
2021-11-12,0.8949718276,0.615541694,0.5728803841,0.004208674232,-0.16,-0.2312738572
2021-11-13,0.8966363667,0.003349303311,0.5677068763,0.007428521158,-0.17,-0.8255235897
2021-11-14,0.8983052401,0.003349303311,0.5625926906,0.007428521158,-0.17,-0.8234582721
2021-11-15,0.2001497296,-0.5328676277,0.5585063117,0.008004929361,-0.13,-0.8217221691
2021-11-16,0.1978993395,-0.5363957028,0.5533799251,0.00803701814,-0.07,-0.7302106052
2021-11-17,0.1956490608,-0.5399438153,0.5501257494,0.01332666795,0.01,-0.783305407
2021-11-18,0.1933988582,-0.5435122332,0.698745263,0.01399343611,-0.1,-0.4267098867
2021-11-19,0.1911486964,-0.5471012296,0.5929759833,0.008173661168,-0.18,-0.1906776542
2021-11-20,0.1888985404,-0.008858869816,0.5901905426,0.00949578087,-0.15,-0.03164179018
2021-11-21,0.1866483546,-0.008858869816,0.5877334929,0.00949578087,-0.15,-0.02641098203
2021-11-22,-4.331197241,-3.534367124,2.110432926,0.008861126361,-0.19,-0.02114486918
2021-11-23,-4.167630366,-3.437395016,3.095738769,0.01192985588,-0.03,0.5933292798
2021-11-24,-4.020203695,-3.347271551,3.138270608,0.01445007096,-0.02,0.696701541
2021-11-25,-3.886392156,-3.263209981,3.07671776,0.01674860392,0.06,0.3087858365
2021-11-26,-3.764191984,-3.184544774,2.857517044,0.01926745283,0.12,0.3165089088
2021-11-27,-3.651989967,0.05207924969,2.801824632,0.02136435201,0.02,4.977156621
2021-11-28,-3.548470674,0.05207924969,2.748833858,0.02136435201,0.02,4.752015583
2021-11-29,-4.414769218,-0.8540393396,2.985934657,0.02358608257,0.04,4.553586386
2021-11-30,-4.236533735,-0.8472656875,1.576018516,0.02477980345,0.15,2.09587579
2021-12-01,-4.077027788,-0.8405304912,0.6395901559,0.01803529441,0.07,3.78096888
2021-12-02,-3.933143812,-0.8338328303,0.1989878087,0.01524857116,0.13,5.120370337
2021-12-03,-3.802452207,-0.8271717993,-0.5790500751,0.01313022642,0.12,3.753244079
2021-12-04,-3.683022213,0.08630949621,-0.5790669732,0.01504876243,0.07,4.572634853
2021-12-05,-3.57329743,0.08630949621,-0.5790838716,0.01504876243,0.07,4.377899905
2021-12-06,0.7489109679,4.511529996,-1.178664986,0.01440033651,0.05,4.204765022
2021-12-07,0.744108547,4.324100873,-1.479641534,0.008839980545,0.09,2.962392028
2021-12-08,0.7393282907,4.156966161,-1.474420904,0.007208786165,0.11,1.19035169
2021-12-09,0.7345698476,4.00666606,-1.130791833,0.003250257674,0.14,0.5268019782
2021-12-10,0.7298328721,3.870514997,-0.3517723572,0.004857718409,0.13,1.078234052
2021-12-11,0.7251170233,-0.01842777201,-0.353120259,0.003076757506,0.15,0.1163167409
2021-12-12,0.7204219659,-0.01842777201,-0.3544702883,0.003076757506,0.15,0.1145461982
2021-12-13,0.2668822292,-0.4251125034,-0.05782256206,-0.0006476543929,0.02,0.1127753194
2021-12-14,0.2672010257,-0.4212846396,0.2370368651,-0.001463644216,-0.03,0.6476286786
2021-12-15,0.2675199052,-0.4174610909,-0.1147383633,-0.0002700585098,0.04,1.164324629
2021-12-16,0.2678388677,-0.4136416865,-0.615936641,0.001296968894,0.05,0.3002736319
2021-12-17,0.2681579134,-0.4098262554,-0.622761877,-0.006829439114,0.09,0.7191768889
2021-12-18,0.2684770423,0.001334962567,-0.6296729355,-0.006173703097,0.1,1.042282428
2021-12-19,0.2687962546,0.001334962567,-0.6366721151,-0.006173703097,0.1,1.034336206
2021-12-20,0.5920952662,0.2937036947,-0.4871946118,-0.006776404388,0.05,1.026457901
2021-12-21,0.5923182457,0.293574871,-0.4893901935,-0.001702994051,0.11,1.441916249
2021-12-22,0.5925412919,0.2934460604,-0.1359925448,0.001897505372,0.05,0.824807834
2021-12-23,0.5927644049,0.2933172629,-0.4948589783,-0.00232291541,0.02,0.04150478491
2021-12-24,0.5929875847,0.2931884784,-0.4940113756,-0.006056554801,0.11,-0.1804613734
2021-12-25,0.5932108315,0.0007395863104,-0.4931645467,-0.006056554801,0.11,-0.1828808776
2021-12-26,0.5934341451,0.0007395863104,-0.492318489,-0.006056554801,0.11,-0.185306535
2021-12-27,0.1944515755,-0.360505296,-0.4942101817,-0.005338611393,0.04,-0.1877384129
2021-12-28,0.1933647627,-0.3618304907,-0.6456114715,-0.003341231103,-0.03,-0.2806040585
2021-12-29,0.1922783108,-0.3631577605,-0.2902727338,-0.0001957696432,-0.01,-0.3252063275
2021-12-30,0.1911922157,-0.3644871163,-0.2889793724,-0.003546430077,0,-0.5188220938
2021-12-31,0.1901064738,-0.365818569,0.575815823,-0.002510962749,-0.1,-0.3916703531
2022-01-01,0.1890210809,-0.004874368658,0.5732439932,-0.002510962749,-0.08,-0.4277411099
2022-01-02,0.1879360334,-0.004874368658,0.570678537,-0.002510962749,-0.08,-0.4275720286
2022-01-03,0.2912553301,0.08982969902,0.5705988265,-0.004825538233,-0.06,-0.4274029777
2022-01-04,0.2921278016,0.09156265316,0.5688634542,-0.007136976437,-0.04,-0.6298733868
2022-01-05,0.293001017,0.09329767924,1.021180394,-0.009548031771,0.01,-0.5267871019
2022-01-06,0.2938749789,0.09503479717,0.9594960757,-0.004991591381,0.16,0.3979970448
2022-01-07,0.29474969,0.09677402703,0.7509161884,-0.003337046921,0.24,0.355870186
2022-01-08,0.2956251532,0.003560345488,0.7453124899,-0.006441778722,0.25,0.07598105532
2022-01-09,0.2965013713,0.003560345488,0.7397345216,-0.006441778722,0.25,0.07578443114
2022-01-10,0.2890260226,-0.003909031963,0.4317940817,-0.008310547784,0.24,0.07558781384
2022-01-11,0.2872473567,-0.006210696959,0.4284798261,-0.007641963708,0.26,0.2847070492
2022-01-12,0.2854699924,-0.008515543857,-0.5304777173,-0.00790766187,0.22,-0.03960385572
2022-01-13,0.2836939124,-0.01082361932,-0.4729410144,-0.01020221805,0.23,-0.2975298061
2022-01-14,0.2819190997,-0.01313497034,-0.2685710002,-0.01174289406,0.24,0.5846345051
2022-01-15,0.2801455373,-0.007946353212,-0.2653812322,-0.009964192266,0.31,0.213255741
2022-01-16,0.2783732083,-0.007946353212,-0.262191207,-0.009964192266,0.31,0.21012927
2022-01-17,0.04074246306,-0.2229963075,-0.2561948674,-0.009404304554,0.36,0.2070010103
2022-01-18,0.03994960598,-0.2221098075,0.05380681735,-0.008982041116,0.35,0.2076519269
2022-01-19,0.03915669816,-0.2212236505,0.059294875,-0.005465129785,0.39,1.390475664
2022-01-20,0.03836373808,-0.2203378343,1.137499638,-0.005830000954,0.49,1.764600487
2022-01-21,0.03757072422,-0.2194523567,1.034966452,-0.007102521621,0.54,2.325914538
2022-01-22,0.03677765506,-0.003621180912,1.035105309,-0.005816122065,0.45,3.31573809
2022-01-23,0.03598452908,-0.003621180912,1.035244196,-0.005816122065,0.45,3.233097347
2022-01-24,0.007802587834,-0.02859317475,5.527166178,-0.006911006922,0.38,3.155709012
2022-01-25,0.009691665172,-0.02616924187,5.238617036,-0.0009270637575,0.28,3.38901241
2022-01-26,0.01158254842,-0.02374212548,5.603231947,0.0002466626714,0.19,3.661537116
2022-01-27,0.01347526172,-0.02131177202,4.739917537,-0.002706997815,0.2,3.78122392
2022-01-28,0.01536982932,-0.01887812754,4.633131546,0.008108993777,0.13,3.276991741
2022-01-29,0.01726627561,0.008609979518,4.461755468,0.008641828292,0.06,2.443852947
2022-01-30,0.01916462511,0.008609979518,4.307160468,0.008641828292,0.06,2.407780907
2022-01-31,0.2237808553,0.193675463,0.7945885903,0.007096759635,0.04,2.372980938
2022-02-01,0.2161382163,0.1852888205,1.227817926,0.006381429761,0.14,1.589255757
2022-02-02,0.2083810987,0.1767365272,0.6883732516,0.008862751957,0.12,0.8091306334
2022-02-03,0.2005023085,0.1680064065,0.3712101311,0.008555138075,0.1,0.8382887067
2022-02-04,0.1924940512,0.1590850218,0.1578700199,0.004581120364,0.1,1.43467128
2022-02-05,0.1843478625,-0.04734395912,0.1612369972,0.006589294691,0.18,1.122097071
2022-02-06,0.1760545272,-0.04734395912,0.164617573,0.006589294691,0.18,1.113283629
2022-02-07,-0.08239537715,-0.2752086033,-0.2362848238,0.006589294691,0.18,1.104556144
2022-02-08,-0.07942798131,-0.2671448822,-0.6662579005,0.002374990522,0.11,1.000610303
2022-02-09,-0.07645587431,-0.2589261498,-0.1584226066,0.004173250537,0.11,0.6173632987
2022-02-10,-0.07347895423,-0.2505390273,0.02065891044,0.003136351803,0.02,0.2198440687
2022-02-11,-0.07049711818,-0.2419684629,0.2367701312,-0.0005217580979,0.17,1.264195673
2022-02-12,-0.06751026222,0.01492727164,0.2350836162,0.001996291853,0.08,2.15286763
2022-02-13,-0.0645182814,0.01492727164,0.2333979003,0.001996291853,0.08,2.124288867
2022-02-14,0.3504337888,0.4171099776,1.070903381,-0.0031431364,0.12,2.096563042
2022-02-15,0.3498829087,0.4136680063,1.062600086,0.0002535483748,0.13,2.313712017
2022-02-16,0.3493322826,0.4102304728,0.5111625396,-0.001409304888,0.1,1.620766435
2022-02-17,0.3487819098,0.4067972547,0.5099139774,-0.01111762576,0.16,1.249594801
2022-02-18,0.3482317897,0.4033682298,0.5094884225,-0.01175291475,0.2,2.194657223
2022-02-19,0.3476819217,-0.00244405128,0.5090630779,-0.01069551436,0.17,2.077038778
2022-02-20,0.3471323052,-0.00244405128,0.5086379434,-0.01069551436,0.17,2.051345058
2022-02-21,0.4631746152,0.111254315,0.5074194976,-0.006643822578,0.16,2.026363985
2022-02-22,0.4645530139,0.1128497849,0.6518382023,-0.004943290413,0.13,2.001487317
2022-02-23,0.4659339432,0.1144470693,0.6537293779,-0.003939079735,0.12,2.230682076
2022-02-24,0.4673174161,0.1160461838,1.295630308,-0.00208604387,0.02,2.717892489
2022-02-25,0.4687034457,0.1176471439,1.285404803,0.006997799128,-0.11,2.506405471
2022-02-26,0.4700920451,0.005274608116,1.275304458,0.00105527193,-0.09,1.838251006
2022-02-27,0.4714832276,0.005274608116,1.265326118,0.00105527193,-0.09,1.819780666
2022-02-28,0.5675117421,0.09788221914,0.9809316904,0.002155468491,-0.09,1.80170095
2022-03-01,0.5675891402,0.09688689539,0.6572588007,0.001157363158,-0.33,2.361525864
2022-03-02,0.5676665461,0.09589161103,2.261337028,0.008473897261,-0.42,3.024076358
2022-03-03,0.5677439598,0.09489636308,2.522564596,0.01055933208,-0.43,2.401475875
2022-03-04,0.5678213813,0.09390114856,2.482048468,0.009649838516,-0.32,2.309091874
2022-03-05,0.5678988106,0.0002843939808,2.44309455,0.01575217278,-0.42,2.597552278
2022-03-06,0.5679762477,0.0002843939808,2.405600462,0.01575217278,-0.42,2.554436815
2022-03-07,0.3055417566,-0.2560343084,3.075460764,0.01263687708,-0.43,2.513071422
2022-03-08,0.3033566286,-0.2585039605,3.67136285,0.02086313408,-0.56,3.382579956
2022-03-09,0.3011732194,-0.2609809317,2.631556123,0.02553871963,-0.61,3.036546693
2022-03-10,0.2989914978,-0.2634652987,1.338145306,0.01674812841,-0.44,2.443514078
2022-03-11,0.2968114323,-0.2659571389,1.146356582,0.01691577046,-0.39,1.965981982
2022-03-12,0.2946329917,-0.0106176397,1.138780737,0.01934699325,-0.45,2.046957246
2022-03-13,0.2924561449,-0.0106176397,1.131275622,0.01934699325,-0.45,2.022782294
2022-03-14,0.7519595339,0.4433113407,0.9700529371,0.01934699325,-0.45,1.999256227
2022-03-15,0.7494588946,0.4437527453,0.09006309501,0.02136351985,-0.28,2.174882043
2022-03-16,0.7469660364,0.4441943798,-0.6273178398,0.0224929971,-0.15,1.770395777
2022-03-17,0.7444808982,0.4446362445,0.6855249807,0.007464083304,-0.02,1.136369039
2022-03-18,0.7420034193,0.4450783399,1.158219968,0.006845529626,-0.14,0.9322306966
2022-03-19,0.7395335399,-0.008813730397,1.148965464,0.00763593235,-0.15,0.5717694926
2022-03-20,0.7370712005,-0.008813730397,1.139806443,0.00763593235,-0.15,0.5663965113
2022-03-21,0.699349471,-0.04403123216,1.773346328,0.007944635765,0.07,0.5610324054
2022-03-22,0.6982438314,-0.04304159013,1.870172712,0.001240109779,0.32,0.4886222406
2022-03-23,0.6971398047,-0.04205182895,2.083101512,0.00276514893,0.32,0.3674425539
2022-03-24,0.6960373849,-0.04106194566,1.584910456,0.0004786566566,0.21,0.4873807352
2022-03-25,0.6949365663,-0.04007193725,1.280892619,-0.005918544573,0.35,0.1063665502
2022-03-26,0.6938373431,-0.003849993612,1.270154736,-0.007357032087,0.46,-0.06661718551
2022-03-27,0.6927397097,-0.003849993612,1.259549019,-0.007357032087,0.46,-0.06852005859
2022-03-28,0.1819555052,-0.5098417005,0.8995821444,-0.01308896954,0.52,-0.0704253576
2022-03-29,0.1830866943,-0.5077525467,0.7781520554,-0.01212828692,0.55,-0.3032844018
2022-03-30,0.184218887,-0.5056673547,0.6016096081,-0.008818476776,0.45,-0.4479828006
2022-03-31,0.185352089,-0.5035860931,0.1973176049,-0.01420505893,0.37,-0.3636492842
2022-04-01,0.1864863058,-0.5015087307,0.1932874332,-0.01535987257,0.42,-0.1208562598
2022-04-02,0.1876215429,0.005289106908,0.1892489943,-0.0131414332,0.53,-0.3086558929
2022-04-03,0.1887578062,0.005289106908,0.1852020106,-0.0131414332,0.53,-0.3109140249
2022-04-04,0.850288323,0.6584448242,-0.3283607919,-0.01424832651,0.38,-0.3131785231
2022-04-05,0.845833959,0.6538480973,-0.4988814765,-0.01564914795,0.31,-0.5263885101
2022-04-06,0.8414028642,0.6492680451,-0.5915465422,-0.009222882474,0.31,-0.03510146913
2022-04-07,0.8369947291,0.6447043717,-0.5910073185,-0.0004067328067,0.49,0.1763224652
2022-04-08,0.8326092491,0.6401567851,-0.4458538618,0.001837472382,0.56,0.06308634791
2022-04-09,0.8282461246,-0.01599993862,-0.4430028239,0.002409206994,0.57,-0.01749592622
2022-04-10,0.823905061,-0.01599993862,-0.440156678,0.002409206994,0.57,-0.0198367938
2022-04-11,-2.319904248,-3.104514397,-0.295769593,0.004121104228,0.43,-0.02218120971
2022-04-12,-2.285625263,-3.034271476,-0.1236467708,0.003942888844,0.41,0.6190157501
2022-04-13,-2.252518253,-2.968031997,0.396180205,0.003289513383,0.48,0.5920392694
2022-04-14,-2.22051408,-2.905418689,1.496587178,0.002756987545,0.48,0.09862354599
2022-04-15,-2.189549191,-2.846102347,1.482787607,0.008322674863,0.41,0.2716513115
2022-04-16,-2.159565045,0.05194074714,1.469209788,0.007855458188,0.41,0.2669648104
2022-04-17,-2.130507621,0.05194074714,1.45584674,0.007855458188,0.41,0.2622673607
2022-04-18,0.3212716502,2.400398287,0.8297103338,0.004394484603,0.43,0.2575584937
2022-04-19,0.3225059501,2.364306381,0.7379473109,0.01104285879,0.38,0.1460139029
2022-04-20,0.3237419254,2.329494357,1.342742183,0.01781862988,0.51,-0.02014705632
2022-04-21,0.3249795844,2.295884484,1.079537686,0.01309474422,0.45,-0.2377131901
2022-04-22,0.3262189357,2.263405494,-0.258251297,0.01439019617,0.29,0.238367933
2022-04-23,0.3274599877,0.004951615166,-0.2599751412,0.0219706377,0.33,1.357772258
2022-04-24,0.3287027489,0.004951615166,-0.2617021631,0.0219706377,0.33,1.346740789
2022-04-25,0.244405172,-0.07351954266,0.2066576802,0.02259226141,0.3,1.335864156
2022-04-26,0.242706508,-0.07613758303,-0.1557771802,0.02503326709,0.2,1.084344098
2022-04-27,0.2410087112,-0.07876150667,-0.928410933,0.02554235148,0.14,2.374513952
2022-04-28,0.2393117669,-0.08139139279,-1.285124146,0.02681192802,0.1,1.963123178
2022-04-29,0.2376156604,-0.08402732143,-1.039541719,0.03135178873,0.03,1.624979274
2022-04-30,0.235920377,-0.007781524627,-1.040092614,0.02641954481,0.16,2.27162353
2022-05-01,0.2342259018,-0.007781524627,-1.040643968,0.02641954481,0.16,2.239165695
2022-05-02,0.1206818357,-0.1112584583,-1.152522705,0.02534063382,0.13,2.207773787
2022-05-03,0.1172994797,-0.1130089507,-1.105304797,0.03003696302,0.32,1.978316934
2022-05-04,0.1139109297,-0.1147617372,-1.249221004,0.0294522857,0.24,1.370489329
2022-05-05,0.1105160291,-0.116516839,-0.8949017344,0.02401079861,0.13,0.6276512406
2022-05-06,0.1071146192,-0.1182742774,-1.292669696,0.0283209242,0.24,1.723130033
2022-05-07,0.1037065399,-0.01626320076,-1.296846616,0.02704330785,0.32,1.515785366
2022-05-08,0.1002916288,-0.01626320076,-1.301049886,0.02704330785,0.32,1.502301489
2022-05-09,-3.718794585,-3.536416893,-1.477794402,0.02579163176,0.33,1.489040088
2022-05-10,-3.606884872,-3.444339486,-1.834508492,0.0287264668,0.3,2.324983025
2022-05-11,-3.503681715,-3.358528328,-2.209356272,0.03464044561,0.41,1.969522895
2022-05-12,-3.408090774,-3.278292504,-2.371196955,0.02773784565,0.33,1.86867503
2022-05-13,-3.31920141,-3.203043576,-2.507716934,0.02763123779,0.33,1.703931236
2022-05-14,-3.236248824,0.07401000234,-2.470703237,0.02394198881,0.32,1.15342878
2022-05-15,-3.15858531,0.07401000234,-2.435011746,0.02394198881,0.32,1.144348985
2022-05-16,0.2613588989,3.328901385,-2.580195139,0.0186896586,0.34,1.135363991
2022-05-17,0.2617765919,3.244585779,-2.244040052,0.01450626416,0.28,0.8668980231
2022-05-18,0.2621944285,3.165711357,-1.944974917,0.003484533459,0.33,0.6053077032
2022-05-19,0.262612409,3.091702691,-1.746711598,-0.0003339788036,0.29,1.500887818
2022-05-20,0.2630305336,3.022066253,-0.5878558557,-0.0005481478878,0.24,1.190654361
2022-05-21,0.2634488026,0.001705403916,-0.586730097,-0.001051104957,0.22,1.196187439
2022-05-22,0.2638672163,0.001705403916,-0.5856058412,-0.001051104957,0.22,1.186919144
2022-05-23,-3.287973833,-3.138337882,0.5264228092,-0.004294204742,0.05,1.177750996
2022-05-24,-3.227969467,-3.090166233,1.186308612,-0.008248659405,0.12,0.9943802725
2022-05-25,-3.17082486,-3.043922021,1.551313971,-0.007817884362,0.14,1.164096022
2022-05-26,-3.116315002,-2.999477091,1.69341747,-0.008724505611,0.01,0.9573773266
2022-05-27,-3.064238966,-2.956714931,1.045138564,-0.009085774214,-0.13,0.790661088
2022-05-28,-3.014416692,0.02865511304,1.038671554,-0.01313474228,-0.15,0.458913923
2022-05-29,-2.966686276,0.02865511304,1.032255496,-0.01313474228,-0.15,0.4553146661
2022-05-30,-0.01017237249,2.714130149,1.026581814,-0.01837221114,-0.19,0.451721378
2022-05-31,-0.008892730962,2.683703217,0.3708384735,-0.02062361001,-0.23,0.6020801809
2022-06-01,-0.007612601836,2.654143263,-0.171286009,-0.01928774633,0,0.5359783918
2022-06-02,-0.006331978348,2.625408608,-0.2728689394,-0.02130778795,0.04,0.4403631394
2022-06-03,-0.005050853717,2.597460335,-0.5312475544,-0.02299158752,0.02,0.2575935848
2022-06-04,-0.003769221147,0.005617981562,-0.5331911528,-0.02175445739,-0.02,0.2658767305
2022-06-05,-0.002487073824,0.005617981562,-0.5351402719,-0.02175445739,-0.02,0.2612387896
2022-06-06,0.2791587523,0.2511624786,-0.5375818447,-0.0204891783,0.02,0.2565901037
2022-06-07,0.2787196241,0.2496537999,-0.805333153,-0.01317072479,0.01,0.3042961099
2022-06-08,0.2782806286,0.2481459574,-0.6805014388,-0.01321364955,0.08,0.1086380021
2022-06-09,0.2778417655,0.2466389407,-0.3742688908,-0.008647065424,0.03,0.09646146657
2022-06-10,0.2774030344,0.2451327392,-0.2711486178,-0.003728814411,0.06,0.4898095233
2022-06-11,0.2769644352,-0.001807496509,-0.2719942858,0.005281160649,0.16,0.7925213084
2022-06-12,0.2765259675,-0.001807496509,-0.2728406187,0.005281160649,0.16,0.7869794087
2022-06-13,0.3601825032,0.07185895534,0.03620489213,0.01079206078,0.13,0.7814661521
2022-06-14,0.3599510276,0.07204075413,0.3019579446,0.02130925736,0.48,1.920449843
2022-06-15,0.3597196011,0.07222256155,-0.1448663107,0.02275642696,0.7,1.658977823
2022-06-16,0.3594882239,0.07240437761,-0.3551293543,0.02417808732,0.5,1.08908931
2022-06-17,0.3592568957,0.07258620234,-0.3560898779,0.0201888008,0.55,1.679653866
2022-06-18,0.3590256165,-0.0009047796461,-0.3570514294,0.02496969144,0.56,1.337338354
2022-06-19,0.3587943864,-0.0009047796461,-0.3580140128,0.02496969144,0.56,1.325934184
2022-06-20,-0.08785187768,-0.3920642546,-0.3580794271,0.02496969144,0.56,1.314681342
2022-06-21,-0.08570251578,-0.389865507,0.3700023906,0.02681874543,0.46,1.285682109
2022-06-22,-0.08355178976,-0.3876696674,0.211146916,0.01640585903,0.41,1.125189698
2022-06-23,-0.08139966633,-0.3854767027,0.4712779228,0.02078417289,0.36,0.8947992122
2022-06-24,-0.07924611203,-0.38328658,-0.3168419824,0.02154458856,0.37,0.9055929671
2022-06-25,-0.07709109328,0.009558286654,-0.3181816403,0.01920225216,0.35,0.5713758624
2022-06-26,-0.07493457634,0.009558286654,-0.3195232898,0.01920225216,0.35,0.5654083072
2022-06-27,0.01032321515,0.08204899179,-0.5045535765,0.01840279744,0.29,0.5594421235
2022-06-28,0.01229081753,0.0818472826,-1.940148704,0.01462495377,0.4,0.5025497359
2022-06-29,0.01426048396,0.08164558132,-1.950796695,0.01879216285,0.44,0.7539443727
2022-06-30,0.01623224215,0.08144388795,-1.909376647,0.01714560563,0.45,0.7109861057
2022-07-01,0.01820611996,0.08124220244,-1.349504293,0.008059294272,0.26,0.8060158633
2022-07-02,0.02018214541,0.008553915713,-1.343104853,0.0125643656,0.15,0.4278247553
2022-07-03,0.0221603467,0.008553915713,-1.336760042,0.0125643656,0.15,0.4217104603
2022-07-04,-0.01006407432,-0.02117120022,-1.32879097,0.002917815015,-0.15,0.4155726173
2022-07-05,-0.007698273397,-0.02082179948,-1.874095994,-0.00132410705,-0.35,0.5655659897
2022-07-06,-0.005329234346,-0.02047239559,-2.306851225,0.008056540472,-0.11,0.5613789881
2022-07-07,-0.002956906774,-0.02012298844,-2.743716867,0.01935752796,-0.02,0.4017058283
2022-07-08,-0.0005812398974,-0.01977357789,-2.553614942,0.01228008964,0.01,0.2717787213
2022-07-09,0.001797817456,0.0103021707,-2.510613404,0.0101396522,0.05,-0.01053906831
2022-07-10,0.004180316859,0.0103021707,-2.469347831,0.0101396522,0.05,-0.01703364676
2022-07-11,-0.161719404,-0.1352994652,-2.342131111,0.0101396522,0.05,-0.0235993547
2022-07-12,-0.1598322963,-0.1357163551,-1.649404109,0.02200464678,-0.03,0.2680821767
2022-07-13,-0.1579451917,-0.136133332,-0.9851142031,0.02433378112,0.02,0.4811150748
2022-07-14,-0.1560580696,-0.1365503961,-0.5015603871,0.02087739375,0.01,0.3822032622
2022-07-15,-0.1541709092,-0.1369675475,-0.743213606,0.02968743905,0.05,0.292370253
2022-07-16,-0.1522836899,0.00827275584,-0.7429477006,0.02482626511,0,-0.1475632812
2022-07-17,-0.150396391,0.00827275584,-0.7426818958,0.02482626511,0,-0.1546261017
2022-07-18,-0.4172693044,-0.2239022519,-0.8633365761,0.02748440589,-0.08,-0.16178318
2022-07-19,-0.4129859729,-0.2216208619,-1.291838606,0.01784695739,-0.13,0.04918038762
2022-07-20,-0.4087050699,-0.2193399257,-1.143626592,0.01256845148,-0.12,-0.1200208225
2022-07-21,-0.4044263412,-0.2170594071,-1.258755637,0.0135121506,0.01,-0.2520976732
2022-07-22,-0.4001495314,-0.2147792697,-1.014573945,0.01150068556,0.04,-0.4166813079
2022-07-23,-0.3958743845,0.01987285525,-1.008685128,0.007779052523,-0.11,-0.4415058231
2022-07-24,-0.3916006436,0.01987285525,-1.002839009,0.007779052523,-0.11,-0.4499476221
2022-07-25,-0.5326073046,-0.1055541707,-0.7846298042,0.007779052523,-0.11,-0.4585329392
2022-07-26,-0.5287103324,-0.1062816507,-0.4000497943,-0.001312180773,-0.07,-0.3973574265
2022-07-27,-0.5248225203,-0.1070093911,-0.3984792775,-0.002025896024,-0.19,-0.1233947533
2022-07-28,-0.5209436904,-0.1077373933,-0.1323194598,0.0007431206341,-0.32,-0.4405342431
2022-07-29,-0.5170736663,-0.1084656585,-0.131824659,-0.002858747965,-0.52,-0.6428780484
2022-07-30,-0.5132122726,0.01632182834,-0.1313299243,-0.005702797997,-0.58,-0.8645645596
2022-07-31,-0.5093593353,0.01632182834,-0.1308352552,-0.005702797997,-0.58,-0.8706810656
2022-08-01,-0.4717292462,0.0487909974,-0.07939505704,-0.0124057766,-0.53,-0.8768621429
2022-08-02,-0.4810993447,0.04076035174,-0.02617649258,-0.01653673805,-0.55,-0.5525120194
2022-08-03,-0.4906508763,0.0325949605,-0.2642000572,-0.01082708621,-0.33,-0.3191347196
2022-08-04,-0.5003915166,0.02428764382,-0.4537998045,-0.01348839534,-0.39,-0.7589681361
2022-08-05,-0.5103294034,0.01583069877,-0.4768056974,-0.01330779541,-0.35,-0.876338188
2022-08-06,-0.5204731738,-0.02635942689,-0.4713302922,-0.009358055986,-0.2,-0.9331285648
2022-08-07,-0.5308320041,-0.02635942689,-0.4658520183,-0.009358055986,-0.2,-0.9259455909
2022-08-08,0.0519285381,0.4764010379,-0.6072883264,-0.003679156685,-0.22,-0.91881237
2022-08-09,0.04108629629,0.472157557,-0.6023775819,-0.004928075087,-0.33,-0.8855959828
2022-08-10,0.02988979778,0.4679202171,-0.354227983,-0.006022037574,-0.33,-0.7745541764
2022-08-11,0.01830600265,0.4636887848,-0.3042852718,-0.01748449186,-0.23,-1.211441538
2022-08-12,0.006297307368,0.4594630272,-0.2762580658,-0.01416648292,-0.03,-1.101585723
2022-08-13,-0.006179321897,-0.04852232854,-0.2770400778,-0.01170264024,-0.06,-1.238757214
2022-08-14,-0.01917342845,-0.04852232854,-0.2778226576,-0.01170264024,-0.06,-1.228919891
2022-08-15,-0.1666558523,-0.1527297652,-0.3050830522,-0.01177043167,-0.08,-1.219199952
2022-08-16,-0.1629324561,-0.1425828971,-0.4816182441,-0.01080661887,-0.1,-1.118368012
2022-08-17,-0.1592020396,-0.132104637,-0.6328276869,-0.009251169831,0.02,-1.171315797
2022-08-18,-0.1554643909,-0.1212596569,-0.7586914673,-0.0003685017782,0.23,-1.125393754
2022-08-19,-0.1517192953,-0.1100069292,-1.028820088,0.00488552803,0.22,-1.195934225
2022-08-20,-0.1479665354,0.01644108817,-1.024160789,0.01053069859,0.29,-0.9724609559
2022-08-21,-0.1442058908,0.01644108817,-1.019530074,0.01053069859,0.29,-0.9760411939
2022-08-22,-0.153490886,0.005501262677,-0.6206904557,0.01350125895,0.34,-0.9796421461
2022-08-23,-0.1512485785,0.004109941955,-0.5695271241,0.01358277176,0.19,-0.2805435245
2022-08-24,-0.1490056662,0.002717962605,-0.6925872776,0.005440857333,0.24,-0.21446033
2022-08-25,-0.1467621131,0.001325315779,-0.4199052951,0.0104708647,0.27,-0.5030381538
2022-08-26,-0.1445178832,-6.800739667e-05,-0.1465696049,0.006030035726,0.06,-0.7344565608
2022-08-27,-0.1422729404,0.009492643124,-0.1478279791,0.006087262204,0.1,0.09773031721
2022-08-28,-0.1400272482,0.009492643124,-0.1490875016,0.006087262204,0.1,0.09434090598
2022-08-29,0.05179193751,0.166301328,-0.5731278496,0.009741684943,0.18,0.09094449063
2022-08-30,0.05463134499,0.1667135888,-0.622738138,0.01318875378,0.21,0.2323060403
2022-08-31,0.05747767691,0.1671259488,-0.7223538645,0.02426828693,0.21,0.2280904252
2022-09-01,0.06033103617,0.1675384082,-0.9693723312,0.02334978789,0.27,0.1467384356
2022-09-02,0.06319152693,0.1679509673,-0.9902802733,0.02795121387,0.44,0.07117357345
2022-09-03,0.06605925458,0.01148662623,-0.9861565977,0.02277595069,0.36,0.04452590848
2022-09-04,0.06893432582,0.01148662623,-0.9820554367,0.02277595069,0.36,0.03800920784
2022-09-05,-0.3274313031,-0.3163148955,-0.977976526,0.01929318175,0.38,0.03142301899
2022-09-06,-0.3246078853,-0.3162631851,-0.827698301,0.01720568669,0.35,0.1434015703
2022-09-07,-0.321786559,-0.316211477,-0.8260875141,0.02208467033,0.42,0.3482046247
2022-09-08,-0.3189672562,-0.3161597711,-0.453240971,0.02025208662,0.46,-0.1845436296
2022-09-09,-0.3161499092,-0.3161080676,-0.4519101913,0.01241689361,0.45,-0.4329894216
2022-09-10,-0.3133344502,0.0117211287,-0.4492651554,0.005991868353,0.48,-0.6345494124
2022-09-11,-0.3105208117,0.0117211287,-0.446624759,0.005991868353,0.48,-0.6441420746
2022-09-12,-0.4860210764,-0.1346153714,-0.5488847687,0.00147566846,0.45,-0.6539163485
2022-09-13,-0.4820877177,-0.1337056923,-0.6951823452,0.002263221153,0.48,-0.4061022173
2022-09-14,-0.4781614234,-0.132796156,-0.6918171438,0.01068321569,0.49,0.407807068
2022-09-15,-0.4742420111,-0.13188676,-0.8862859974,0.01131412189,0.52,0.1320247297
2022-09-16,-0.4703292992,-0.1309775022,-0.5086967272,0.0147782971,0.55,0.1530980512
2022-09-17,-0.466423107,0.01625612194,-0.5053347008,0.01473848094,0.6,0.1539920824
2022-09-18,-0.4625232546,0.01625612194,-0.5019801182,0.01473848094,0.6,0.1474635168
2022-09-19,-0.2416721259,0.19417333,-0.4699924728,0.01142638695,0.53,0.1408710808
2022-09-20,-0.2387014324,0.1934320778,-0.5683663067,0.01071756594,0.59,-0.0002688824913
2022-09-21,-0.2357303165,0.1926910394,-0.7937885579,0.01286922734,0.5,0.3446295444
2022-09-22,-0.2327586939,0.1919502135,-0.6926123656,0.01076602524,0.32,0.5482815012
2022-09-23,-0.2297864798,0.1912095989,-0.988700596,0.01932872979,0.56,0.3795874715
2022-09-24,-0.2268135894,0.01261706199,-0.983650572,0.02836614709,0.59,1.02941502
2022-09-25,-0.2238399375,0.01261706199,-0.9786328524,0.02836614709,0.59,1.022450988
2022-09-26,-0.8416223417,-0.4952182464,-1.123750334,0.02836614709,0.59,1.01557165
2022-09-27,-0.8359875858,-0.4937319164,-1.194449902,0.02955028173,0.71,1.608900083
2022-09-28,-0.8303852026,-0.4922477481,-1.018405432,0.02881910401,0.82,1.679673846
2022-09-29,-0.8248146287,-0.4907657294,-0.7130845022,0.02817833004,0.51,1.047823393
2022-09-30,-0.8192753112,-0.4892858486,-0.7096600174,0.03034476853,0.66,1.462411002
2022-10-01,-0.8137667069,0.01895594305,-0.7046098028,0.03011130374,0.77,1.399068953
2022-10-02,-0.8082882824,0.01895594305,-0.6995806852,0.03011130374,0.77,1.39216899
2022-10-03,-0.8658753895,-0.03307347689,-0.5712464406,0.03390490152,0.73,1.385332015
2022-10-04,-0.8600430298,-0.03296088234,0.05454099048,0.02135517046,0.45,0.9988272031
2022-10-05,-0.8542459555,-0.03284828869,0.468816078,0.01390909989,0.43,0.7409214826
2022-10-06,-0.8484835417,-0.03273569593,0.4306562301,0.01583305508,0.52,0.6142430334
2022-10-07,-0.8427551758,-0.03262310406,0.6445116406,0.0189775095,0.54,1.117375699
2022-10-08,-0.8370602563,0.01951835978,0.6681686812,0.01947238696,0.55,1.323913325
2022-10-09,-0.8313981932,0.01951835978,0.6931997616,0.01947238696,0.55,1.315978563
2022-10-10,-0.4602434456,0.3232250918,0.6364400636,0.01840406878,0.47,1.308125343
2022-10-11,-0.456286263,0.32263657,0.320241086,0.017472955,0.45,1.568833061
2022-10-12,-0.4523348756,0.3220483134,0.1484840023,0.01530301837,0.49,1.845876309
2022-10-13,-0.4483890962,0.3214603212,0.09422757796,0.01570461936,0.33,1.811412372
2022-10-14,-0.4444487379,0.3208725927,-0.02036293548,0.003482727385,0.31,1.392354625
2022-10-15,-0.4405136146,0.0167877886,-0.01934744888,0.008227187271,0.27,1.399744013
2022-10-16,-0.4365835407,0.0167877886,-0.01833175665,0.008227187271,0.27,1.387418806
2022-10-17,-0.07621341035,0.3113219621,-0.1343564017,-0.000945086136,0.03,1.375270344
2022-10-18,-0.07450953903,0.3093479482,-0.3373723116,-0.006180385024,-0.07,1.204931319
2022-10-19,-0.07280505406,0.307375604,-0.3648295968,-0.001351410432,0.21,0.9828274723
2022-10-20,-0.0710999396,0.3054049063,-1.080081047,0.006688687877,0.15,1.039608185
2022-10-21,-0.06939417975,0.3034358315,-1.131030051,0.003845828092,0.05,0.840157707
2022-10-22,-0.06768775858,0.007112190282,-1.122717289,0.001244561416,0.01,0.7653036322
2022-10-23,-0.06598066014,0.007112190282,-1.114485218,0.001244561416,0.01,0.7621871297
2022-10-24,-0.2926676876,-0.1810694336,-1.081459287,0.004660008986,0.26,0.7590822784
2022-10-25,-0.2888422238,-0.1791423363,-0.8467243055,0.01464948618,0.28,0.796313493
2022-10-26,-0.285014724,-0.1772154235,-0.8122060073,0.004063483355,0.05,0.4511245331
2022-10-27,-0.2811849927,-0.1752886735,-0.2066205779,-0.006106123963,-0.01,0.1577572833
2022-10-28,-0.2773528331,-0.1733620644,-0.3494076691,-0.004778059415,-0.11,0.1855982287
2022-10-29,-0.2735180467,0.01687270852,-0.3459539961,-0.0007666260051,-0.11,-0.2165891769
2022-10-30,-0.2696804334,0.01687270852,-0.3425022097,-0.0007666260051,-0.11,-0.2146463341
2022-10-31,-0.4195798143,-0.1089792459,-0.3117447032,-0.0007666260051,-0.11,-0.2127040739
2022-11-01,-0.4149345628,-0.1081457399,-0.5406335775,-0.0003305549485,-0.04,-0.1788512092
2022-11-02,-0.4102897438,-0.1073123137,-0.6813328767,-0.005847921272,-0.06,-0.193270767
2022-11-03,-0.4056450091,-0.1064789656,-1.081897886,-0.003265517668,-0.06,-0.1762999121
2022-11-04,-0.4010000081,-0.1056456937,-1.107082669,-0.001232735278,0.15,-0.3102755863
2022-11-05,-0.3963543876,0.02103839182,-1.098417286,-0.009239280775,0.1,-0.4927906051
2022-11-06,-0.3917077914,0.02103839182,-1.089835839,-0.009239280775,0.1,-0.4896361917
2022-11-07,-0.4474984117,-0.02792346455,-1.288998709,-0.003901451528,0.12,-0.4864883586
2022-11-08,-0.4424541945,-0.02745244343,-1.225951656,-0.01257941779,0.09,-0.5308174327
2022-11-09,-0.4374093117,-0.02698141419,-0.7806356115,-0.02152545858,-0.08,-0.229855067
2022-11-10,-0.4323632886,-0.02651037653,-0.3616268578,-0.01577357795,-0.03,-0.088525578
2022-11-11,-0.4273156456,-0.02603933013,0.3414120564,-0.02325541322,-0.26,-0.7211677328
2022-11-12,-0.4222658981,0.02339730499,0.3528119349,-0.02325541322,-0.26,-0.9660076852
2022-11-13,-0.4172135558,0.02339730499,0.36451615,-0.02325541322,-0.26,-0.9586265342
2022-11-14,-0.4503754626,-0.00757295566,0.7302347032,-0.02597820518,-0.23,-0.9513034976
2022-11-15,-0.4457497429,-0.008199502789,0.9600000624,-0.03100557322,-0.08,-0.6423512146
2022-11-16,-0.4411268981,-0.008826121779,-0.009084423155,-0.02714665583,-0.15,-0.4297718795
2022-11-17,-0.4365066014,-0.009452813389,0.1970945668,-0.02700098183,-0.13,-0.5342387995
2022-11-18,-0.4318885243,-0.01007957838,-0.1616880266,-0.02544148223,-0.02,-0.575142093
2022-11-19,-0.4272723372,0.02027254415,-0.1555697967,-0.02642093803,0.06,-0.7780470384
2022-11-20,-0.4226577088,0.02027254415,-0.1494018075,-0.02642093803,0.06,-0.7715057628
2022-11-21,0.2858524781,0.5802858648,-0.1783913387,-0.0295364667,-0.01,-0.7649920979
2022-11-22,0.2907330657,0.5791414442,-0.03995258381,-0.02117604026,-0.04,-0.9553011398
2022-11-23,0.2956522055,0.5779985596,0.7384407401,-0.02415335614,-0.13,-1.22404155
2022-11-24,0.3006107274,0.576857205,0.7415455704,-0.03446010628,-0.35,-1.456098976
2022-11-25,0.3056094852,0.5757173743,0.5434912901,-0.02665737557,-0.3,-1.426724482
2022-11-26,0.3106493568,0.01573594798,0.5507752982,-0.02995120601,-0.33,-1.397927794
2022-11-27,0.3157312456,0.01573594798,0.5581596945,-0.02995120601,-0.33,-1.389871956
2022-11-28,0.1053624807,-0.151360716,0.8147820879,-0.02349528368,-0.33,-1.381900506
2022-11-29,0.1105202218,-0.1507941477,0.9370001483,-0.01615658306,-0.21,-0.9424531905
2022-11-30,0.1157174798,-0.1502276782,0.7786747272,-0.01845124184,-0.2,-1.022134613
2022-12-01,0.1209552611,-0.149661307,0.6842172316,-0.009517707475,-0.09,-1.34933036
2022-12-02,0.126234604,-0.1490950336,0.5132751577,-0.02165039886,-0.26,-1.532016548
2022-12-03,0.1315565795,0.01853062151,0.523635132,-0.02160469077,-0.35,-1.723595217
2022-12-04,0.1369222934,0.01853062151,0.5342205928,-0.02160469077,-0.35,-1.717294554
2022-12-05,0.1127020006,-0.003688280702,0.1341990482,-0.01148445608,-0.43,-1.711044152
2022-12-06,0.1159246775,-0.00508769988,-0.009038655031,-0.003255878217,-0.24,-1.288767546
2022-12-07,0.1191586035,-0.00648784201,0.3339304103,-0.002130080945,-0.18,-0.938128311
2022-12-08,0.1224039512,-0.007888716181,0.5996730424,-0.009809884091,-0.33,-0.8157352508
2022-12-09,0.1256608956,-0.009290331514,0.7898334461,-0.01160413524,-0.37,-0.9185058776
2022-12-10,0.1289296147,0.01155649072,0.7913432661,-0.01156457202,-0.26,-0.7871725853
2022-12-11,0.1322102893,0.01155649072,0.7928566166,-0.01156457202,-0.26,-0.7935285994
2022-12-12,0.1803443841,0.04480498451,1.240981174,-0.01829016471,-0.21,-0.7999558543
2022-12-13,0.1867424258,0.04662797656,1.495996072,-0.01179283061,-0.11,-0.2487293373
2022-12-14,0.1932135954,0.04845293609,1.44459179,-0.01541806793,-0.12,-0.8881137157
2022-12-15,0.1997602155,0.05027988548,1.02630154,-0.0156338126,-0.09,-1.252540266
2022-12-16,0.2063847079,0.05210884723,1.315901508,-0.006378376275,-0.08,-0.8157447903
2022-12-17,0.2130895988,0.02060328886,1.307537611,-0.005578950953,-0.01,-0.8732991801
2022-12-18,0.2198775253,0.02060328886,1.299263316,-0.005578950953,-0.01,-0.8762240574
2022-12-19,0.2833480479,0.06234969746,0.560712366,-0.00770772925,-0.08,-0.8791627442
2022-12-20,0.2772813479,0.05334332998,0.7804189762,-0.009170194442,-0.08,-0.9281607757
2022-12-21,0.2711765236,0.04414117235,0.7096051175,-0.01118707875,0.11,-1.167995534
2022-12-22,0.2650318326,0.0347302221,0.8717153683,0.002281063403,0.24,-1.529870265
2022-12-23,0.2588454584,0.02509625401,0.5882507448,0.001899021557,0.4,-1.034595952
2022-12-24,0.2526155055,-0.02849471855,0.6025036937,-0.0002942376949,0.47,-1.315691064
2022-12-25,0.2463399943,-0.02849471855,0.6172078202,-0.0002942376949,0.47,-1.311141905
2022-12-26,0.6615126998,0.2876497878,0.6255829651,-0.005415106525,0.34,-1.306621151
2022-12-27,0.6640497849,0.2970272064,0.9811834551,-0.008492990113,0.35,-1.303307919
2022-12-28,0.6665970359,0.3065970156,1.500387786,-0.00820212967,0.42,-1.10292407
2022-12-29,0.6691545437,0.3163685445,1.276160654,-0.003330468765,0.4,-0.9806805807
2022-12-30,0.6717224004,0.326351765,1.270380948,-0.006227735478,0.25,-1.158811783
2022-12-31,0.6743006992,0.006231264488,1.264646199,-0.008123665967,0.27,-1.090908724
2023-01-01,0.6768895344,0.006231264488,1.258955734,-0.008123665967,0.27,-1.08244296
2023-01-02,0.7830492128,0.08608174698,1.257915436,-0.01096183639,0.25,-1.074055718
2023-01-03,0.7844732901,0.08547781937,1.137630171,-0.003477246074,0.31,-1.066362467
2023-01-04,0.7859004963,0.08487392991,1.245503238,0.002199099346,0.23,-0.7453422252
2023-01-05,0.7873308458,0.08427007796,0.3887527664,-0.008576774411,0.19,-0.9676878992
2023-01-06,0.7887643537,0.08366626284,0.3859261421,-0.004474502754,0.14,-0.8443843114
2023-01-07,0.7902010347,0.003214042623,0.3831030807,-0.01276227981,-0.01,-1.182244138
2023-01-08,0.7916409039,0.003214042623,0.3802835142,-0.01276227981,-0.01,-1.175884698
2023-01-09,0.4817748587,-0.2345710825,0.1847912238,-0.01177123503,-0.08,-1.169683417
2023-01-10,0.4838851973,-0.233982649,0.2976521951,-0.01625159556,-0.14,-0.9421362205
2023-01-11,0.4860019367,-0.2333944018,0.1403221841,-0.01663766286,-0.04,-1.298615557
2023-01-12,0.4881251274,-0.2328063402,0.0230826851,-0.01701953258,-0.17,-1.156348195
2023-01-13,0.4902548206,-0.2322184636,-0.01876547587,-0.02092653944,-0.33,-1.735790903
2023-01-14,0.4923910678,0.006045261621,-0.02109033242,-0.02301304455,-0.24,-1.842785571
2023-01-15,0.4945339213,0.006045261621,-0.02341868553,-0.02301304455,-0.24,-1.824042808
2023-01-16,0.4653361346,-0.02689361146,-0.02658371082,-0.02301304455,-0.24,-1.80572429
2023-01-17,0.461376566,-0.04159765473,0.1619073182,-0.02124449402,-0.27,-1.504997245
2023-01-18,0.4577054862,-0.05710766531,-0.235694568,-0.02291170625,-0.24,-1.530446283
2023-01-19,0.4543855098,-0.0735368513,0.1490882868,-0.02122512591,-0.31,-1.26541879
2023-01-20,0.4514974884,-0.09102283273,0.5790667739,-0.01494660105,-0.39,-1.20999907
2023-01-21,0.4491474709,-0.06939820556,0.573280159,-0.01710512445,-0.33,-1.375669863
2023-01-22,0.4474771167,-0.06939820556,0.5675084773,-0.01710512445,-0.33,-1.363897962
2023-01-23,0.8785430341,0.2492016794,1.259950077,-0.01710512445,-0.33,-1.352290444
2023-01-24,0.880197719,0.2730545975,1.254323987,-0.02413865125,-0.29,-1.35103713
2023-01-25,0.8818566861,0.2990142825,1.702158774,-0.01979410835,-0.28,-1.497787857
2023-01-26,0.8835199581,0.3274969815,1.726801249,-0.0256597574,-0.32,-1.517480295
2023-01-27,0.8851875578,0.3590472763,1.504308236,-0.01704750044,-0.18,-1.594384506
2023-01-28,0.8868595083,0.003647980267,1.491441492,-0.01786262896,-0.15,-1.636488133
2023-01-29,0.8885358328,0.003647980267,1.478773872,-0.01786262896,-0.15,-1.62138235
2023-01-30,0.403769476,-0.4345962309,0.7047024987,-0.01022465102,-0.12,-1.606559945
2023-01-31,0.4041302895,-0.4812464085,0.5128923542,-0.01125171832,-0.11,-1.225292744
2023-02-01,0.4064445133,-0.5363737554,0.4889768697,-0.009830111833,-0.03,-1.354147931
2023-02-02,0.411646444,-0.6033869024,0.4245115415,-0.006664612324,-0.08,-1.732571367
2023-02-03,0.4213622885,-0.6880355006,0.6938526882,-0.006924718442,-0.13,-1.496636586
2023-02-04,0.4387116393,-0.1241595814,0.707401348,0.00287159313,0,-1.584236885
2023-02-05,0.4706080257,-0.1241595814,0.7213316367,0.00287159313,0,-1.569243247
2023-02-06,0.9706199976,0.2375195858,0.8684014312,0.00287159313,0,-1.554512353
2023-02-07,0.9691162735,0.2936263072,0.7403318371,0.01114735836,0.02,-1.265126307
2023-02-08,0.9676158126,0.3702505284,1.182726389,0.01068229821,0.11,-1.44674022
2023-02-09,0.9661186004,0.4882869269,1.000098484,0.004455287027,0.1,-1.193195323
2023-02-10,0.9646246225,0.7225965188,0.6820456848,0.005274464887,0.09,-0.9163530614
2023-02-11,0.9631338643,-0.005928055018,0.6791218892,0.006646915004,0.16,-0.9555294863
2023-02-12,0.9616463117,-0.005928055018,0.6762075286,0.006646915004,0.16,-0.9496036315
2023-02-13,1.069283728,0.1472372699,0.6733025128,0.008380657258,0.17,-0.943718672
2023-02-14,1.075895558,0.152868797,1.020944765,0.007447785732,0.22,-0.984589951
2023-02-15,1.082579416,0.1585518863,0.575387285,0.008021444314,0.29,-1.330877352
2023-02-16,1.089336795,0.1642879616,0.574206936,0.01205417531,0.3,-1.487347062
2023-02-17,1.096169236,0.1700784976,0.621244576,0.0129731766,0.3,-1.000734267
2023-02-18,1.103078322,0.01949363209,0.6205493377,0.01370895114,0.27,-1.029531542
2023-02-19,1.110065684,0.01949363209,0.6198547171,0.01370895114,0.27,-1.021404234
2023-02-20,-0.2384126423,-1.923916711,0.6217905506,0.01393915487,0.2,-1.013344275
2023-02-21,-0.2311369541,-1.90137194,0.450546914,0.01321564428,0.18,-0.7106878533
2023-02-22,-0.2237687029,-1.879384206,0.4517869298,0.0168571956,0.39,-0.2954131413
2023-02-23,-0.2163025354,-1.857928816,0.3194303387,0.02109815526,0.34,-0.4353502047
2023-02-24,-0.2087327054,-1.836982578,0.01150973284,0.01322154306,0.18,-0.7200496586
2023-02-25,-0.2010530333,0.0647957856,0.01303486168,0.01722540886,0.26,-0.5791203286
2023-02-26,-0.1932568599,0.0647957856,0.01456097645,0.01722540886,0.26,-0.5730404845
2023-02-27,-0.2516069724,-0.02482939322,0.01608808921,0.008520752275,0.19,-0.5669607446
2023-02-28,-0.2483401179,-0.03369828668,0.2429427038,0.008696483101,0.2,-0.7475650821
2023-03-01,-0.2450721727,-0.04274694314,-0.108090647,0.009908975593,0.2,-0.806343469
2023-03-02,-0.2418030211,-0.05198570626,-0.3708040234,0.005472665428,0.23,-0.8309709177
2023-03-03,-0.2385325465,-0.06142575653,-0.1002269555,0.008226105963,0.19,-1.082582523
2023-03-04,-0.235260632,0.02358987166,-0.09787848718,0.005262943236,0.04,-1.359858099
2023-03-05,-0.23198716,0.02358987166,-0.09552829794,0.005262943236,0.04,-1.348189066
2023-03-06,0.6354819865,1.206467041,-0.1840203218,0.006595945419,0.04,-1.336679437
2023-03-07,0.6373593556,1.20047781,-0.2372569328,0.004687178179,0.03,-1.294299355
2023-03-08,0.6392420867,1.194536264,-0.7494953668,0.008356599148,0.13,-1.030619924
2023-03-09,0.6411302152,1.188641652,-0.3489091422,0.008184943191,0.17,-1.146902594
2023-03-10,0.6430237768,1.182793239,-0.9061982649,0.007409213903,0.17,-0.2272522573
2023-03-11,0.6449228075,0.008438426165,-0.9079345874,0.005719495059,-0.02,0.3492028875
2023-03-12,0.6468273436,0.008438426165,-0.9096756336,0.005719495059,-0.02,0.3516006135
2023-03-13,-0.02312973534,-0.8944151162,-1.096811188,0.005719495059,-0.02,0.3540059714
2023-03-14,-0.01974628326,-0.8901522622,0.8024062151,0.002189419161,-0.22,0.8083445395
2023-03-15,-0.01635355847,-0.8859119422,1.696445921,0.001449864241,-0.19,0.07781034237
2023-03-16,-0.01295138244,-0.8816938745,1.949548713,0.008409475298,-0.27,0.7148784577
2023-03-17,-0.00953957403,-0.8774977822,2.544417057,0.00126677969,-0.23,-0.1138161393
2023-03-18,-0.006117949453,0.02277221507,2.552166773,-3.125820014e-05,-0.28,0.5511442385
2023-03-19,-0.002686322198,0.02277221507,2.562117365,-3.125820014e-05,-0.28,0.5500126116
2023-03-20,0.2316558292,0.3287894514,3.928643451,0.001402045075,-0.27,0.5488824319
2023-03-21,0.2316385311,0.3245826707,2.42243355,-0.002637345973,-0.16,0.1921364797
2023-03-22,0.2316212333,0.3203733691,2.146712391,0.002164385537,-0.21,-0.5344888366
2023-03-23,0.2316039356,0.3161612784,1.876565437,-0.004197962193,-0.4,-0.29722868
2023-03-24,0.2315866381,0.3119461278,2.234940561,-0.008408252756,-0.26,-0.2007144125
2023-03-25,0.2315693408,-0.000109327416,2.203715465,-0.002603204989,-0.29,-0.4288537468
2023-03-26,0.2315520437,-0.000109327416,2.173486531,-0.002603204989,-0.29,-0.4261232586
2023-03-27,-3.715554023,-5.120551017,0.8793111455,-0.0002091546666,-0.33,-0.4233971131
2023-03-28,-3.610267405,-4.872942631,0.3067223964,-0.009947119394,-0.3,-0.7203863668
2023-03-29,-3.51274111,-4.656633779,1.150828347,-0.01430452256,-0.42,-0.881396213
2023-03-30,-3.422049367,-4.46548495,1.425416956,-0.01416269645,-0.39,-1.098761681
2023-03-31,-3.337414262,-4.294921985,1.035466937,-0.01512923316,-0.23,-1.118079764
2023-04-01,-3.25817668,0.06451447405,1.027474615,-0.01552183606,-0.28,-1.194425346
2023-04-02,-3.183773936,0.06451447405,1.01955173,-0.01552183606,-0.28,-1.186564979
2023-04-03,1.028385647,5.087748018,1.01255074,-0.01265202908,-0.15,-1.178781825
2023-04-04,1.020276979,4.826333655,1.335027256,-0.01399588974,-0.19,-1.209422653
2023-04-05,1.012235501,4.59974756,0.7121194718,-0.02428917376,-0.12,-1.084131203
2023-04-06,1.004259649,4.400814737,0.5684188838,-0.01993721765,-0.27,-1.056684254
2023-04-07,0.9963478942,4.224274567,0.5668416306,-0.01856712867,-0.23,-1.225376368
2023-04-08,0.9884987467,-0.04232197421,0.5652671073,-0.01817638896,-0.15,-1.219264515
2023-04-09,0.9807107516,-0.04232197421,0.5636952991,-0.01817638896,-0.15,-1.213202329
2023-04-10,2.807892396,1.83584263,0.5625272672,-0.01371245169,-0.19,-1.207189016
2023-04-11,2.755462553,1.816884816,1.16919882,-0.009107016125,-0.22,-1.054648752
2023-04-12,2.705473006,1.798336373,0.7868161322,-0.009093720284,-0.06,-1.014458864
2023-04-13,2.657734312,1.780181417,0.9671653487,-0.006310188738,-0.05,-1.012199877
2023-04-14,2.612077071,1.76240491,0.263454795,-0.01717004345,0,-1.333200898
2023-04-15,2.568349281,-0.0744987269,0.2607538869,-0.01330817418,0.06,-1.508451095
2023-04-16,2.526414098,-0.0744987269,0.2580536828,-0.01330817418,0.06,-1.498260841
2023-04-17,2.423145478,-0.1417813219,-0.2113287976,-0.01162039382,-0.07,-1.488201682
2023-04-18,2.390309859,-0.1352230433,-0.9083825158,-0.00363450162,0.04,-1.507667915
2023-04-19,2.358543419,-0.1285990628,-1.088243209,-0.005186016715,0.06,-1.525900056
2023-04-20,2.327786762,-0.1219065901,-0.8963933716,-0.0008776646082,0.11,-1.608466024
2023-04-21,2.297985022,-0.115142692,-0.3410598431,-0.002013233892,0.12,-1.424917806
2023-04-22,2.269087429,-0.03912939867,-0.3401282695,-0.0004063330993,0.13,-1.516233037
2023-04-23,2.241046922,-0.03912939867,-0.3391973373,-0.0004063330993,0.13,-1.508738942
2023-04-24,0.7751320654,-1.7473593,-0.3404331404,-7.291293023e-05,0.15,-1.501317999
2023-04-25,0.7720718696,-1.732354775,0.5893892907,0.0005195481023,0.14,-1.464178698
2023-04-26,0.7690230718,-1.717617704,1.235305114,0.002663139285,0.08,-1.006053933
2023-04-27,0.7659855638,-1.703139499,0.8530099065,0.0001307548916,0.12,-0.9846497995
2023-04-28,0.7629592387,-1.688911952,0.2408537524,0.0006292169475,0.12,-1.419339159
2023-04-29,0.7599439909,-0.01268431292,0.2350891313,-0.001088352616,0.12,-1.709402026
2023-04-30,0.7569397159,-0.01268431292,0.2292909324,-0.001088352616,0.12,-1.695949087
2023-05-01,-2.373405051,-3.56172734,0.697269592,-0.004758136413,0.12,-1.682714832
2023-05-02,-2.337445536,-3.461641603,-0.1564005998,-0.0006801935665,0.22,-1.595606366
2023-05-03,-2.302759764,-3.368790938,-0.01756482598,0.005104913322,0.1,-1.181877092
2023-05-04,-2.269270222,-3.282325597,-0.01927408986,0.006181186994,0.02,-1.042426867
2023-05-05,-2.236905854,-3.201529548,0.8755663404,0.00159688095,-0.04,-0.6258254777
2023-05-06,-2.205601382,0.05275282508,0.8709183535,-0.002540033503,0.01,-1.301264703
2023-05-07,-2.175296715,0.05275282508,0.8662959798,-0.002540033503,0.01,-1.290284718
2023-05-08,-1.313743129,0.9885064277,1.140196788,-0.006068979625,-0.05,-1.279443608
2023-05-09,-1.302622392,0.985067133,2.287517975,-0.004441462946,-0.01,-1.317462864
2023-05-10,-1.291644607,0.9816439199,1.290860705,-0.004015825252,-0.02,-1.137023227
2023-05-11,-1.280805886,0.9782366295,1.922372127,-0.004478680724,-0.02,-1.30620395
2023-05-12,-1.270102478,0.9748451048,1.445146063,-0.002358528124,-0.06,-1.297454526
2023-05-13,-1.259530761,0.0424754224,1.434090544,0.0004643299861,-0.01,-1.26349283
2023-05-14,-1.249087242,0.0424754224,1.423222262,0.0004643299861,-0.01,-1.252980619
2023-05-15,0.768230868,2.265265595,1.087176096,0.001369082723,0.04,-1.242594753
2023-05-16,0.7637349579,2.233620577,-0.3979305509,-0.003780525528,0.16,-1.211703268
2023-05-17,0.7592601314,2.202998865,0.1514457483,-0.00124452326,0.17,-1.00247116
2023-05-18,0.7548060881,2.173343467,-0.174756113,0.001483716794,0.09,-1.251260695
2023-05-19,0.7503725321,2.144601753,0.007807132764,0.007245136918,0.16,-1.427983193
2023-05-20,0.7459591721,-0.01948686215,0.005168112888,0.004615650435,0.2,-1.243988071
2023-05-21,0.7415657213,-0.01948686215,0.002524527768,0.004615650435,0.2,-1.234806568
2023-05-22,0.544519699,-0.2281566092,0.9739971177,0.002776207998,0.1,-1.225727483
2023-05-23,0.5402257706,-0.2289398436,1.707096119,0.003987944202,0.24,-1.126050245
2023-05-24,0.5359418128,-0.2297235814,1.138729052,0.01004925149,0.26,-0.8192551526
2023-05-25,0.5316675886,-0.2305078245,0.8052300082,0.01200119281,0.3,-0.4729062554
2023-05-26,0.527402863,-0.2312925746,0.7987965787,0.01928643969,0.35,-0.6698792268
2023-05-27,0.5231474021,-0.02316074239,0.7923953395,0.01750751551,0.34,-0.9338497102
2023-05-28,0.5189009737,-0.02316074239,0.7860254999,0.01750751551,0.34,-0.9264480069
2023-05-29,1.281476058,0.808568172,0.7797562583,0.01732645504,0.28,-0.919096579
2023-05-30,1.271794671,0.8064260643,-0.1540105353,0.01520317041,0.27,-1.022781682
2023-05-31,1.26222718,0.8042900532,-0.6221834141,0.01659718146,0.21,-1.014787888
2023-06-01,1.252770848,0.8021600985,-0.2094764411,0.01626392608,0.23,-0.8981527512
2023-06-02,1.243423023,0.8000361602,-0.4513901623,0.005713467111,0.17,-1.410206047
2023-06-03,1.234181137,-0.03013005723,-0.4597277477,0.005343180826,0.23,-1.638765779
2023-06-04,1.225042706,-0.03013005723,-0.4682044522,0.005343180826,0.23,-1.627618047
2023-06-05,0.5007272817,-0.823644722,-0.4790561157,0.00708370538,0.2,-1.616753505
2023-06-06,0.4948875406,-0.8279368704,-0.2497120372,0.006968784377,0.15,-1.581980252
2023-06-07,0.4890415486,-0.8322598643,-0.2105249155,0.003049988713,0.15,-1.755258036
2023-06-08,0.4831883698,-0.8366141547,-0.804347956,-0.001911921698,0.16,-1.748581551
2023-06-09,0.4773270466,-0.8410002024,-0.5649727715,-0.001702357168,0.07,-1.809121606
2023-06-10,0.4714565985,-0.04179596077,-0.5708106188,-0.002862865487,0.09,-1.759969058
2023-06-11,0.4655760203,-0.04179596077,-0.5767095253,-0.002862865487,0.09,-1.753539568
2023-06-12,0.6370657504,0.1495481291,-1.076920553,-0.005456854377,0.07,-1.747593864
2023-06-13,0.6309294925,0.1482300924,-1.369829992,-0.005674848155,0.12,-1.458620303
2023-06-14,0.6248018366,0.1469122517,-1.114540634,-0.01066858573,0.16,-1.544898165
2023-06-15,0.6186818971,0.1455946001,-0.813817884,-0.0170910111,0.04,-1.707849578
2023-06-16,0.6125687775,0.1442771309,-0.8072463626,-0.01722865878,-0.06,-1.55225182
2023-06-17,0.6064615704,-0.04840941368,-0.8007079293,-0.01833700294,-0.02,-1.779471573
2023-06-18,0.6003593558,-0.04840941368,-0.7942017382,-0.01833700294,-0.02,-1.774631841
2023-06-19,1.567220323,0.9802356764,-0.7878369996,-0.01833700294,-0.02,-1.770356455
2023-06-20,1.552513694,0.9786802009,0.4590918447,-0.01771977179,0.08,-1.610796365
2023-06-21,1.538062197,0.9771282167,0.5130027702,-0.01676666705,0.06,-1.695562731
2023-06-22,1.523857503,0.9755797079,0.2118874468,-0.01101299385,0.06,-1.876663279
2023-06-23,1.509891657,0.9740346585,0.06060847443,-0.01041374144,0.05,-1.951951391
2023-06-24,1.496157057,-0.05240427866,0.05924693372,-0.007107209789,0.02,-1.816280975
2023-06-25,1.482646432,-0.05240427866,0.05788508082,-0.007107209789,0.02,-1.820027437
2023-06-26,1.491769722,-0.02529537475,-0.393429322,-0.007106382411,0.03,-1.824917798
2023-06-27,1.478526718,-0.02225423824,-1.383257784,-0.007465921158,0.04,-1.6084876
2023-06-28,1.465491598,-0.01920650102,-1.378122526,-0.008043617918,-0.01,-1.748721277
2023-06-29,1.45265805,-0.01615204302,-0.8948497402,-0.00194862977,0,-1.836438486
2023-06-30,1.440020023,-0.01309074277,-0.8599961036,0.0007937557878,0.1,-1.804348414
2023-07-01,1.42757171,-0.03730131355,-0.8730616746,-0.0005995033165,0.04,-1.788498634
2023-07-02,1.415307541,-0.03730131355,-0.8864540661,-0.0005995033165,0.04,-1.78757853
2023-07-03,1.179845827,-0.2876211846,-0.9022254137,-0.002315325617,0.03,-1.787441256
2023-07-04,1.170285543,-0.2887985154,-0.9109944968,0.0001845793981,-0.03,-1.794771203
2023-07-05,1.160827137,-0.2899772684,-0.6584614135,0.00366993332,-0.01,-1.752296194
2023-07-06,1.151468074,-0.2911574506,-1.391706436,0.006716034554,0.18,-1.602562288
2023-07-07,1.142205895,-0.2923390691,-1.593297253,0.01183008722,0.23,-1.220968947
2023-07-08,1.133038214,-0.04264066006,-1.586240956,0.005554035522,0.24,-1.396689016
2023-07-09,0.2385603145,-1.030294668,-1.57924906,0.005554035522,0.24,-1.388402306
2023-07-10,0.2337733239,-1.025848409,-1.627128911,0.005554035522,0.24,-1.38031668
2023-07-11,0.2289717072,-1.021428414,-1.163625339,0.0001412500631,0.24,-1.299961297
2023-07-12,0.2241549188,-1.017034355,-1.223910222,6.23278614e-05,0.24,-1.362942183
2023-07-13,0.2193224015,-1.012665912,-0.5581895147,-0.009403377705,0.04,-1.751875302
2023-07-14,0.2144735853,-0.02945447999,-0.5723058394,-0.01652427152,-0.01,-1.71794815
2023-07-15,0.2096078878,-0.02945447999,-0.5868708369,-0.01767238485,0.06,-1.786055873
2023-07-16,0.2047247128,-0.02945447999,-0.6019139843,-0.01767238485,0.06,-1.771123202
2023-07-17,1.006363659,0.8441403008,-0.1193699325,-0.01704624186,0.05,-1.756543147
2023-07-18,0.9985960691,0.8389952891,-0.4749110744,-0.01487195834,-0.01,-1.699378397
2023-07-19,0.9908924917,0.8338790882,-0.5969098179,-0.01937183567,0.04,-1.743508546
2023-07-20,0.9832515862,0.8287912498,-0.1979673002,-0.01824525003,-0.12,-1.593865324
2023-07-21,0.9756720484,0.8237313339,-0.1972826536,-0.01479466424,-0.09,-1.510109186
2023-07-22,0.9681526107,-0.04919023899,-0.1965982009,-0.01188666947,-0.1,-1.615764023
2023-07-23,0.9606920403,-0.04919023899,-0.1959139411,-0.01188666947,-0.1,-1.600759308
2023-07-24,1.605172515,0.6493755504,0.8461348577,-0.01065413772,-0.12,-1.58602929
2023-07-25,1.591662357,0.6457545682,1.194048418,-0.01173959982,-0.13,-1.479101044
2023-07-26,1.578409002,0.6421459712,1.357444968,-0.01249954964,-0.17,-1.484483766
2023-07-27,1.565405516,0.6385496034,0.6566387535,-0.01718671366,-0.28,-1.677804621
2023-07-28,1.552645328,0.6349653107,0.362840546,-0.009928944599,-0.15,-1.292403432
2023-07-29,1.540122205,-0.06447125695,0.3578358729,-0.01081745203,-0.21,-1.61216333
2023-07-30,1.527830242,-0.06447125695,0.3528233408,-0.01081745203,-0.21,-1.598342882
2023-07-31,1.108754184,-0.4975618872,-1.266934348,-0.0098087677,-0.18,-1.584783863
2023-08-01,1.101202841,-0.4916837823,-1.263744201,-0.007666691372,-0.15,-1.479438502
2023-08-02,1.093720027,-0.4857981477,-1.988770477,0.007950628408,0.08,-1.375070735
2023-08-03,1.086304366,-0.4799039952,-1.631901803,0.01658686278,0.2,-0.7067727931
2023-08-04,1.078954519,-0.474000312,-1.954099326,0.02007752488,0.24,-0.7531790338
2023-08-05,1.071669181,-0.02673507603,-1.931447883,0.01516237591,0.08,-0.3873481378
2023-08-06,1.064447079,-0.02673507603,-1.909359886,0.01516237591,0.08,-0.3834253065
2023-08-07,0.164646168,-1.014063415,-1.343155232,0.01446553177,0.11,-0.3795046892
2023-08-08,0.1618306748,-1.01032865,-1.770862528,0.01755586774,0.11,-0.7815232441
2023-08-09,0.1590132365,-1.006612804,-1.044862494,0.01955325354,0.13,-0.7076321833
2023-08-10,0.156193777,-1.002915675,-1.097804014,0.01599816999,0.16,-0.711218511
2023-08-11,0.1533722196,-0.9992370645,-0.4861370728,0.01031271356,0.27,-0.7397732509
2023-08-12,0.1505484874,-0.01595089984,-0.4841214225,0.01428670751,0.31,-1.04350908
2023-08-13,0.1477225027,-0.01595089984,-0.4821093038,0.01428670751,0.31,-1.036263189
2023-08-14,-0.2569705902,-0.4541094951,-1.201432069,0.01540075578,0.32,-1.029077873
2023-08-15,-0.2586773193,-0.4524057674,-1.476411774,0.0188025268,0.31,-1.027076106
2023-08-16,-0.2603871471,-0.4507045202,-1.738521056,0.02082795516,0.39,-0.5198639929
2023-08-17,-0.262100096,-0.4490057366,-1.662761085,0.02087726411,0.32,-0.4160425068
2023-08-18,-0.2638161887,-0.4473093996,-2.918034771,0.02322987062,0.39,-0.06940037534
2023-08-19,-0.2655354481,-0.008316780477,-2.857919495,0.02244795735,0.36,-0.2457523323
2023-08-20,-0.2672578972,-0.008316780477,-2.800882095,0.02244795735,0.36,-0.2399600854
2023-08-21,-0.7877945805,-0.5710593124,-1.641030566,0.02213469061,0.34,-0.2341339736
2023-08-22,-0.7864968966,-0.5681220953,-1.114113482,0.01593016332,0.32,-0.2801263887
2023-08-23,-0.7852015291,-0.5651925827,-1.628190158,0.01031338036,0.27,-0.3248886285
2023-08-24,-0.7839084686,-0.5622706907,-1.61211581,0.005313397484,0.01,-0.6327534821
2023-08-25,-0.7826177057,-0.5593563362,-0.5114648727,0.01190361973,0.24,-0.2398643427
2023-08-26,-0.7813292309,0.00456274389,-0.5059366369,0.0142457983,0.25,-0.7178394816
2023-08-27,-0.7800430351,0.00456274389,-0.5004088518,0.0142457983,0.25,-0.7115296222
2023-08-28,-0.3832168919,0.434098918,-0.9691859265,0.01203215629,0.24,-0.7052396659
2023-08-29,-0.3834977604,0.4327782262,-0.3320251699,0.005640221095,0.24,-0.8914804018
2023-08-30,-0.3837787119,0.4314590692,0.9387104606,0.006619739529,0.17,-1.086321756
2023-08-31,-0.3840597466,0.430141439,1.09396156,0.005334089751,0.1,-1.259826111
2023-09-01,-0.3843408645,0.4288253273,1.245872405,0.005000551716,0.05,-1.348992373
2023-09-02,-0.3846220658,-0.001311934282,1.237698414,0.009464434391,0.12,-1.490112736
2023-09-03,-0.3849033505,-0.001311934282,1.229608797,0.009464434391,0.12,-1.476740469
2023-09-04,-3.759880982,-3.674775537,1.221601801,0.005717379083,0.09,-1.463581668
2023-09-05,-3.643657116,-3.567062409,1.371480888,0.004544444971,0.03,-1.219908943
2023-09-06,-3.536715894,-3.467513736,0.6938246338,0.00896846083,0.02,-1.150206791
2023-09-07,-3.437861228,-3.375128299,-0.3448347035,0.01114216066,0.03,-1.001861611
2023-09-08,-3.346102595,-3.289069062,-0.4956187708,0.01262703216,0.01,-1.009987515
2023-09-09,-3.260611711,0.07924202022,-0.4905417645,0.01258302396,-0.01,-1.18065175
2023-09-10,-3.180689861,0.07924202022,-0.4854682924,0.01258302396,-0.01,-1.171634175
2023-09-11,0.5050815953,4.120168391,-0.480397907,0.01232580708,-0.07,-1.162719232
2023-09-12,0.5049164081,3.973407846,-0.9459704611,0.008169139066,-0.05,-1.16667112
2023-09-13,0.5047512535,3.840248544,-0.7317174712,0.01050231316,0.09,-1.021319855
2023-09-14,0.5045861312,3.718680661,-0.6795344588,0.006815796346,-0.01,-1.254670735
2023-09-15,0.5044210414,3.607087613,-1.09357278,0.006022551793,0.03,-1.457874687
2023-09-16,0.5042559839,-0.0006480469223,-1.087238594,0.005686490416,0.06,-1.134379531
2023-09-17,0.5040909588,-0.0006480469223,-1.080955178,0.005686490416,0.06,-1.125582286
2023-09-18,0.1840381428,-0.3139698149,-0.9726593225,0.00734319352,0.08,-1.116875588
2023-09-19,0.183389131,-0.3145227439,-0.6567979217,0.007707024959,0.13,-1.041072302
2023-09-20,0.1827402802,-0.315075968,-0.9144712129,0.01144300577,0.14,-0.9973183904
2023-09-21,0.1820915897,-0.3156294877,-0.500279407,0.006153462258,0.15,-0.6555360744
2023-09-22,0.1814430585,-0.3161833038,0.01950316569,0.006573423099,0.19,0.1302404442
2023-09-23,0.1807946859,-0.003121376007,0.01693241062,0.006389585869,0.15,0.02060414484
2023-09-24,0.1801464709,-0.003121376007,0.01435765231,0.006389585869,0.15,0.02210319188
2023-09-25,-2.966360771,-3.080357076,-0.354382733,0.006389585869,0.15,0.02360323509
2023-09-26,-2.904332489,-3.012050399,-0.511360171,0.005598079623,0.2,-0.07127067619
2023-09-27,-2.845545257,-2.947557937,-0.932984609,0.004981656247,0.23,0.5977194548
2023-09-28,-2.789717422,-2.886527192,-0.6690356042,0.008500829829,0.32,0.3652645252
2023-09-29,-2.736600518,-2.828649744,-0.7689995793,0.004811086738,0.27,0.08068113204
2023-09-30,-2.685974396,0.05370118647,-0.7644054802,0.002953730089,0.31,0.1432014734
2023-10-01,-2.637643205,0.05370118647,-0.7598331404,0.002953730089,0.31,0.1464869622
2023-10-02,0.1123294593,2.759430313,-0.4937110848,0.007986741235,0.3,0.1497849301
2023-10-03,0.1139136587,2.710856024,-0.069164894,0.01453690413,0.41,0.182729306
2023-10-04,0.1154996474,2.664399466,0.3072491659,0.02255092524,0.55,0.9002876124
2023-10-05,0.1170874404,2.619905705,-0.5906822447,0.01942518734,0.45,0.5038492594
2023-10-06,0.1186770533,2.577235261,-0.9042613117,0.0222798868,0.43,0.4744336385
2023-10-07,0.1202685013,0.007153280462,-0.8972646551,0.01779965181,0.49,0.1313760253
2023-10-08,0.1218618001,0.007153280462,-0.8903163597,0.01779965181,0.49,0.1328272204
2023-10-09,-4.505168204,-4.319321243,-1.203792371,0.01784332202,0.51,0.1342799542
2023-10-10,-4.316695569,-4.154083091,-2.189797365,0.0180894569,0.47,0.2205352231
2023-10-11,-4.148741574,-4.00532842,-1.908142429,0.01623116808,0.34,0.001042916144
2023-10-12,-3.997789386,-3.870451256,-1.009015745,0.01001128728,0.15,-0.3093131281
2023-10-13,-3.861113106,-3.747388974,-0.6881499129,0.01381956478,0.29,-0.1070875689
2023-10-14,-3.736562739,0.07422283954,-0.6833555475,0.01698995973,0.22,0.7664559275
2023-10-15,-3.622416558,0.07422283954,-0.678580128,0.01698995973,0.22,0.7645465167
2023-10-16,-3.125665021,0.4936626697,-0.3582372862,0.01212880064,0.11,0.7626418875
2023-10-17,-3.054019069,0.492701762,-0.8886170667,0.006893696795,0.1,0.06494497537
2023-10-18,-2.98651325,0.4917418311,-1.197097909,0.001062692344,0.15,0.2888805339
2023-10-19,-2.922752306,0.4907828735,-2.279553122,0.01045095981,0.27,0.7354984942
2023-10-20,-2.862391973,0.4898248858,-2.246619174,0.012184842,0.25,1.458294294
2023-10-21,-2.805130814,0.07008626253,-2.21477791,0.01066408738,0.22,1.556463659
2023-10-22,-2.750703593,0.07008626253,-2.183966572,0.01066408738,0.22,1.55162357
2023-10-23,0.2098064009,3.314955467,0.4794768155,0.004530512903,0.12,1.546814499
2023-10-24,0.2107211017,3.232510465,1.149101635,-0.004040883856,0,1.10414366
2023-10-25,0.2116364758,3.155295336,1.501629395,0.0003802755137,0.03,0.6416523004
2023-10-26,0.2125525262,3.082766118,2.702092572,-0.0009055741235,0.11,1.040066905
2023-10-27,0.2134692559,3.014455055,2.655178028,0.005270099703,-0.03,1.200027819
2023-10-28,0.2143866677,0.004356918902,2.610265536,0.002137710032,-0.05,1.390033069
2023-10-29,0.2153047646,0.004356918902,2.567211321,0.002137710032,-0.05,1.385719296
2023-10-30,-0.9139808754,-1.142013965,0.02525589946,0.002137710032,-0.05,1.381430962
2023-10-31,-0.9091594252,-1.137152375,0.169201037,0.003899837466,0.1,0.8875001135
2023-11-01,-0.9043661992,-1.132322752,0.1690417404,0.008688625939,0.2,0.3678465045
2023-11-02,-0.8996008028,-1.127524677,0.2165248745,0.004724450349,0,-0.04510674475
2023-11-03,-0.8948628486,-1.122757735,0.214407811,-0.005773677661,-0.02,-0.4417739805
2023-11-04,-0.8901519559,0.01673271657,0.2122912329,-0.01487919453,-0.11,-0.6858124008
2023-11-05,-0.8854677505,0.01673271657,0.2101751113,-0.01487919453,-0.11,-0.6795967989
2023-11-06,0.1107444944,1.023509788,0.4961251031,-0.01266719916,-0.15,-0.6733969788
2023-11-07,0.1099950863,1.017299752,1.593785931,-0.01195417161,-0.17,-0.6739423066
2023-11-08,0.1092457577,1.011136625,1.531637287,-0.01402982519,-0.28,-0.6947882825
2023-11-09,0.1084965073,1.005019602,1.184397617,-0.01377566681,-0.34,-0.8103114866
2023-11-10,0.1077473339,0.9989478973,1.175062519,-0.01200449795,-0.17,-0.5193495417
2023-11-11,0.1069982363,-0.003761998666,1.165827262,-0.01200449795,-0.17,-0.8941833912
2023-11-12,0.1062492132,-0.003761998666,1.15668944,-0.01200449795,-0.17,-0.8875377976
2023-11-13,-1.194441564,-1.310339798,1.005205042,-0.009380733684,-0.16,-0.8809350622
2023-11-14,-1.185586631,-1.299760548,0.6669746913,-0.009828407267,-0.11,-0.6752300435
2023-11-15,-1.176825293,-1.289314364,0.7074074733,-0.019687835,-0.36,-0.8720134376
2023-11-16,-1.168155426,-1.2789978,0.701719185,-0.02363990891,-0.22,-0.8584309494
2023-11-17,-1.159574967,-1.268807527,0.6954603611,-0.01977511729,-0.24,-0.8051577744
2023-11-18,-1.151081915,0.02793337477,0.6892192719,-0.02242598285,-0.26,-0.9815131752
2023-11-19,-1.142674327,0.02793337477,0.6829950999,-0.02242598285,-0.26,-0.9803835279
2023-11-20,0.07561035575,1.247238643,2.631000085,-0.02074345502,-0.28,-0.9796715532
2023-11-21,0.07540874506,1.237763491,2.220477611,-0.02893414214,-0.34,-1.12656973
2023-11-22,0.07520714151,1.228396167,2.200640267,-0.02882330228,-0.2,-1.146646025
2023-11-23,0.07500554506,1.219134104,2.184487568,-0.01791640422,-0.11,-1.342310397
2023-11-24,0.07480395571,1.209974816,1.999355972,-0.008838960416,-0.02,-1.357970132
2023-11-25,0.07460237341,-0.0009980543379,1.997272414,-0.01269666317,0.03,-1.498474977
2023-11-26,0.07440079815,-0.0009980543379,1.995194043,-0.01269666317,0.03,-1.510936193
2023-11-27,-0.8064822486,-0.8760021254,2.023273691,-0.0118201308,-0.04,-1.525420208
2023-11-28,-0.8018467626,-0.8708926979,-0.04521242941,-0.01560235817,-0.01,-1.437773155
2023-11-29,-0.797234693,-0.8658130374,-0.3139615061,-0.02049428057,-0.03,-1.431132862
2023-11-30,-0.7926457058,-0.8607626947,-0.630266609,-0.01893257981,-0.23,-1.307640321
2023-12-01,-0.7880794724,-0.8557412283,-0.764005499,-0.01543215689,-0.15,-1.332320511
2023-12-02,-0.7835356694,0.01788121426,-0.757941737,-0.01789678215,-0.29,-1.451631564
2023-12-03,-0.7790139787,0.01788121426,-0.7519153719,-0.01789678215,-0.29,-1.447717726
2023-12-04,1.073235967,1.850475611,-0.3715986433,-0.02028974143,-0.32,-1.444197178
2023-12-05,1.064911442,1.831991033,0.005470429282,-0.007229501442,-0.09,-1.241199316
2023-12-06,1.056663745,1.813929104,0.2440694482,-0.002342351718,-0.21,-1.333525224
2023-12-07,1.048491203,1.796274216,0.5794212465,-0.005298105061,-0.2,-1.271032526
2023-12-08,1.04039219,1.779011634,0.8668515398,-0.002038929992,-0.19,-1.222070961
2023-12-09,1.032365128,-0.04482964847,0.8666111558,-0.0007199144047,-0.14,-1.521847638
2023-12-10,1.024408484,-0.04482964847,0.866370857,-0.0007199144047,-0.14,-1.508765825
2023-12-11,1.14425325,0.08387600048,0.4869797592,0.004219426827,-0.1,-1.495904885
2023-12-12,1.138482725,0.09029416007,-0.2191014366,0.005854067529,-0.12,-1.361648599
2023-12-13,1.132756101,0.0967835964,-0.6416497199,1.242954519e-05,-0.12,-1.593819174
2023-12-14,1.127072698,0.1033467348,-0.2591468409,0.003951766736,-0.28,-1.528758473
2023-12-15,1.121431853,0.1099861089,-0.2579199803,-0.00534229539,-0.51,-1.389914037
2023-12-16,1.115832916,-0.01555236874,-0.2552058324,-0.003928941315,-0.52,-1.464796611
2023-12-17,1.110275248,-0.01555236874,-0.2524922407,-0.003928941315,-0.52,-1.45229858
2023-12-18,0.3717967108,-0.7628292712,0.08176457429,-0.003618117214,-0.49,-1.439997411
2023-12-19,0.3753235623,-0.7568474207,0.4183409196,0.002674127689,-0.38,-1.308010082
2023-12-20,0.3788691571,-0.7508929796,0.5633451873,-0.002943682767,-0.32,-1.311509516
2023-12-21,0.3824337637,-0.7449653119,0.2783581783,-0.005820693693,-0.47,-0.8065317995
2023-12-22,0.3860176558,-0.7390637901,0.3256387218,-0.005215836935,-0.3,-0.8086614116
2023-12-23,0.3896211122,0.01403757046,0.3250272341,-0.00733602129,-0.29,-1.072428477
2023-12-24,0.3932444168,0.01403757046,0.324416033,-0.00733602129,-0.29,-1.064023988
2023-12-25,-1.373014252,-1.747263569,0.3220365488,-0.01170555653,-0.36,-1.055695021
2023-12-26,-1.361394683,-1.729916744,-0.0161239456,-0.01431228905,-0.3,-1.047496627
2023-12-27,-1.349937471,-1.712917862,-0.02061135478,-0.01365513625,-0.27,-1.056740272
2023-12-28,-1.338638183,-1.696254206,0.8848344032,-0.01764823431,-0.33,-1.2902504
2023-12-29,-1.327492551,-1.6799137,0.5919092624,-0.01946245757,-0.34,-1.262208658
2023-12-30,-1.316496469,0.04732874327,0.5876696282,-0.01937633684,-0.3,-1.260348905
2023-12-31,-1.305645984,0.04732874327,0.5834423917,-0.01937633684,-0.3,-1.24993626
2024-01-01,1.227413821,2.492585697,0.5792215894,-0.02073218835,-0.32,-1.239648144
2024-01-02,1.221222174,2.452092575,0.3399274759,-0.01873440629,-0.32,-1.229441831
2024-01-03,1.21508142,2.413164899,0.2479792819,-0.01558720042,-0.14,-0.8999538112
2024-01-04,1.208990736,2.375699521,-0.4689351006,0.001066336144,0.01,-0.5317092373
2024-01-05,1.202949318,2.339602584,-1.034689371,-0.0009804723973,0.08,-0.4880900534
2024-01-06,1.196956378,-0.01416803051,-1.027811209,-0.002924714085,0.14,-0.8208795362
2024-01-07,1.191011148,-0.01416803051,-1.020988656,-0.002924714085,0.14,-0.8157056249
2024-01-08,1.138429011,-0.06050312053,-1.579552404,-0.004354925603,0.09,-0.8105596943
2024-01-09,1.12931924,-0.06595459123,-1.335266076,-0.001779627534,0.05,-0.9206728258
2024-01-10,1.120300698,-0.07145038565,-1.232868393,0.001029750677,0.13,-1.050293411
2024-01-11,1.111371179,-0.07699174742,-1.278431336,0.003726214582,0.12,-1.072295328
2024-01-12,1.10252854,-0.08257996303,-1.454633536,0.006963569554,0.05,-1.174553494
2024-01-13,1.0937707,-0.04086272044,-1.441532492,0.003960104987,-0.02,-1.05315315
2024-01-14,1.085095636,-0.04086272044,-1.428632012,0.003960104987,-0.02,-1.044812274
2024-01-15,-1.556888186,-2.553406122,-1.416343988,0.003960104987,-0.02,-1.036543528
2024-01-16,-1.547011315,-2.51025676,-0.6653042716,0.005437913994,-0.02,-0.7916009823
2024-01-17,-1.537257921,-2.468853997,-0.5657924817,0.01775089493,0.13,-0.5300581586
2024-01-18,-1.527625173,-2.429077709,-0.9415997665,0.02220919784,0.12,-0.113492528
2024-01-19,-1.518110327,-2.390819048,-0.1700833163,0.02084684447,0.08,-0.3963692739
2024-01-20,-1.508710729,0.01670577098,-0.164076796,0.01877541783,0.09,-0.7518824748
2024-01-21,-1.499423806,0.01670577098,-0.1580244326,0.01877541783,0.09,-0.7457410061
2024-01-22,-1.557485756,-0.04759307104,-0.153570984,0.01877541783,0.09,-0.7396255089
2024-01-23,-1.542853232,-0.04380958967,-0.4963143899,0.01131228169,0.06,-0.7812052317
2024-01-24,-1.528470825,-0.04001386128,-0.5884148558,0.01173224123,0.14,-1.05246736
2024-01-25,-1.514330357,-0.03620562036,-0.1962869987,0.007279670425,0.11,-0.7882494749
2024-01-26,-1.500424009,-0.03238459683,-0.1946888929,0.01208747948,0.02,-0.6479860946
2024-01-27,-1.486744307,0.03627720797,-0.193091252,0.01029667973,0.02,-0.7250689764
2024-01-28,-1.473284099,0.03627720797,-0.1914940638,0.01029667973,0.02,-0.7191509096
2024-01-29,-1.295940743,0.1970488135,-0.4823779039,0.01146073898,0.06,-0.7132561654
2024-01-30,-1.285506839,0.1960458649,-0.3292498152,0.009920896892,-0.02,-0.5590735769
2024-01-31,-1.275201972,0.1950432521,-0.6720230854,0.007023130992,-0.02,-0.6798970469
2024-02-01,-1.265022828,0.1940409719,-0.9643331559,0.004516579977,-0.03,-0.2147097727
2024-02-02,-1.254966206,0.1930390212,-0.8573208467,0.006688473572,-0.01,-0.4172641893
2024-02-03,-1.245029011,0.03132109442,-0.8503881612,0.01144444259,0.13,-0.4249370526
2024-02-04,-1.235208251,0.03132109442,-0.8434940171,0.01144444259,0.13,-0.4191677673
2024-02-05,0.7535117808,1.979143782,-0.339435045,0.01144444259,0.13,-0.4133839469
2024-02-06,0.753259526,1.958124107,-0.1371414699,0.006411729044,0.13,-0.4892694352
2024-02-07,0.753007362,1.937596156,-0.4917356118,-0.0006725038458,0.05,-0.7595487565
2024-02-08,0.7527552889,1.917539655,-1.144660146,0.0001273890619,0.06,-0.857283787
2024-02-09,0.7525033065,1.897935485,-0.9864542668,0.003610617004,0.1,-0.8693468506
2024-02-10,0.7522514147,-0.0007747449563,-0.980965571,0.003272432492,0.11,-0.8015537559
2024-02-11,0.7519996135,-0.0007747449563,-0.9755140583,0.003272432492,0.11,-0.7975265028
2024-02-12,0.4539595124,-0.2853280566,-1.269281094,0.003492021907,0.12,-0.7935179348
2024-02-13,0.4535857677,-0.2854862434,-1.259650429,-0.001340213592,0.08,-0.3383973615
2024-02-14,0.4532121735,-0.2856444508,-0.8110806337,0.008536694674,0.14,0.5287370901
2024-02-15,0.4528387294,-0.285802679,-0.1139698097,0.004709880155,0.12,-0.1384933726
2024-02-16,0.4524654353,-0.2859609279,-0.6641390135,0.004931299241,0.09,-0.3069868868
2024-02-17,0.4520922911,-0.001502636352,-0.6613367275,0.004420593066,0.12,-0.2034547066
2024-02-18,0.4517192963,-0.001502636352,-0.6585430049,0.004420593066,0.12,-0.2042377008
2024-02-19,0.5851556265,0.1265806395,-0.6579342693,0.002455032444,0.19,-0.2050211617
2024-02-20,0.5844707059,0.126376181,-0.2590792874,0.004543852739,0.17,0.008825065477
2024-02-21,0.5837863646,0.1261717362,-0.5615473799,0.004872414643,0.22,0.3295364778
2024-02-22,0.5831026014,0.1259673049,-1.411515899,0.005853731505,0.3,0.2906366505
2024-02-23,0.5824194148,0.1257628871,-1.504168688,0.001654232353,0.2,-0.07248400863
2024-02-24,0.5817368035,-0.002511752448,-1.49308298,0.001115779722,0.14,-0.4314528437
2024-02-25,0.5810547662,-0.002511752448,-1.482150318,0.001115779722,0.14,-0.4319097115
2024-02-26,0.2736497304,-0.2969903481,-1.180631921,-0.002571920659,0.06,-0.4323668223
2024-02-27,0.2764644836,-0.2942180669,-1.268112263,0.0008300346895,0.12,-0.4359779641
2024-02-28,0.2792894332,-0.2914471829,-1.113693683,0.0004946036099,0.13,-0.5756658301
2024-02-29,0.2821246999,-0.2886776313,-0.2724858449,0.000398084569,0.03,-0.3910180189
2024-03-01,0.284970406,-0.2859093474,-0.3712630916,0.001184742108,0,-0.5920488248
2024-03-02,0.2878266757,0.01160798055,-0.3679504232,-0.0002305042176,-0.05,-0.7229285801
2024-03-03,0.2906936347,0.01160798055,-0.3646406847,-0.0002305042176,-0.05,-0.7220546703
2024-03-04,0.3423053961,0.05782047421,-0.2129151426,0.0006060966877,-0.06,-0.7211817992
2024-03-05,0.345104136,0.05767473506,-0.6153458621,-0.005334092604,-0.14,-0.5470869228
2024-03-06,0.3479136621,0.05752899882,-0.4674939914,-0.004247109972,-0.16,-0.1084621169
2024-03-07,0.3507340967,0.05738326546,-0.9190112897,-0.006164401079,-0.13,-0.09229926287
2024-03-08,0.3535655636,0.05723753499,-0.6190787782,-0.007920726699,-0.16,-0.1212260141
2024-03-09,0.3564081885,0.01088062843,-0.6175245823,-0.009702807665,-0.16,0.01298552683
2024-03-10,0.359262099,0.01088062843,-0.615973232,-0.009702807665,-0.16,0.01091712042
2024-03-11,-0.2392818612,-0.5531243984,-1.01275376,-0.009702807665,-0.16,0.008846603622
2024-03-12,-0.2352994966,-0.5509490713,-0.6124402853,-0.008101973312,-0.12,0.2243527834
2024-03-13,-0.2313113835,-0.5487783897,-0.6099111857,-0.007196919312,-0.12,-0.4040820166
2024-03-14,-0.2273172742,-0.5466123173,0.3916399499,-0.009395385708,-0.13,-0.4441551469
2024-03-15,-0.2233169183,-0.5444508179,0.5383168269,-0.00657568064,0.03,-0.1464871356
2024-03-16,-0.2193100618,0.02007170414,0.5331690931,-0.005259553078,0.03,-0.1411718085
2024-03-17,-0.2167492028,0.01850261669,0.5280284175,-0.005259553078,0.03,-0.1404083743
2024-03-18,0.5279292634,0.7061735566,3.34076716,-0.005442791626,0.02,-0.1396450734
2024-03-19,0.5275135779,0.7013681602,3.493874877,-0.003219947638,0.04,-0.1747172491
2024-03-20,0.5270980979,0.6965827571,4.022071718,-0.001608216102,0.06,-0.4048584715
2024-03-21,0.5266828232,0.6918170054,3.790750575,-0.002091887931,0.04,-0.758395223
2024-03-22,0.5262677535,0.688423054,3.672190005,-0.001673400209,0.06,-0.8110514096
2024-03-23,0.5258528885,-0.001530839901,3.563219332,0.00143044729,0,-0.7466803016
2024-03-24,0.5254382279,-0.001530839901,3.462588429,0.00143044729,0,-0.7459176351
2024-03-25,0.4739179996,-0.04939592927,0.7936140256,0.002582897611,-0.01,-0.7451557752
2024-03-26,0.4757435807,-0.04781099495,0.5779942246,0.00119866385,0.11,-0.6854076509
2024-03-27,0.4775738189,-0.04622540605,-0.7338633524,0.005057904834,0.11,-0.6625669028
2024-03-28,0.4794087459,-0.04463914972,-0.890663521,0.00680583971,0.07,-0.8685033301
2024-03-29,0.4812483939,-0.04305221303,-0.8850741332,0.009072723484,0.07,-0.7617826715
2024-03-30,0.4830927951,0.006458357349,-0.8795193989,0.008702646385,0.07,-0.7602150441
2024-03-31,0.484941982,0.006458357349,-0.8739987473,0.008702646385,0.07,-0.7586506984
2024-04-01,1.11785893,0.5884313997,-0.8670887939,0.008161486978,0.05,-0.7570896182
2024-04-02,1.118114851,0.5869377642,-0.8644985036,0.0112202372,0.12,-0.4673607258
2024-04-03,1.11837087,0.5854466731,-0.5723757168,0.01116416398,0.11,-0.03503794021
2024-04-04,1.118626988,0.5839581132,0.4139656591,0.006476992041,0.01,-0.1637472794
2024-04-05,1.118883204,0.5824720716,0.6613274977,0.0029983314,-0.02,0.7455328639
2024-04-06,1.119139518,0.0005182371395,0.6609510176,0.004686865398,0.03,0.5961579873
2024-04-07,1.119395931,0.0005182371395,0.660574729,0.004686865398,0.03,0.5913638268
2024-04-08,0.6298600219,-0.4499237525,-0.2071197625,0.003229519835,-0.01,0.5865827196
2024-04-09,0.6318095851,-0.448684681,0.4502716066,-0.001631479197,0.04,0.2042908088
2024-04-10,0.6337649415,-0.4474470345,0.2801739259,-0.001853155036,0.04,0.1074995376
2024-04-11,0.6357261309,-0.4462108062,-0.007712211004,0.006324880845,0.22,0.4789406478
2024-04-12,0.6376931935,-0.4449759892,0.07152458576,0.00349798076,0.29,0.07824563182
2024-04-13,0.6396661698,0.005940919928,0.06753298356,0.009112574081,0.24,1.163512949
2024-04-14,0.6416451008,0.005940919928,0.0635277964,0.009112574081,0.24,1.162645085
2024-04-15,0.5480272253,-0.08052709574,0.3508466399,0.01040242255,0.19,1.161778325
2024-04-16,0.547977276,-0.08177430032,0.387865248,0.01115679476,0.28,2.007872255
2024-04-17,0.5479273298,-0.08302235833,0.5092703115,0.01747392134,0.36,1.62368693
2024-04-18,0.5478773868,-0.08427127659,0.1684407498,0.01616672242,0.32,1.528564714
2024-04-19,0.5478274469,-0.08552106194,-0.164199867,0.01638253796,0.36,1.426228937
2024-04-20,0.5477775102,-0.0001753933784,-0.1637552024,0.01725678013,0.33,1.723609308
2024-04-21,0.5477275766,-0.0001753933784,-0.1633106119,0.01725678013,0.33,1.706816008
2024-04-22,0.3193276253,-0.2085049816,1.040831573,0.01310454421,0.23,1.690350658
2024-04-23,0.3194400233,-0.2083721051,0.7827444213,0.01448762814,0.21,0.9147498557
2024-04-24,0.3195524326,-0.2082392387,0.7752811142,0.01407125115,0.2,0.3731864112
2024-04-25,0.3196648532,-0.2081063825,1.143628121,0.01762733591,0.27,0.4968080161
2024-04-26,0.3197772851,-0.2079735363,1.302542554,0.01549048234,0.26,0.2408387793
2024-04-27,0.3198897283,0.0004632477368,1.294654996,0.01638909235,0.22,0.09650175029
2024-04-28,0.3200021828,0.0004632477368,1.286933723,0.01638909235,0.22,0.1006828045
2024-04-29,1.115985383,0.7280789422,0.2692452776,0.01831435389,0.2,0.1048859286
2024-04-30,1.109202435,0.7235939801,0.265707317,0.01524462987,0.22,-0.04927432339
2024-05-01,1.102477255,0.7191284964,0.009268252071,0.01161938494,0.13,0.3856150644
2024-05-02,1.095808796,0.7146822013,-0.1631682935,0.01158393232,0.09,0.2719762807
2024-05-03,1.08919604,0.7102548091,-0.5405692275,0.001225789833,0.1,-0.03727681327
2024-05-04,1.08263799,-0.01848345448,-0.5392107473,-0.001234784955,0.04,-0.5600563515
2024-05-05,1.076133674,-0.01848345448,-0.5378542626,-0.001234784955,0.04,-0.5560524927
2024-05-06,0.4488885983,-0.5932665011,-0.03591677554,-0.002348376557,-0.05,-0.5520591398
2024-05-07,0.4479895669,-0.5899069427,0.2161281168,-0.01000703359,-0.1,-0.5489623458
2024-05-08,0.4470913305,-0.5865571811,-0.03399706914,-0.007541007326,-0.05,-0.6611996815
2024-05-09,0.4461938864,-0.5832170939,0.1385152257,-0.006577957866,-0.07,-0.7605771752
2024-05-10,0.4452972319,-0.57988656,0.354439299,-0.007668907256,-0.08,-0.8948671341
2024-05-11,0.4444013642,-0.003573675191,0.3579983087,-0.008882480759,-0.05,-0.9548797347
2024-05-12,0.4435062807,-0.003573675191,0.3615762576,-0.008882480759,-0.05,-0.9531815076
2024-05-13,0.9752073584,0.4875198266,0.4531872134,-0.008507170027,-0.05,-0.9514874068
2024-05-14,0.9677873136,0.4815458836,0.2010239528,-0.005676211491,-0.05,-0.4892551852
2024-05-15,0.9604272278,0.4755606549,0.459609738,-0.007847668647,-0.12,-0.5671152219
2024-05-16,0.9531259997,0.4695629963,0.6705800702,-0.01208172689,-0.23,-0.9880357728
2024-05-17,0.9458825655,0.4635517294,0.6664404817,-0.0140182241,-0.17,-0.9958031806
2024-05-18,0.9386958979,-0.04450425332,0.662316375,-0.01392224786,-0.14,-1.177891645
2024-05-19,0.9315650057,-0.04450425332,0.6582075244,-0.01392224786,-0.14,-1.171776303
2024-05-20,0.3410080761,-0.5870741972,1.200852344,-0.01068587922,-0.12,-1.165710205
2024-05-21,0.3422081718,-0.5810318816,1.191151811,-0.0142813816,-0.17,-1.091043879
2024-05-22,0.3434098934,-0.5749925043,1.181774689,-0.01331119002,-0.16,-1.209256787
2024-05-23,0.3446132487,-0.5689552023,0.9613471912,-0.007286929591,-0.11,-1.019683019
2024-05-24,0.3458182455,-0.5629191036,0.1966185112,-0.003191485007,0.02,-0.8123119742
2024-05-25,0.3470248918,0.004952730985,0.1930211114,-0.004259952922,-0.01,-1.168869406
2024-05-26,0.3482331955,0.004952730985,0.1894188445,-0.004259952922,-0.01,-1.16284894
2024-05-27,1.238159157,0.8570318226,0.1860854874,-0.002248724888,0,-1.156876222
2024-05-28,1.231614549,0.8517582917,-0.7407090073,-0.003897029314,-0.01,-0.9681327895
2024-05-29,1.225126423,0.8465151734,-0.7401891611,-0.006240967129,0.03,-0.7258449574
2024-05-30,1.21869382,0.8413019862,-0.7379427497,5.730030435e-06,0.12,-0.143135354
2024-05-31,1.212315804,0.8361182576,-0.7339593065,-0.0004417525858,0.03,-0.05689595092
2024-06-01,1.205991461,-0.01539899802,-0.7299926652,0.0006884455882,0,-0.7152390239
2024-06-02,1.199719897,-0.01539899802,-0.7260426113,0.0006884455882,0,-0.709023214
2024-06-03,1.473264435,0.2544973814,0.0278268622,0.0005892182082,0.01,-0.7028278537
2024-06-04,1.461375897,0.2479929591,0.1948024086,0.0034881928,-0.04,-0.6153076136
2024-06-05,1.449684886,0.2414328221,0.1916016215,0.01129997042,-0.03,-0.5877025031
2024-06-06,1.438186592,0.2348142938,0.3999711645,0.01080895139,-0.08,-0.811304523
2024-06-07,1.426876435,0.2281345566,0.9014817474,0.009369375611,-0.1,-0.826286593
2024-06-08,1.415750058,-0.05709611566,0.894846363,0.01908353501,0.03,-0.9758713311
2024-06-09,1.404803316,-0.05709611566,0.8882544907,0.01908353501,0.03,-0.9683526909
2024-06-10,0.5817896588,-0.870964856,0.6726338303,0.0191381758,0.02,-0.9608929761
2024-06-11,0.5800986647,-0.8644344578,0.6692289462,0.02087011542,0.07,-0.7263200977
2024-06-12,0.5784108269,-0.8579538339,-0.04620126126,0.02047534189,0.02,-0.6728153528
2024-06-13,0.576726127,-0.8515225949,-0.2570639229,0.01709929633,-0.08,-1.026617622
2024-06-14,0.5750445467,-0.845140403,-0.9659680587,0.01978585266,-0.11,-1.064655184
2024-06-15,0.5733660677,-0.006972704177,-0.9639314831,0.0209855185,-0.11,-0.7349282402
2024-06-16,0.571690672,-0.006972704177,-0.9619007909,0.0209855185,-0.11,-0.7285498951
2024-06-17,-0.8971467903,-1.519796456,-1.336024068,0.0209855185,-0.11,-0.7221934479
2024-06-18,-0.9179221144,-1.549533624,-1.34006889,0.02313266903,-0.14,-0.6751990599
2024-06-19,-0.9395732808,-1.580644938,-1.341700805,0.01484478664,-0.24,-0.872880632
2024-06-20,-0.9621713931,-1.613246269,-0.6348331972,0.01654229539,-0.18,-0.7845029719
2024-06-21,-0.9857959861,-1.647467736,0.583717959,0.01715015807,-0.16,-0.4146033503
2024-06-22,-1.010536363,-0.04162898201,0.5791302714,0.0164671002,-0.14,-0.4447997973
2024-06-23,-1.036493201,-0.04162898201,0.5745548666,0.0164671002,-0.14,-0.4384190141
2024-06-24,0.6034804069,1.580644987,0.5294309799,0.01436605697,-0.06,-0.432006316
2024-06-25,0.5991198574,1.568179745,0.6949924014,0.00804151701,0.01,-0.3648010447
2024-06-26,0.5948904052,1.555904863,0.6889937495,0.01148906547,0.02,-0.5910798166
2024-06-27,0.5908064867,1.54381497,0.6829886189,0.01543417452,0.06,-0.7247856237
2024-06-28,0.5868849666,1.531904902,-0.5587859605,0.006385320804,-0.1,-0.8777678759
2024-06-29,0.5831456409,-0.0652704254,-0.5678619853,0.005352532194,-0.05,-0.7827978521
2024-06-30,0.5796118684,-0.0652704254,-0.5771023072,0.005352532194,-0.05,-0.7878737654
2024-07-01,-1.650722889,-1.995605799,-0.3167344717,0.002403308786,-0.08,-0.7944120738
2024-07-02,-1.635132466,-1.992522584,-0.0977764077,0.003481278253,0.04,-0.9173754033
2024-07-03,-1.61982741,-1.990272675,0.7735166807,0.003732551613,0.04,-1.021854031
2024-07-04,-1.604798039,-1.988897978,0.7850409511,-0.001989139155,0.06,-0.9937435262
2024-07-05,-1.590035122,-1.988446391,1.016156395,-0.003161809592,0.06,-0.9038333589
2024-07-06,-1.57552985,0.03067608722,1.028270012,-0.005582695898,-0.03,-0.7830918359
2024-07-07,-1.561273814,0.03067608722,1.040644231,-0.005582695898,-0.03,-0.7958159459
2024-07-08,-1.612238559,-0.02712158946,1.034022105,-0.006139778974,-0.06,-0.8120051058
2024-07-09,-1.605908569,-0.03149135284,1.027955046,-0.005000903389,0,-0.8964332059
2024-07-10,-1.599630505,-0.03588360964,1.023487388,-0.004601637715,0.03,-0.7974893301
2024-07-11,-1.5934036,-0.04029886381,0.1308199603,-0.008072178562,0.01,-0.5483851865
2024-07-12,-1.5872271,-0.04473763129,0.1746840333,-0.01079377255,-0.07,-0.4918434779
2024-07-13,-1.581100268,0.009383006555,0.1743300622,-0.01344145369,-0.08,-0.819081393
2024-07-14,-1.575022384,0.009383006555,0.1739761446,-0.01344145369,-0.08,-0.8124475848
2024-07-15,0.4989416624,1.990190245,0.1746837937,-0.01028271193,-0.09,-0.8058474417
2024-07-16,0.4966179393,1.97488645,0.4009022338,-0.01054528056,-0.05,-0.3214299408
2024-07-17,0.4942987629,1.959851011,1.470630881,-0.01234186383,-0.15,-0.2661756553
2024-07-18,0.4919840916,1.945075695,1.465335489,-0.01463672782,-0.13,0.6745311823
2024-07-19,0.4896738839,1.930552619,0.8884718629,-0.0114273937,-0.19,1.725344521
2024-07-20,0.4873680987,-0.009719808438,0.8892313565,-0.008560481699,-0.15,2.128935689
2024-07-21,0.4850666951,-0.009719808438,0.8899917308,-0.008560481699,-0.15,2.104133019
2024-07-22,1.543332523,0.9870084634,0.8898044045,-0.01060283594,-0.23,2.079989041
2024-07-23,1.530644232,0.9793979149,0.6669451125,-0.008644985948,-0.17,0.9380018705
2024-07-24,1.518183374,0.9718480771,0.09064265035,-0.003171030435,-0.13,0.8010356652
2024-07-25,1.505944146,0.9643576994,0.09274963458,-0.001771737515,-0.09,3.081251246
2024-07-26,1.493921034,0.9569255658,0.9275227411,0.00042437328,-0.01,3.289625433
2024-07-27,1.482108805,-0.05594191652,0.9253360579,0.001585730691,-0.07,1.862662045
2024-07-28,1.470502494,-0.05594191652,0.9231560561,0.001585730691,-0.07,1.843121912
2024-07-29,-0.9872666732,-2.355250234,0.6294717727,0.002548687718,-0.08,1.82401417
2024-07-30,-0.9822680026,-2.322392115,0.6402184529,0.005932397731,-0.12,1.940745623
2024-07-31,-0.9773010391,-2.290643466,0.3813460703,0.008896862151,-0.11,2.613560284
2024-08-01,-0.9723653357,-2.259941442,0.8433199415,0.007072632342,-0.1,1.728056328
2024-08-02,-0.9674604536,-2.23022814,0.2163071331,0.01167016769,-0.15,3.099825889
2024-08-03,-0.9625859619,0.01446425086,0.2251083464,0.008393471436,-0.18,5.718712062
2024-08-04,-0.9577414378,0.01446425086,0.2340767221,0.008393471436,-0.18,5.36201202
2024-08-05,1.407221874,2.179046317,0.5691945673,0.006795792708,-0.2,5.062488388
2024-08-06,1.395244198,2.150042958,0.4736572562,0.006944716051,-0.2,10.07455643
2024-08-07,1.383441453,2.121917707,0.9809857518,0.009265577303,-0.12,5.286330799
2024-08-08,1.371808797,2.094624456,-0.1392234724,0.006343303942,-0.04,5.04161377
2024-08-09,1.360341584,2.068120424,0.4149153837,0.002432864788,-0.06,3.456115856
2024-08-10,1.349035346,-0.04460760758,0.4107186515,-0.001781610595,-0.09,2.203324339
2024-08-11,1.337885793,-0.04460760758,0.4065245904,-0.001781610595,-0.09,2.172900735
2024-08-12,1.41701857,0.03892813281,0.4034408605,-0.002350321221,-0.12,2.143427889
2024-08-13,1.41077568,0.04598846005,0.9580034922,-0.001328369979,-0.17,2.229296744
2024-08-14,1.404584746,0.05314082829,-0.2035470084,-0.004393905671,-0.24,1.326325103
2024-08-15,1.398444962,0.06038893232,0.4479244436,-0.008895915602,-0.22,0.6592025555
2024-08-16,1.392355541,0.06773666435,0.3113737812,-0.008794229898,-0.13,0.3269551312
2024-08-17,1.386315713,-0.01126401817,0.3136658534,-0.01030791125,-0.12,0.1762284377
2024-08-18,1.380324724,-0.01126401817,0.3159645349,-0.01030791125,-0.12,0.1730327811
2024-08-19,-0.07762572755,-1.37725736,1.471778936,-0.01403263433,-0.11,0.1698338647
2024-08-20,-0.07381495817,-1.366235935,1.636354036,-0.01936428626,-0.11,0.115557516
2024-08-21,-0.06999278589,-1.355361739,1.988717193,-0.01508040049,-0.1,0.5340200826
2024-08-22,-0.06615894773,-1.344630883,1.875162681,-0.01627360452,-0.07,0.6628929495
2024-08-23,-0.0623131763,-1.334039614,1.714999965,-0.008953729749,0,1.095141442
2024-08-24,-0.05845519969,0.01816272274,1.697434018,-0.01626654982,-0.08,0.5092972902
2024-08-25,-0.05458474128,0.01816272274,1.680221529,-0.01626654982,-0.08,0.5046792241
2024-08-26,0.3796061346,0.4117730974,0.2902233522,-0.01714696788,-0.03,0.5000683736
2024-08-27,0.3786208937,0.4075960012,-0.3263486869,-0.01584188683,-0.11,0.5951181943
2024-08-28,0.3776364489,0.403421474,-0.05989022268,-0.01377844748,-0.17,0.3433213852
2024-08-29,0.3766527968,0.3992492822,0.02909088678,-0.01257466791,-0.18,0.9163244324
2024-08-30,0.375669934,0.3950791919,0.0298943319,-0.005648039985,-0.13,0.4110056785
2024-08-31,0.3746878573,-0.004104220409,0.03059203069,-0.004892310596,-0.08,0.1847134451
2024-09-01,0.3737065634,-0.004104220409,0.03128985967,-0.004892310596,-0.08,0.1820988237
2024-09-02,1.808227952,1.319079274,0.03198781989,-0.007256915251,-0.03,0.1794833388
2024-09-03,1.793389817,1.310382472,1.132276642,-0.005596083717,0,0.365627905
2024-09-04,1.77891693,1.301843097,1.124552538,0.002870218583,-0.04,2.118681701
2024-09-05,1.764800174,1.293460153,1.12124044,-0.0005710351399,-0.1,2.289623885
2024-09-06,1.751031075,1.285232855,1.116253974,0.0004583438183,-0.11,1.78926788
2024-09-07,1.737601772,-0.06547932071,1.111300872,0.0008325353848,-0.12,2.578521302
2024-09-08,1.724505003,-0.06547932071,1.106380682,0.0008325353848,-0.12,2.534887467
2024-09-09,-0.675832227,-2.292363576,0.9270246631,0.005089482338,-0.1,2.493034662
2024-09-10,-0.6700978276,-2.277571159,0.09819554778,0.007742287276,-0.09,1.52702777
2024-09-11,-0.6643817221,-2.263547877,0.3574858358,0.009467105992,-0.09,1.3949875
2024-09-12,-0.6586833366,-2.250288724,0.6130661259,0.003373579836,-0.15,0.9405364749
2024-09-13,-0.6530021006,-2.237791163,1.295772962,0.008089926124,-0.05,0.7364538608
2024-09-14,-0.6473374474,0.02903551075,1.285005228,0.001608764059,-0.1,0.5682168812
2024-09-15,-0.6416888134,0.02903551075,1.27437333,0.001608764059,-0.1,0.5640050485
2024-09-16,-0.3132682839,0.3313899974,1.223947544,-0.0003221186202,-0.09,0.5598043946
2024-09-17,-0.308957604,0.3299382897,1.471301902,-0.003032809484,-0.14,0.7406854396
2024-09-18,-0.3046426597,0.3284878555,1.200116222,-0.002388955021,-0.16,0.8848861146
2024-09-19,-0.3003231472,0.3270386851,0.9319701412,-0.00549359299,-0.13,1.075409379
2024-09-20,-0.2959987593,0.3255907687,0.4918262718,-0.008340813334,-0.2,0.4617015942
2024-09-21,-0.2916691853,0.02211004832,0.4858506364,-0.007529049378,-0.18,0.3998241459
2024-09-22,-0.2873341107,0.02211004832,0.4798642822,-0.007529049378,-0.18,0.3957015192
2024-09-23,-0.1652190679,0.1340499993,0.7330810718,-0.007529049378,-0.18,0.3915810024
2024-09-24,-0.1739806796,0.1245644111,0.4652734893,-0.01100169326,-0.15,0.3047414268
2024-09-25,-0.1829095001,0.1148297848,0.7211422607,-0.01130724225,-0.15,0.1419729202
2024-09-26,-0.1920137261,0.1048249461,0.714871953,-0.008236609385,-0.09,0.1476099177
2024-09-27,-0.2013021192,0.09452609134,0.4479899979,-0.0115968199,-0.06,0.1331729964
2024-09-28,-0.2107840587,-0.03656239444,0.444351293,-0.01133069549,-0.09,0.6398890779
2024-09-29,-0.2204695995,-0.03656239444,0.440718116,-0.01133069549,-0.09,0.6350717707
2024-09-30,1.838899281,1.896173622,-0.5615815343,-0.01307494728,-0.06,0.6302705038
2024-10-01,1.82947171,1.87488681,-0.5628499413,-0.01398862342,0,0.5518447869
2024-10-02,1.82049525,1.854103704,-0.3903100938,-0.008856008614,-0.06,1.353473743
2024-10-03,1.811974178,1.833802937,-0.3909673685,-0.007104570888,-0.05,1.227867639
2024-10-04,1.803914096,1.813964389,-0.001059235388,0.003818993203,0.06,1.718443687
2024-10-05,1.79632202,-0.07437173727,-0.00317462351,0.004640989157,0.17,1.299980094
2024-10-06,1.789206477,-0.07437173727,-0.005292450442,0.004640989157,0.17,1.289076498
2024-10-07,0.2416254825,-1.425072887,0.6042258179,0.005943327276,0.21,1.278310447
2024-10-08,0.2340625695,-1.413305757,0.5992529014,0.006751472619,0.23,2.325691228
2024-10-09,0.2263898901,-1.40170577,0.15497261,0.009054653682,0.19,1.92138521
2024-10-10,0.218600464,-1.390268291,0.1497828843,0.01299359718,0.21,1.729363722
2024-10-11,0.2106867256,-1.378988861,-0.2502131367,0.01391950262,0.18,1.732465905
2024-10-12,0.2026404554,-0.04276487548,-0.2546878461,0.01297555624,0.17,1.572973698
2024-10-13,0.1944527004,-0.04276487548,-0.2591931182,0.01297555624,0.17,1.557966338
2024-10-14,-1.682969565,-1.557748695,0.1799999523,0.01276617121,0.17,1.543220809
2024-10-15,-1.666059331,-1.550729822,0.5744925843,0.01528451875,0.2,1.302141673
2024-10-16,-1.649478411,-1.544036363,1.185603164,0.01702585621,0.14,1.570571946
2024-10-17,-1.63321489,-1.537675057,1.177046467,0.02349715267,0.12,1.241465709
2024-10-18,-1.617257439,-1.531653687,1.168197662,0.02477972704,0.19,1.091664879
2024-10-19,-1.60159528,0.03280510514,1.159451499,0.0231803691,0.17,0.7618400699
2024-10-20,-1.586218155,0.03280510514,1.150806039,0.0231803691,0.17,0.7557990816
2024-10-21,-1.556832928,0.04491051737,1.495843508,0.0217015263,0.14,0.7497853922
2024-10-22,-1.543462043,0.04349559179,1.568223184,0.02290774529,0.33,0.8456141502
2024-10-23,-1.530306392,0.04208020668,1.459638414,0.02334658195,0.29,0.7909254761
2024-10-24,-1.517359474,0.04066435303,1.228473186,0.02107276713,0.29,1.093909383
2024-10-25,-1.504615058,0.03924802178,1.218737817,0.01876129626,0.16,1.038351945
2024-10-26,-1.492067166,0.02571492825,1.209116933,0.01956149459,0.21,1.398587944
2024-10-27,-1.479710062,0.02571492825,1.199607852,0.01956149459,0.21,1.386517831
2024-10-28,1.52880333,2.651922221,-0.04368851297,0.0178592287,0.2,1.374619299
2024-10-29,1.51639925,2.606084038,-0.2665361326,0.01748782228,0.22,1.209035443
2024-10-30,1.504182975,2.562176917,-1.055172925,0.01610568179,0.21,1.066782059
2024-10-31,1.492149165,2.520063563,-0.4077346187,0.01397456113,0.19,1.352310344
2024-11-01,1.480292691,2.479619997,-0.5507804353,0.01478527084,0.2,2.144203816
2024-11-02,1.468608622,-0.02269401019,-0.5615023947,0.0148568269,0.29,1.754375214
2024-11-03,1.457092214,-0.02269401019,-0.5724647595,0.0148568269,0.29,1.735733905
2024-11-04,-0.8753989048,-1.996475447,-0.4459017856,0.0148568269,0.29,1.717485782
2024-11-05,-0.8718162717,-1.974851148,-0.7296373993,0.008727058984,0.28,1.727528362
2024-11-06,-0.8682500111,-1.953744321,-0.7391612298,0.005081360678,0.24,1.294017482
2024-11-07,-0.8646999488,-1.933133167,-1.744482192,0.01282146316,0.25,0.09767549652
2024-11-08,-0.8611659132,-1.912997156,-2.052295977,0.006911800901,0.21,-0.2074063835
2024-11-09,-0.8576477347,0.009831750241,-2.036481157,0.01341688287,0.18,-0.2834434736
2024-11-10,-0.8541452463,0.009831750241,-2.02094867,0.01341688287,0.18,-0.2858249238
2024-11-11,-0.0178033241,0.7021213076,-2.098376921,0.008880448152,0.07,-0.2882133472
2024-11-12,-0.01851785991,0.6988859412,-2.822811955,0.009407550958,0.08,-0.2815864083
2024-11-13,-0.01923251618,0.6956620501,-2.741927588,0.01670581612,0.15,-0.355880863
2024-11-14,-0.01994729406,0.6924495141,-2.506948053,0.01963253548,0.18,-0.5515277929
2024-11-15,-0.02066219468,0.6892482144,-2.230954999,0.01918778915,0.14,-0.4688544281
2024-11-16,-0.02137721919,-0.00294824832,-2.212107817,0.01825127096,0.14,0.05011759152
2024-11-17,-0.02209236874,-0.00294824832,-2.193642233,0.01825127096,0.14,0.04854849615
2024-11-18,-1.68780772,-1.380319233,-1.256651992,0.01664321724,0.11,0.04697877477
2024-11-19,-1.678300291,-1.373113364,-0.2630459913,0.0139619033,0.1,-0.1128401969
2024-11-20,-1.668905899,-1.365975902,0.03888471186,0.01269155304,0.1,0.1035950671
2024-11-21,-1.659622131,-1.358905623,0.8275942169,0.0166764424,0.11,0.3306853141
2024-11-22,-1.650446645,-1.351901332,1.390652725,0.01840512917,0.05,0.2453011191
2024-11-23,-1.641377171,0.01211253976,1.379220887,0.02134164907,0.03,-0.2204679489
2024-11-24,-1.632411503,0.01211253976,1.367946196,0.02134164907,0.03,-0.2214782506
2024-11-25,-0.02617130764,1.349458704,0.9919202779,0.02312298791,0.04,-0.2224894197
2024-11-26,-0.02611454583,1.343738554,0.9654301762,0.01960286849,-0.01,-0.4055081071
2024-11-27,-0.02605778421,1.338062497,0.9062811316,0.01373549662,-0.02,-0.5486487897
2024-11-28,-0.02600102281,1.332429892,0.9368870255,0.01639350831,0.01,-0.550314701
2024-11-29,-0.02594426161,1.326840112,0.3054415799,0.009869319507,0.04,-0.6090816805
2024-11-30,-0.02588750062,0.0002342919163,0.3271562036,0.007952629815,-0.03,-0.7214131457
2024-12-01,-0.02583073983,0.0002342919163,0.3504107853,0.007952629815,-0.03,-0.7222152542
2024-12-02,0.366234088,0.3240220611,-0.09877546964,0.007952629815,-0.03,-0.7230183175
2024-12-03,0.3643823935,0.3224569155,-0.5454146657,0.002768658471,-0.15,-0.7719681711
2024-12-04,0.362532787,0.3208931398,-1.19642764,-5.513669174e-06,-0.14,-0.7835332451
2024-12-05,0.3606852484,0.3193307222,-1.202179869,-0.001922024543,-0.2,-0.7418129967
2024-12-06,0.3588397579,0.3177696505,-1.358223822,-0.003595387312,-0.18,-0.7169691427
2024-12-07,0.3569962955,-0.007259720269,-1.362869788,-0.001551013203,-0.19,-0.937220493
2024-12-08,0.3551548416,-0.007259720269,-1.367547852,-0.001551013203,-0.19,-0.9367158061
2024-12-09,-2.59562908,-2.444476593,-1.37225842,0.0006595342188,-0.17,-0.936211496
2024-12-10,-2.551116961,-2.405841964,-1.128422792,0.001572001133,-0.12,-0.5302165429
2024-12-11,-2.508447595,-2.36865064,-0.726794467,0.0006068726356,-0.13,-0.5324702543
2024-12-12,-2.467491811,-2.332810446,-0.2650383245,-0.002017234611,-0.13,-0.7031734557
2024-12-13,-2.428132793,-2.298237259,-0.8245109956,-0.004044835226,-0.07,-0.6026148209
2024-12-14,-2.390264604,0.05141225819,-0.819335098,-0.00126773734,0,-0.6310698007
2024-12-15,-2.353790909,0.05141225819,-0.8141873676,-0.00126773734,0,-0.6280547037
2024-12-16,-1.784259131,0.5151078371,-1.623469047,0.002478841653,0.09,-0.6250487201
2024-12-17,-1.765508382,0.5113443989,-1.359940121,-0.001266576735,0.05,-0.3731796127
2024-12-18,-1.747157454,0.5075892454,-1.350720082,0.005391872765,0.1,-0.03736380504
2024-12-19,-1.729190826,0.5038422162,-1.836151535,0.006476082337,0.19,3.234006345
2024-12-20,-1.7115938,0.5001031522,-1.531901467,0.01624903816,0.36,2.215694136
2024-12-21,-1.694352453,0.03304462634,-1.521375307,0.01037448313,0.31,0.6283465327
2024-12-22,-1.677453576,0.03304462634,-1.510988406,0.01037448313,0.31,0.6268440931
2024-12-23,-2.232646057,-0.4845126789,2.160225953,0.006023887886,0.3,0.6253443554
2024-12-24,-2.201725647,-0.4825719049,1.501337796,0.01059890592,0.32,0.1917527175
2024-12-25,-2.171783549,-0.480634442,1.489092293,0.01246712224,0.34,-0.4983731743
2024-12-26,-2.142766055,-0.4787002651,1.475712436,0.01510022258,0.32,-0.4941510257
2024-12-27,-2.114623505,-0.4767693492,1.317943117,0.01298386588,0.32,-0.3633264506
2024-12-28,-2.087309892,0.0415456141,1.306727352,0.01390818388,0.37,-0.0224645575
2024-12-29,-2.06078253,0.0415456141,1.295656622,0.01390818388,0.37,-0.01944966531
2024-12-30,-2.768834683,-0.6739769347,1.775724191,0.01462818162,0.35,-0.01642828023
2024-12-31,-2.717029441,-0.6713943326,-1.018520998,0.01467819813,0.31,0.3858799804
2025-01-01,-2.667609128,-0.6688192916,-1.011154068,0.01915043402,0.28,0.3700644105
2025-01-02,-2.620389477,-0.6662517478,-0.4375986099,0.01828907114,0.24,0.3684435637
2025-01-03,-2.575205598,-0.6636916379,-0.4324580618,0.01688953543,0.16,0.5264054051
2025-01-04,-2.531909431,0.05140629963,-0.427314862,0.01684004977,0.19,0.02566345496
2025-01-05,-2.490367598,0.05140629963,-0.4221684814,0.01684004977,0.19,0.02445567172
2025-01-06,-2.330930435,0.1821856891,-0.4689926555,0.01716682892,0.19,0.02324754825
2025-01-07,-2.296642475,0.1848158415,-0.4197403534,0.008107177562,0.19,-0.00325119914
2025-01-08,-2.263528424,0.187453582,-0.4197959813,0.007608792731,0.11,0.4884947131
2025-01-09,-2.231519131,0.1900990004,-0.4208321295,0.003435258706,-0.01,0.4524834988
2025-01-10,-2.200551028,0.1927521874,-0.4243281136,0.01086611464,0.06,0.5512575276
2025-01-11,-2.170565562,0.06383056317,-0.4278429543,0.01543008609,0.11,0.9516679833
2025-01-12,-2.141508694,0.06383056317,-0.4313769136,0.01543008609,0.11,0.9443203356
2025-01-13,0.6496631426,3.085735018,0.5315435857,0.01219231797,0.07,0.9370254972
2025-01-14,0.6475241139,3.016658031,0.3850926164,0.01327435352,0.1,0.8336274494
2025-01-15,0.6453903537,2.951472694,0.04403573293,0.00813089217,0.1,0.6950331214
2025-01-16,0.6432618245,2.889816225,0.04267792,0.006828334745,0.01,-0.02542706955
2025-01-17,0.6411384894,2.831371584,-0.5845968134,0.007676138575,-0.09,0.1035541093
2025-01-18,0.6390203116,-0.008465348184,-0.5820606604,0.008064616582,-0.08,-0.07538051172
2025-01-19,0.6369072548,-0.008465348184,-0.5795308526,0.008064616582,-0.08,-0.07932501649
2025-01-20,0.6338637635,-0.00995408145,-0.5765943214,0.005165326947,-0.04,-0.08328773823
2025-01-21,0.6340894308,-0.008100849321,0.1921790162,0.001612036124,-0.04,-0.1306080411
2025-01-22,0.6343151683,-0.006246084428,-0.6692153679,-0.006670921081,-0.05,-0.342675117
2025-01-23,0.6345409763,-0.004389764564,-0.7137810012,-0.008648244474,-0.03,-0.3351139778
2025-01-24,0.6347668548,-0.002531867419,-1.565604318,-0.009557872132,-0.03,-0.3612299393
2025-01-25,0.6349928037,0.0008156638859,-1.550902074,-0.01539085463,-0.06,-0.4133258155
2025-01-26,0.6352188233,0.0008156638859,-1.536452693,-0.01539085463,-0.06,-0.4176266707
2025-01-27,1.330243022,0.716207728,-1.575007266,-0.008378067186,-0.08,-0.4219576407
2025-01-28,1.321124292,0.7110016937,-3.653938982,-0.004057132638,-0.16,0.4374853292
2025-01-29,1.312110425,0.7058176717,-1.816518979,-0.006172987756,-0.14,0.008849785841
2025-01-30,1.303199059,0.7006552365,-0.7544963755,-0.00727784924,-0.14,0.04692280188
2025-01-31,1.294387905,0.6955139684,-0.1089342915,-0.01359859055,-0.2,-0.1627956961
2025-02-01,1.285674745,-0.0233962977,-0.1089338892,-0.01065402598,-0.18,0.00116374135
2025-02-02,1.277057427,-0.0233962977,-0.1089334868,-0.01065402598,-0.18,-0.003983746735
2025-02-03,-0.9237019833,-2.296691626,0.6332493531,-0.01198465411,-0.18,-0.00916627813
2025-02-04,-0.9164241672,-2.263584474,1.279825487,-0.00210386053,-0.25,0.618837543
2025-02-05,-0.9091950181,-2.231581724,0.1990748385,-0.008520291125,-0.16,0.2053398192
2025-02-06,-0.9020133979,-2.200619838,-0.3170647522,-0.01128665904,-0.18,-0.2150844348
2025-02-07,-0.8948781909,-2.170640292,-0.1356259614,-0.009917682157,-0.17,-0.2949654033
2025-02-08,-0.8877883029,0.03576554165,-0.1402358685,-0.008160734103,-0.13,0.003530084353
2025-02-09,-0.8807426603,0.03576554165,-0.1448758178,-0.008160734103,-0.13,-0.0006611865963
2025-02-10,0.6547597715,1.554715704,0.4619172556,-0.008160734103,-0.13,-0.004871235998
2025-02-11,0.6579827318,1.542419423,0.7382286965,0.001737334628,-0.12,-0.2223114397
2025-02-12,0.6612225546,1.530308554,1.294399662,0.000716844761,-0.12,-0.1643193332
2025-02-13,0.6644794348,1.518377899,0.218483416,0.0008782041583,-0.07,-0.2069003295
2025-02-14,0.6677535703,1.506622457,-0.1522948014,0.003389269354,-0.12,-0.4438790883
2025-02-15,0.6710451623,0.009812618601,-0.1491447705,-0.002447805644,-0.16,-0.545927954
2025-02-16,0.6743544152,0.009812618601,-0.1459909747,-0.002447805644,-0.16,-0.5504635251
2025-02-17,-0.5338338191,-1.154985902,-0.1437235649,-0.007354915872,-0.09,-0.5550339925
2025-02-18,-0.5296797774,-1.150877442,-1.022460138,-0.008829006787,-0.09,-0.3802077222
2025-02-19,-0.5255351271,-1.146792283,-0.3237586728,-0.008190628462,-0.05,-0.390032781
2025-02-20,-0.5213996538,-1.142730165,0.8296935416,-0.002878211153,-0.06,-0.4192864627
2025-02-21,-0.5172731444,-1.138690831,2.611920882,-0.01066446248,-0.11,-0.3077017498
2025-02-22,-0.5131553872,0.019726242,2.572117918,-0.01044497785,-0.16,0.4561224478
2025-02-23,-0.5090461721,0.019726242,2.533879906,-0.01044497785,-0.16,0.450627575
2025-02-24,-0.6275971561,-0.09767429741,5.766847378,-0.01524448334,-0.09,0.4451271596
2025-02-25,-0.6278997631,-0.1021014171,5.952239565,-0.007151761439,-0.1,0.6731077775
2025-02-26,-0.6282024967,-0.1065543723,4.764554841,-0.004687630641,-0.09,0.8035413168
2025-02-27,-0.6285053571,-0.1110337178,3.457413422,-0.007172291787,-0.14,0.6964851929
2025-02-28,-0.6288083444,-0.1155400225,2.55051395,-0.003572396309,-0.15,1.30710746
2025-03-01,-0.6291114588,-0.00103691838,2.508783418,-0.00115783638,-0.21,0.8414320718
2025-03-02,-0.6294147004,-0.00103691838,2.468697072,-0.00115783638,-0.21,0.83458141
2025-03-03,0.5945171146,1.183285269,-0.2696534569,-0.002780667018,-0.21,0.8277669859
2025-03-04,0.5942914447,1.183393112,-1.048880326,-0.005311752037,-0.28,1.776115328
2025-03-05,0.5940658409,1.183500973,-0.9738744175,-0.002588662872,-0.29,1.977075527
2025-03-06,0.5938403032,1.183608851,-1.035542789,-0.01086141473,-0.14,1.483888471
2025-03-07,0.5936148314,1.183716747,-1.135947519,-0.008173081839,-0.09,2.346535926
2025-03-08,0.5933894256,-0.0008136488924,-1.133491281,-0.009183706373,-0.05,1.874606719
2025-03-09,0.5931640856,-0.0008136488924,-1.131043659,-0.009183706373,-0.05,1.856136301
2025-03-10,0.5146135599,-0.07766263472,-1.430596601,-0.009183706373,-0.05,1.838099488
2025-03-11,0.5094542297,-0.08350612342,-1.325306502,-0.008033586141,-0.19,3.115745922
2025-03-12,0.5042995873,-0.08940424653,-1.012305114,-0.01319954248,-0.11,2.79036483
2025-03-13,0.4991491682,-0.09535865658,-0.434874669,-0.009803906143,-0.06,1.985468456
2025-03-14,0.4940025054,-0.1013710696,0.6155665448,-0.008948347029,-0.02,2.087153245
2025-03-15,0.4888591295,-0.02875382891,0.614975884,-0.0113779369,0.01,1.241341151
2025-03-16,0.4837185682,-0.02875382891,0.6143856706,-0.0113779369,0.01,1.232112061
2025-03-17,-1.730738735,-2.178948668,1.194876239,-0.01177667481,0.03,1.223003631
2025-03-18,-1.72132334,-2.150383427,1.596101244,-0.01575188891,0.1,0.8502893933
2025-03-19,-1.712018041,-2.122668722,1.178178508,-0.01409623655,0.1,1.188254888
2025-03-20,-1.702820539,-2.095760492,0.9980142993,-0.01695548346,0.02,0.6568020374
2025-03-21,-1.693728602,-2.069617814,0.2879090178,-0.01789437989,0.07,0.6214539197
2025-03-22,-1.684740063,0.01310607548,0.2859085851,-0.0156890564,0.06,0.4628118171
2025-03-23,-1.675852817,0.01310607548,0.2839095686,-0.0156890564,0.06,0.4568368839
2025-03-24,-0.7671953599,0.8856722372,2.496967709,-0.01160156556,0.12,0.450847211
2025-03-25,-0.761784082,0.8897944009,2.201492576,-0.01407068625,0.11,-0.09017773658
2025-03-26,-0.7563990946,0.8939446804,2.209240111,-0.003561152217,0.02,-0.1941447023
2025-03-27,-0.7510399136,0.8981234597,1.961491437,0.001003093334,0.03,0.1552969843
2025-03-28,-0.7457060626,0.9023311298,1.844700741,0.003025843498,0,0.2602626714
2025-03-29,-0.7403970726,0.02354838334,1.82668721,0.003471147328,-0.09,1.140981663
2025-03-30,-0.7351124818,0.02354838334,1.80904679,0.003471147328,-0.09,1.132321639
2025-03-31,-1.391635658,-0.6245309181,-0.1295395829,0.001193493205,-0.01,1.123747877
2025-04-01,-1.380136372,-0.6192931094,0.176661923,0.005250476613,-0.12,1.300690518
2025-04-02,-1.368804357,-0.6140699813,-0.06931155372,0.004507954466,-0.15,1.139512893
2025-04-03,-1.357635263,-0.6088611006,-0.00932226903,0.002999926192,-0.1,1.055654719
2025-04-04,-1.34662492,-0.6036660365,0.4186469401,-0.007658269037,-0.23,3.482252158
2025-04-05,-1.335769321,0.05096331903,0.4182220282,0.0009443554277,-0.18,7.054610695
2025-04-06,-1.325064623,0.05096331903,0.4177972975,0.0009443554277,-0.18,6.421907938
2025-04-07,-0.292720943,1.059529863,-0.1931712939,0.003542348655,-0.19,5.930161541
2025-04-08,-0.293242144,1.052150424,-0.979348639,0.01067990565,-0.03,5.83069751
2025-04-09,-0.2937635934,1.044856127,-0.8547392823,0.008475317288,0.1,6.321716901
2025-04-10,-0.2942852916,1.037646347,0.2693222011,0.005103782196,0.14,2.759767433
2025-04-11,-0.2948072391,1.030520546,1.136313389,-0.009336498033,0.29,3.927380707
2025-04-12,-0.2953294366,-0.002360637652,1.128077179,-0.0178319272,0.36,3.283594229
2025-04-13,-0.2958518846,-0.002360637652,1.119920989,-0.0178319272,0.36,3.209704588
2025-04-14,1.110093041,1.403907971,1.829239157,-0.01726922333,0.3,3.140089353
2025-04-15,1.1113569,1.40713339,2.436680037,-0.01898955602,0.19,2.049418546
2025-04-16,1.112623195,1.410373927,2.48859124,-0.01949041639,0.18,1.910827078
2025-04-17,1.113891933,1.413629713,1.710839108,-0.02445502071,0.13,2.322534332
2025-04-18,1.115163124,1.416900878,1.693715982,-0.02601592961,0.21,1.802808735
2025-04-19,1.116436778,0.002745081341,1.67693134,-0.02714946444,0.21,1.785318729
2025-04-20,1.117712902,0.002745081341,1.660472866,-0.02714946444,0.21,1.768182627
2025-04-21,1.086555236,-0.0302380576,-0.0797105439,-0.02936684884,0.26,1.751387551
2025-04-22,1.088687763,-0.02986537369,0.254948148,-0.03258068649,0.36,2.404549999
2025-04-23,1.090827338,-0.02949268918,-0.8625783693,-0.03136228439,0.26,1.852362514
2025-04-24,1.092974005,-0.02912000391,-0.7197525684,-0.01368057493,0.33,1.494200779
2025-04-25,1.095127809,-0.02874731772,-1.156513168,-0.0229531312,0.19,1.164562444
2025-04-26,1.097288797,0.00460958505,-1.149899364,-0.0232654998,0.19,0.8945046617
2025-04-27,1.099457014,0.00460958505,-1.14334188,-0.0232654998,0.19,0.8876108403
2025-04-28,-0.4449140696,-1.528336004,-0.8911949806,-0.03108456952,0.06,0.8807609524
2025-04-29,-0.4419571663,-1.522677976,-1.53282863,-0.03270516794,-0.06,0.9235022365
2025-04-30,-0.4390052925,-1.51706228,-0.3499766156,-0.03185393436,-0.11,0.7599591073
2025-05-01,-0.4360583695,-1.51148834,-0.7598539665,-0.01996098778,-0.27,0.8391589213
2025-05-02,-0.4331163191,-1.50595559,-0.58829459,-0.007061974918,-0.28,0.8176360982
2025-05-03,-0.4301790635,0.01400249623,-0.5831175835,-0.01225725973,-0.22,0.5048875181
2025-05-04,-0.4272465255,0.01400249623,-0.5779521627,-0.01225725973,-0.22,0.5006373782
2025-05-05,-0.8378775672,-0.3933200598,-0.4656489213,-0.009409686899,-0.09,0.4963950107
2025-05-06,-0.8316042958,-0.3904369507,-0.9372063308,-0.0122374289,-0.08,0.6458100602
2025-05-07,-0.825366661,-0.387557544,-1.153455065,-0.009983581077,-0.08,0.8195211923
2025-05-08,-0.8191639234,-0.3846817677,-0.9019452674,-0.008225466134,-0.1,0.6207442622
2025-05-09,-0.8129953565,-0.38180955,-0.8149847288,-0.001867684665,-0.03,0.4447562755
2025-05-10,-0.8068602465,0.0282214552,-0.8121210189,-0.003800417119,-0.03,0.3474871977
2025-05-11,-0.8007578919,0.0282214552,-0.8092677828,-0.003800417119,-0.03,0.3434022892
2025-05-12,0.7995208929,1.594664266,-0.8633924587,0.001672737084,-0.12,0.3393167183
2025-05-13,0.8066086072,1.587926518,-0.279470423,0.008730777871,0.02,-0.2281867047
2025-05-14,0.8137859894,1.581247616,-0.3876691432,-0.0005437910282,0.06,-0.2539769217
2025-05-15,0.8210553201,1.574626633,-0.8002088664,-0.002037826286,0.14,-0.1877665802
2025-05-16,0.8284189621,1.568062657,-1.398221925,-0.0005566143525,0.09,-0.3137593014
2025-05-17,0.8358793643,0.0170813806,-1.386069731,0.001529061942,0.07,-0.4055929641
2025-05-18,0.8434390655,0.0170813806,-1.374090737,0.001529061942,0.07,-0.4023185351
2025-05-19,-1.368597996,-2.070771812,-2.037749759,0.002901784259,0.11,-0.3990482147
2025-05-20,-1.358191229,-2.062722356,-1.905639727,-0.001433996985,0.14,-0.2530771453
2025-05-21,-1.347917807,-2.054747546,-1.596787521,-0.002220371459,0.19,-0.260474055
2025-05-22,-1.337774378,-2.046846176,-1.321402563,-0.01129522781,0.23,0.1856132985
2025-05-23,-1.327757703,-2.03901707,-0.5330442678,-0.003700522955,0.14,0.08847787314
2025-05-24,-1.317864652,0.02502282752,-0.5285209848,-0.009081914378,0.12,0.4090297488
2025-05-25,-1.3080922,0.02502282752,-0.5240067812,-0.009081914378,0.12,0.4054441999
2025-05-26,0.8851774779,2.091660629,-0.5195759926,-0.007178068612,0.1,0.401862648
2025-05-27,0.8813734333,2.066650896,0.1947473723,-0.005391599756,0.14,0.1221644737
2025-05-28,0.8775877292,2.042312546,-0.02329504237,-0.00415257499,0.1,-0.1386113457
2025-05-29,0.8738201597,2.018614062,0.2248275309,-0.006256272565,0.07,-0.08280497096
2025-05-30,0.8700705217,1.995525964,0.8274477241,-0.007814291812,0.03,-0.1056872074
2025-05-31,0.8663386153,-0.01160973729,0.8237172416,-0.006135369914,-0.01,-0.2059249277
2025-06-01,0.8626242432,-0.01160973729,0.8200036592,-0.006135369914,-0.01,-0.2076077152
2025-06-02,0.9959437262,0.1153546568,0.4329670827,-0.01391976276,-0.09,-0.209293207
2025-06-03,0.9914941483,0.1151846362,0.8400990691,-0.01439675077,-0.04,-0.2450468108
2025-06-04,0.9870704855,0.1150146243,1.080471386,-0.009907511416,-0.02,-0.3553431187
2025-06-05,0.9826724112,0.114844621,0.7749352151,-0.01435871464,-0.05,-0.3700158671
2025-06-06,0.9782996045,0.1146746264,0.3375629598,-0.01717751234,0.02,-0.2310888624
2025-06-07,0.9739517495,-0.01244971752,0.336722647,-0.01554109448,0.11,-0.5086443455
2025-06-08,0.9696285359,-0.01244971752,0.3358828633,-0.01554109448,0.11,-0.5084910815
2025-06-09,-1.107553434,-1.938076658,0.1982417155,-0.01027294872,0.1,-0.5083378456
2025-06-10,-1.10001612,-1.917265762,0.1138690934,-0.01152388123,0.05,-0.4453488142
2025-06-11,-1.0925766,-1.896964624,-0.1586875394,-0.00575854048,-0.05,-0.4777552948
2025-06-12,-1.085234309,-1.877152425,-0.320195915,-0.01192941171,-0.06,-0.426245555
2025-06-13,-1.077988792,-1.85780958,0.02815864649,-0.009979923169,-0.07,-0.3012780144
2025-06-14,-1.070839711,0.05022579816,0.02743025903,-0.008726048061,-0.05,0.1519747306
2025-06-15,-1.063786844,0.05022579816,0.02670181744,-0.008726048061,-0.05,0.1509348984
2025-06-16,-1.52745936,-0.3792488119,0.4028988503,-0.008726048061,-0.05,0.1498952731
2025-06-17,-1.513173317,-0.3815372289,0.3475130264,-0.01195132962,0.05,-0.1253028981
2025-06-18,-1.499124943,-0.3838327165,0.7485287005,-0.01216505122,-0.07,0.2786899114
2025-06-19,-1.485306577,-0.3861353382,0.7445521187,-0.00683767996,-0.04,0.04221054348
2025-06-20,-1.471710894,-0.3884451586,1.034023521,-0.008515415456,0,0.3707978396
2025-06-21,-1.458330881,0.0412088768,1.026710933,-0.005967114351,-0.02,0.1191850897
2025-06-22,-1.445159824,0.0412088768,1.019459024,-0.005967114351,-0.02,0.119080759
2025-06-23,-1.816310662,-0.3194015633,0.9293891475,-0.001215465875,-0.08,0.1189764317
2025-06-24,-1.798809468,-0.3226128477,1.340190776,-0.002385986405,-0.1,-0.009291226141
2025-06-25,-1.781662511,-0.3258386699,1.045084689,-0.005694983805,-0.05,-0.3884581475
2025-06-26,-1.764856929,-0.3290792227,0.4647702553,-0.005175281664,-0.1,-0.5031844805
2025-06-27,-1.748380509,-0.3323347024,0.3343171707,-0.0125114517,-0.22,-0.528845478
2025-06-28,-1.732221637,0.028232882,0.335572196,-0.01239672832,-0.2,-0.5712252502
2025-06-29,-1.716369264,0.028232882,0.3368289953,-0.01239672832,-0.2,-0.5698544697
2025-06-30,-1.806308808,-0.07574481364,0.2074603714,-0.01034899425,-0.18,-0.5684858122
2025-07-01,-1.788679779,-0.07529435831,-0.6458374698,-0.01354581015,-0.23,-0.5008930674
2025-07-02,-1.771409772,-0.07484392585,-0.8736768011,-0.01031122758,-0.17,-0.4836790074
2025-07-03,-1.75448564,-0.074393516,-0.7132745531,-0.007227955194,-0.11,-0.5124731691
2025-07-04,-1.7378949,-0.07394312846,-0.7076300391,-0.009028086549,-0.11,-0.5524398857
2025-07-05,-1.721625689,0.03048070863,-0.7020079324,-0.009028086549,-0.11,-0.3728398687
2025-07-06,-1.705666727,0.03048070863,-0.6964076978,-0.009028086549,-0.11,-0.3709171681
2025-07-07,-1.034435085,0.7088687717,-0.6932326264,-0.007642532863,-0.14,-0.368996726
2025-07-08,-1.027031413,0.7172042805,-0.8189349065,-0.007341616268,-0.03,-0.3176122944
2025-07-09,-1.019704635,0.7256701019,-0.716269733,-0.007399952787,0,-0.4739205402
2025-07-10,-1.012453942,0.7342703996,-0.2483254847,-0.008277941365,-0.06,-0.6109779048
2025-07-11,-1.005278594,0.7430095266,-0.06647620287,-0.009967713366,-0.04,-0.6319271088
2025-07-12,-0.9981779219,0.05366967789,-0.06768171687,-0.009248121295,0.01,-0.528347697
2025-07-13,-0.9911513292,0.05366967789,-0.06888795694,-0.009248121295,0.01,-0.524687319
2025-07-14,-1.550602995,-0.5346446826,-0.17616559,-0.0102996301,0.02,-0.5210355919
2025-07-15,-1.536339185,-0.5398954973,-0.1773261588,-0.001193042799,0.03,-0.3891740019
2025-07-16,-1.52231497,-0.5451945612,-0.07399201347,0.001470079845,0.08,-0.3581297139
2025-07-17,-1.508522679,-0.5505428749,0.1310685295,0.006455759576,0.07,-0.394214775
2025-07-18,-1.494954974,-0.5559414676,-0.2152332704,0.008184925497,0.04,-0.4983566938
2025-07-19,-1.481604834,0.0371538409,-0.2201669273,0.005824885717,0.03,-0.5173260477
2025-07-20,-1.468465535,0.0371538409,-0.2251387114,0.005824885717,0.03,-0.5185778584
2025-07-21,-1.15308445,0.364283426,-0.5725357318,0.007932413691,0.08,-0.5198318257
2025-07-22,-1.143800107,0.3652425441,-0.2615454893,0.005467406715,0.01,-0.4824985452
2025-07-23,-1.134610715,0.3662027016,0.4550183227,0.003162517173,-0.04,-0.5082502541
2025-07-24,-1.125513944,0.3671639024,0.1508033756,0.002780149315,0.01,-0.6922146142
2025-07-25,-1.116507534,0.3681261503,0.5789040476,0.00275247362,-0.04,-0.6900463197
2025-07-26,-1.107589287,0.04132511164,0.5728271437,0.006268964141,-0.06,-0.7633044512
2025-07-27,-1.098757072,0.04132511164,0.5667502629,0.006268964141,-0.06,-0.7621328507
2025-07-28,-0.08142184378,1.128484197,1.031668194,0.003056342538,-0.09,-0.7609631274
2025-07-29,-0.0817212603,1.11948861,0.6108787997,0.00649047749,-0.09,-0.7442704097
2025-07-30,-0.08202070536,1.110581815,-0.1314635503,0.01032563803,-0.1,-0.5905137803
2025-07-31,-0.08232017906,1.101761686,-0.2105987969,0.01310058973,-0.05,-0.66979732
2025-08-01,-0.08261968147,1.093026155,-0.5047785741,0.01500649592,-0.08,-0.4695425753
2025-08-02,-0.08291921268,-0.001594721668,-0.4998737412,0.0107637169,-0.16,0.1179843812
2025-08-03,-0.08321877278,-0.001594721668,-0.4949744601,0.0107637169,-0.16,0.1148027897
2025-08-04,-1.527693293,-1.556000539,-0.6263372252,0.008245654458,-0.14,0.1116162227
2025-08-05,-1.513446391,-1.541710384,-0.3775739372,0.003944884471,-0.24,-0.3536123065
2025-08-06,-1.49943646,-1.527665518,-0.2654510788,0.0040749891,-0.19,-0.3029902579
2025-08-07,-1.485655885,-1.513858167,-0.480101913,-0.001079258346,-0.16,-0.4805627969
2025-08-08,-1.472097385,-1.500280902,0.202871227,0.001232177872,-0.15,-0.5154333795
2025-08-09,-1.45875399,0.04974384894,0.2024271954,-0.0001919306059,-0.15,-0.7482168008
2025-08-10,-1.445619023,0.04974384894,0.2019832594,-0.0001919306059,-0.15,-0.7499809679
2025-08-11,1.766648942,3.448754382,0.3890001516,0.002806757886,-0.1,-0.7517499716
2025-08-12,1.757239429,3.358335605,0.6564016807,0.008424060628,-0.09,-0.575048892
2025-08-13,1.74793912,3.274005058,0.5411571998,0.00588694293,-0.12,-0.8250715826
2025-08-14,1.738745762,3.195093832,0.8383995198,0.004713698832,-0.11,-0.8655548615
2025-08-15,1.729657165,3.121031777,-0.04321642047,0.005491487736,-0.06,-0.8113763129
2025-08-16,1.720671202,-0.01307292956,-0.04687699053,0.002933682931,-0.01,-0.7714232037
2025-08-17,1.711785805,-0.01307292956,-0.05055146802,0.002933682931,-0.01,-0.774063426
2025-08-18,-0.8046767872,-2.507350218,0.27594054,-0.00229822352,-0.03,-0.776714835
2025-08-19,-0.8039247454,-2.4881167,-0.1655802318,-0.003349662802,0.05,-0.7940445737
2025-08-20,-0.8031735081,-2.469254276,-0.466318973,-0.005615950684,-0.01,-0.7000199815
2025-08-21,-0.8024230736,-2.450750744,-0.8452570562,-0.007766120883,-0.04,-0.6824437445
2025-08-22,-0.8016734398,-2.432594462,-0.7097875788,-0.001055174314,0.04,-0.5348591169
2025-08-23,-0.800924605,0.0022720263,-0.7093490347,-0.007712094987,-0.05,-0.9283262992
2025-08-24,-0.8001765672,0.0022720263,-0.708910757,-0.007712094987,-0.05,-0.9288361574
2025-08-25,0.9245466194,1.666591314,-1.088361484,-0.005856054301,0,-0.9293464107
2025-08-26,0.9181851987,1.652547934,-0.9253864596,-0.00402619508,0.01,-0.8352732963
2025-08-27,0.9118671549,1.638741729,-0.4931435634,0.0001593252575,-0.04,-0.8620067354
2025-08-28,0.9055916806,1.625165392,0.1324032032,0.001851386216,-0.07,-0.8172677915
2025-08-29,0.8993579852,1.611811922,0.788602571,-0.0006099744958,-0.07,-0.8799492478
2025-08-30,0.8931652947,-0.02376801557,0.7820407001,-0.00103629182,-0.06,-0.7234945485
2025-08-31,0.8870128512,-0.02376801557,0.7755080708,-0.00103629182,-0.06,-0.7208521866
2025-09-01,0.9436722668,0.03565064712,0.7780443963,-0.003985443602,-0.05,-0.7182181745
2025-09-02,0.9363553065,0.03397856223,1.708912327,-0.0005437602267,-0.09,-0.5923114294
2025-09-03,0.9290899731,0.03230557079,2.732888835,0.004609173395,0,-0.4216166368
2025-09-04,0.9218751068,0.03063165733,1.977312974,-0.001155459921,-0.08,-0.5589073274
2025-09-05,0.9147095723,0.02895680633,1.50515713,0.003533389786,-0.16,-0.7330086337
2025-09-06,0.9075922582,-0.0322254648,1.495997554,-0.001740934055,-0.22,-0.7520767165
2025-09-07,0.9005220756,-0.0322254648,1.486945342,-0.001740934055,-0.22,-0.7513097551
2025-09-08,1.517761152,0.5678037832,0.9742733282,-0.003599801596,-0.23,-0.7505436114
2025-09-09,1.504944902,0.5633789867,-0.1397091904,-0.005179651829,-0.25,-0.7599469687
2025-09-10,1.492346356,0.5589654918,-1.300342424,-0.005123547204,-0.22,-0.7693060733
2025-09-11,1.479959582,0.5545630394,-0.7096222423,-0.007944878073,-0.25,-0.7163779608
2025-09-12,1.467778919,0.5501713726,-0.6833119681,-0.002693772895,-0.18,-0.8187328876
2025-09-13,1.455798966,-0.05419591193,-0.6821033349,-0.001798342831,-0.15,-0.8091056016
2025-09-14,1.444014571,-0.05419591193,-0.6808965917,-0.001798342831,-0.15,-0.8077073364
2025-09-15,-0.02552146465,-1.453689681,-0.9632190619,-0.002991993118,-0.17,-0.8063117741
2025-09-16,-0.0307052804,-1.441729326,-0.5744084246,-0.007989884458,-0.16,-0.6532672406
2025-09-17,-0.0359260835,-1.429942417,-0.2894346756,-0.01319170296,-0.14,-0.5420865243
2025-09-18,-0.04118487548,-1.418324106,-0.7023700667,-0.009157696481,-0.13,-0.645434864
2025-09-19,-0.04648268969,-1.406869728,-0.5207586894,-0.004547110763,-0.09,-0.6467186082
2025-09-20,-0.05182059265,-0.02390255029,-0.5204500786,-0.003513903378,-0.07,-0.68439436
2025-09-21,-0.05719968561,-0.02390255029,-0.5201415815,-0.003513903378,-0.07,-0.6811040447
2025-09-22,-0.2528643149,-0.2007877023,1.476056645,-0.003513903378,-0.07,-0.6778252009
2025-09-23,-0.248528136,-0.1932975085,1.815997688,-0.007196497953,-0.09,-0.5692111168
2025-09-24,-0.2441837576,-0.1857021033,1.513150955,-0.007344081417,-0.07,-0.479459122
2025-09-25,-0.2398308355,-0.1779954154,1.558117785,-0.004903823939,-0.01,-0.5546197789
2025-09-26,-0.2354690202,-0.1701709164,1.543280712,0.003443820851,0.07,-0.4632906671
2025-09-27,-0.2310979567,0.02288204761,1.528699047,0.002553105765,0.09,-0.6994248446
2025-09-28,-0.2267172845,0.02288204761,1.514364332,0.002553105765,0.09,-0.6987854354
2025-09-29,1.482426796,1.642996742,0.6077744191,0.002812724037,0.12,-0.6981465823
2025-09-30,1.476755052,1.627835772,0.5986170018,-0.0003487107274,0.08,-0.5629968938
2025-10-01,1.471126143,1.612946392,0.691537784,0.0001207103094,0.11,-0.5379510276
2025-10-02,1.465539477,1.598319597,1.519828397,0.001640637114,0.1,-0.5373530895
2025-10-03,1.459994471,1.583946792,1.239492184,0.003069270563,0.06,-0.4831735074
2025-10-04,1.454490555,-0.009372875739,1.229630354,0.0002248854958,0.1,-0.4814263908
2025-10-05,1.449027168,-0.009372875739,1.219886119,0.0002248854958,0.1,-0.4829512472
2025-10-06,-0.5313419331,-1.86515058,0.3722543531,0.004380066307,0.12,-0.4844792893
2025-10-07,-0.5253284584,-1.844019723,-0.3007702163,0.009547168418,0.17,-0.5291358703
2025-10-08,-0.5193091029,-1.823383991,-0.4062314871,0.01116331062,0.11,-0.3873196611
2025-10-09,-0.5132827948,-1.803222397,-0.798976218,0.009317943267,0.05,-0.5410533676
2025-10-10,-0.5072484341,-1.783515172,-0.6268551944,0.01088943765,0.05,-0.5202614633
2025-10-11,-0.5012048905,0.03759180687,-0.6258101586,0.01110732658,0,0.3331112404
2025-10-12,-0.4951510019,0.03759180687,-0.6247664844,0.01110732658,0,0.3298199966
2025-10-13,-0.5486753453,-0.01780540874,-0.2303957668,0.0108592232,-0.03,0.3265304017
2025-10-14,-0.5473787,-0.02456194011,0.06703795519,0.01250708492,0,-0.1049586979
2025-10-15,-0.5460839102,-0.03139876563,0.2878395134,0.008417193209,-0.05,0.1846085043
2025-10-16,-0.5447909674,-0.03831896598,0.2591464347,0.002673759083,-0.04,0.1536767857
2025-10-17,-0.5434998632,-0.04532577621,1.381360049,0.001950431312,-0.11,0.9131529296
2025-10-18,-0.5422105893,0.004832077982,1.369505292,0.002224438265,-0.07,0.167467633
2025-10-19,-0.5409231373,0.004832077982,1.357815727,0.002224438265,-0.07,0.164789641
2025-10-20,1.23688294,1.632492541,2.077745683,0.004893643592,-0.05,0.1621102308
2025-10-21,1.235107727,1.627048671,2.833465587,0.004029572953,-0.06,-0.2585372641
2025-10-22,1.233337041,1.621643275,2.570256724,0.006153131664,-0.07,-0.3191052075
2025-10-23,1.231570858,1.616275864,1.938634398,0.003871141314,-0.08,-0.2009542034
2025-10-24,1.229809158,1.610945959,0.9450105871,0.007203045098,-0.09,-0.4167355169
2025-10-25,1.228051919,-0.003332642524,0.9381606783,0.00704815881,-0.07,-0.5714168998
2025-10-26,1.226299119,-0.003332642524,0.9313597542,0.00704815881,-0.07,-0.5728875971
2025-10-27,-2.361286164,-3.236491201,-0.5007052574,0.005506675691,-0.11,-0.5743614233
2025-10-28,-2.326247144,-3.167213025,-1.995208856,0.002576181608,-0.06,-0.6705323421
2025-10-29,-2.292424812,-3.10174785,-1.975318975,-0.001163304812,-0.07,-0.5674543503
2025-10-30,-2.25974659,-3.039750001,-1.702518039,-0.004616393399,-0.02,-0.4862542566
2025-10-31,-2.228145831,-2.980916236,-1.362119598,0.001378014355,0.07,-0.488965937
2025-11-01,-2.197561204,0.0398254384,-1.350804296,0.002225959677,0.06,-0.4007230498
2025-11-02,-2.167936166,0.0398254384,-1.339646253,0.002225959677,0.06,-0.4001493378
2025-11-03,-2.020203585,0.1492860759,-1.018104835,0.002225959677,0.06,-0.3995759358
2025-11-04,-1.996141628,0.1485097725,-0.1757132099,0.002219797957,0.09,-0.4428718689
2025-11-05,-1.972707553,0.1477336197,-0.4262821284,0.007966792483,0.05,-0.1401411014
2025-11-06,-1.949872445,0.1469576159,-0.179394304,0.009765492277,0.16,-0.3029925971
2025-11-07,-1.927609219,0.1461817598,-0.3904747358,0.008218533456,0.08,-0.05572075773
2025-11-08,-1.905892473,0.0359664319,-0.3841227002,0.005676753149,0.08,-0.1247631656
2025-11-09,-1.884698356,0.0359664319,-0.377733928,0.005676753149,0.08,-0.1243989378
2025-11-10,0.5567317113,2.314948007,-0.1331961988,0.006359594399,0.09,-0.1240347472
2025-11-11,0.5589711578,2.288598259,-0.3576415444,0.003382427754,0.14,-0.3652691121
2025-11-12,0.5612181657,2.262965197,0.278023253,0.003330140501,0.16,-0.4142386932
2025-11-13,0.5634727966,2.238015384,0.2979512188,0.0007664127666,0.1,-0.3733000222
2025-11-14,0.565735113,2.213717531,0.3410697924,-0.001339568113,0.1,0.04164264977
2025-11-15,0.568005178,0.007103445938,0.3359890779,0.000265432941,0.13,0.01583269706
2025-11-16,-1.679342438,-2.002253992,0.3308975435,0.000265432941,0.13,0.01817344276
2025-11-17,-1.662587992,-1.978769496,-0.2518951856,0.001389086647,0.13,0.02051771168
2025-11-18,-1.64615977,-1.955886274,-0.4809769804,0.00396647438,0.14,0.4487201166
2025-11-19,-1.630046079,-1.933577119,-0.8556749102,0.005654137684,0.07,0.8360156668
2025-11-20,-1.614235805,-1.911816516,-0.6808470254,0.001769412417,0.04,0.6648421077
2025-11-21,-1.598718376,0.0447074934,-1.241707872,0.002496171302,0.05,1.122687987
2025-11-22,-1.583483724,0.0447074934,-1.2320419,0.003949387861,0.01,0.6231749878
2025-11-23,-1.568522261,0.0447074934,-1.222486591,0.003949387861,0.01,0.6217466806
2025-11-24,0.5875392556,1.944788995,-0.695665814,0.003409599905,0,0.6203208188
2025-11-25,0.582709377,1.924722124,-0.4429283764,0.0007387518869,0,0.1363331806
2025-11-26,0.5778918983,1.905151768,-0.4383190002,-0.001762028491,-0.08,-0.1876027491
2025-11-27,0.5730864816,1.886058581,-0.4341076107,-0.003706814096,-0.06,-0.4135611488
2025-11-28,0.568292791,1.867424368,-0.233956624,-0.001188750124,-0.06,-0.4083904614
2025-11-29,0.563510493,-0.02157354483,-0.2326930268,-0.002762217023,-0.04,-0.5490883028
2025-11-30,0.5587392559,-0.02157354483,-0.2314300319,-0.002762217023,-0.04,-0.5468336302
2025-12-01,-1.177196808,-1.528949315,0.1521079801,-0.00202558319,-0.05,-0.5445838433
2025-12-02,-1.169340884,-1.514609888,0.4612787838,-0.002573817956,0.01,-0.396719671
2025-12-03,-1.161561418,-1.500509483,0.2924094146,0.0008335687814,0.04,-0.5041169906
2025-12-04,-1.153856851,-1.486640369,0.1466490653,-0.0003220931917,-0.01,-0.5868931777
2025-12-05,-1.146225666,-1.472995155,0.09991211578,-0.002397355964,-0.01,-0.6342374082
2025-12-06,-1.138666388,0.01993871027,0.1064763629,-0.002317168541,0.02,-0.6909316192
2025-12-07,-1.131177578,0.01993871027,0.113116967,-0.002317168541,0.02,-0.6863455193
2025-12-08,-1.09788416,0.0431171022,0.08218637026,-0.003536320146,0.03,-0.6817777269
2025-12-09,-1.093246847,0.04132448525,-0.432851094,-0.003602757797,0.06,-0.4714245748
2025-12-10,-1.088638527,0.03953079583,-0.3803531784,-0.00670464815,0.06,-0.423580353
2025-12-11,-1.08405883,0.03773601472,-0.3277015434,-0.008330258553,0.02,-0.6112445336
2025-12-12,-1.079507392,0.03594012259,-0.3252352739,-0.01547035949,0.07,-0.7570473341
2025-12-13,-1.074983857,0.01092769413,-0.3226612117,-0.0141229702,0.11,-0.6124354918
2025-12-14,-1.070487874,0.01092769413,-0.3200892736,-0.0141229702,0.11,-0.6171092672
2025-12-15,1.529826865,2.295338714,-0.08523373883,-0.01454184852,0.12,-0.6237005582
2025-12-16,1.518175402,2.267238084,-0.114516058,-0.01379060867,0.14,-0.4853944989
2025-12-17,1.506691801,2.239950682,-0.01441589473,-0.01116346664,0.15,-0.5079472357
2025-12-18,1.495371551,2.213436064,0.1674139104,-0.008979435633,0.15,-0.2490983068
2025-12-19,1.48421031,2.187656554,-0.191645436,-0.00826003881,0.09,-0.416716925
2025-12-20,1.473203895,-0.02071929336,-0.1872135809,-0.007331517595,0.13,-0.8929506038
2025-12-21,1.462348273,-0.02071929336,-0.1827688293,-0.007331517595,0.13,-0.910019014
2025-12-22,1.397357824,-0.07241269555,-0.3842429698,-0.006785897896,0.07,-0.9313052141
2025-12-23,1.395772493,-0.06884637024,0.8575189041,-0.009538022909,0.09,-1.160636223
2025-12-24,1.394190687,-0.06527075904,0.8740031927,-0.008513785723,0.12,-1.187123462
2025-12-25,1.392612393,-0.06168565724,0.8817850866,-0.01027042525,0.06,-1.354398337
2025-12-26,1.391037595,-0.05809085712,1.155449831,-0.01034997344,0.03,-1.361211909
2025-12-27,1.38946628,-0.002435432497,1.162383803,-0.01005913679,0.03,-1.330720144
2025-12-28,1.387898433,-0.002435432497,1.169395217,-0.01005913679,0.03,-1.339897183
2025-12-29,1.363592759,-0.02252773227,1.428473222,-0.01079436312,0,-1.350677091
2025-12-30,1.362059328,-0.02252976943,1.498107145,-0.009059255969,-0.02,-1.195936324
2025-12-31,1.360529219,-0.02253180659,0.3576548011,-0.009789086739,0.02,-1.170817272
2026-01-01,1.359002418,-0.02253384376,0.3535673405,-0.001953658943,0.04,-0.9652983631
2026-01-02,1.357478912,-0.02253588092,0.2153883419,-0.003317679921,0,-0.9658597468
2026-01-03,1.355958688,-0.002445613635,0.2102474759,-0.004480449327,0.01,-1.119857086
2026-01-04,1.354441734,-0.002445613635,0.2050845403,-0.004480449327,0.01,-1.117525332
2026-01-05,-1.194558911,-2.246478485,-0.6552212522,-0.002919401348,0.01,-1.115539695
2026-01-06,-1.185931227,-2.222960764,-0.9285588936,-0.002260401601,-0.01,-0.9705294548
2026-01-07,-1.177393472,-2.200026933,-0.8185297604,-0.00311514294,-0.01,-1.023234657
2026-01-08,-1.168943655,-2.17765203,-0.8189359427,-0.001506836992,0,-0.7823807957
2026-01-09,-1.160579842,-2.155812565,-0.6855129314,-0.0006224763908,0,-0.7522916677
2026-01-10,-1.152300155,0.02276499232,-0.6855832583,0.0004685216685,-0.02,-1.118917272
2026-01-11,-1.14410277,0.02276499232,-0.6856535922,0.0004685216685,-0.02,-1.11314406
2026-01-12,-0.6942000125,0.4080482449,-0.4184500457,0.001919307416,-0.04,-1.107525608
2026-01-13,-0.6912097919,0.405440053,0.1654133928,0.002423443495,-0.04,-0.854661176
2026-01-14,-0.6882295361,0.4028356222,0.2937733113,0.005885101124,-0.03,-0.5057545916
2026-01-15,-0.6852591485,0.4002348983,0.2889382236,0.004324448329,-0.05,-0.1837569699
2026-01-16,-0.6822985334,0.3976378273,0.3384720658,0.00437590973,-0.03,-0.5532733802
2026-01-17,-0.6793475964,0.01016942299,0.3337394163,0.005118341239,0,-0.5388554222
2026-01-18,-0.6764062439,0.01016942299,0.3290001853,0.005118341239,0,-0.5327575271
2026-01-19,1.332462132,1.755253668,0.3240871171,0.004129947429,0.01,-0.5266526932
2026-01-20,1.329000951,1.744481786,1.598008615,0.00493665367,0.01,0.7408104594
2026-01-21,1.325556426,1.733852165,0.6101924787,-0.002506146364,0.04,1.266017171
2026-01-22,1.322128404,1.723361454,-0.09969275435,-0.003361292607,-0.01,-0.08473028916
2026-01-23,1.318716739,1.713006413,0.0831510066,-0.003425416305,0.01,-0.6157657047
2026-01-24,1.315321284,-0.00581199263,0.07635293732,-0.005921948666,-0.02,-0.4226911891
2026-01-25,1.311941894,-0.00581199263,0.06947712796,-0.005921948666,-0.02,-0.4206096999
2026-01-26,0.6717905506,-0.5586077212,0.6711876231,-0.006032476392,0.01,-0.418531271
2026-01-27,0.6669391316,-0.5628302475,-0.4038441172,-0.0144280339,-0.01,-0.3897840984
2026-01-28,0.6621058518,-0.5670826312,0.06555980459,-0.02018488069,0.02,-0.3021091989
2026-01-29,0.6572903667,-0.571365353,0.7162332441,-0.02147299035,-0.02,-0.2959983922
2026-01-30,0.6524923357,-0.5756789043,0.1667844724,-0.02313978781,-0.01,-0.06457395206
2026-01-31,0.6477114226,-0.01996357822,0.1626221901,-0.01931351713,0,0.1851514847
2026-02-01,0.642947295,-0.01996357822,0.1584487799,-0.01931351713,0,0.1955021405
2026-02-02,1.113932263,0.3989362721,-0.4766749516,-0.01746894475,0,0.2061106039
2026-02-03,1.112587645,0.4035635446,-0.474946789,-0.01480937672,0.06,-0.273487375
2026-02-04,1.111245665,0.4082262866,-0.9282393361,-0.01648386002,0.06,0.465267828
2026-02-05,1.109906313,0.4129251777,-1.315933248,-0.01445809037,0.06,0.7515405379
2026-02-06,1.108569579,0.417660915,-1.363283978,-0.01316080937,-0.02,2.123613673
2026-02-07,1.107235454,-0.002777809855,-1.351463011,-0.01534844833,-0.03,0.3548152941
2026-02-08,1.105903927,-0.002777809855,-1.339804068,-0.01534844833,-0.03,0.3565073387
2026-02-09,1.058954174,-0.04413375081,-1.550403271,-0.01534844833,-0.03,0.3582029037
2026-02-10,1.058806593,-0.0436409393,-1.20378081,-0.01512237799,-0.1,0.1830774758
2026-02-11,1.058659044,-0.04314812944,-0.867486222,-0.01526271733,-0.08,0.3733016777
2026-02-12,1.058511528,-0.04265532084,-0.5254751409,-0.01456506164,-0.09,0.311230381
2026-02-13,1.058364044,-0.04216251315,-0.6351242919,-0.01143841423,-0.12,1.702441895
2026-02-14,1.058216593,-0.0003118158883,-0.6314842166,-0.0115376593,-0.15,1.590714086
2026-02-15,1.058069174,-0.0003118158883,-0.6278562178,-0.0115376593,-0.15,1.576185352
2026-02-16,1.026109899,-0.02724302027,-0.6248531101,-0.0044615743,-0.13,1.561906577
2026-02-17,1.018714468,-0.0322868404,-0.3698117016,0.0006257859574,-0.13,1.803579061
2026-02-18,1.011379997,-0.03736486921,-0.8457754589,0.001921510794,-0.11,1.399883693
2026-02-19,1.004105238,-0.04247800272,-0.8110395691,0.003431551197,-0.09,1.10534929
2026-02-20,0.9968889719,-0.04762716418,-0.6955527574,0.002848186084,-0.11,1.358440583
2026-02-21,0.989730011,-0.02534277568,-0.6929138004,0.0007811731338,-0.1,0.8776857097
2026-02-22,0.9826271946,-0.02534277568,-0.690282911,0.0007811731338,-0.1,0.8838990831
2026-02-23,-0.955259045,-1.793599011,-0.183769233,-0.003119273341,-0.14,0.8901790043
2026-02-24,-0.9535477889,-1.776699654,0.4887048626,-0.0003127744193,-0.15,1.708852013
2026-02-25,-0.9518407211,-1.760132749,1.382707574,-0.002654316499,-0.16,1.090327473
2026-02-26,-0.9501378203,-1.743886542,1.706580893,-0.006197290542,-0.12,0.3949895127
2026-02-27,-0.9484390652,-1.727949848,1.418034423,-0.002845889782,-0.14,0.7111726188
2026-02-28,-0.946744435,0.004250959677,1.413888149,-0.00353854468,-0.16,1.253296032
2026-03-01,-0.9450539086,0.004250959677,1.40976533,-0.00353854468,-0.16,1.256992401
2026-03-02,0.5158736474,1.31036539,1.730928842,0.001556453971,-0.15,1.260709544
2026-03-03,0.5106693183,1.299966452,0.9811318834,0.009746293447,-0.08,1.944724674
2026-03-04,0.5054694304,1.289697152,0.02313301481,0.01680570679,-0.09,2.821867386
2026-03-05,0.5002735021,1.279554185,-1.992064335,0.01304178408,0,1.759711296
2026-03-06,0.4950810491,1.269534359,-2.4629893,0.0173791627,0.05,2.816363789
2026-03-07,0.4898915841,-0.02605123207,-2.423566657,0.01672143478,0.03,4.953797474
2026-03-08,0.4847046168,-0.02605123207,-2.385638217,0.01672143478,0.03,4.709906828
2026-03-09,0.4699387457,-0.03455793487,-2.864206653,0.01672143478,0.03,4.497181941
2026-03-10,0.4646339585,-0.03478789244,-3.035818957,0.01509799342,-0.01,2.967390385
2026-03-11,0.4593278298,-0.03501785861,-2.555351258,0.007492197219,0.02,2.709868997
2026-03-12,0.4540197818,-0.0352478334,-0.672563994,0.008906807944,0.06,2.422019387
2026-03-13,0.4487092292,-0.03547781687,-0.3464618021,0.01551804068,0.09,3.399761456
2026-03-14,0.4433955791,-0.02720045468,-0.3492376631,0.02169728888,0.12,3.279398471
2026-03-15,0.4380782299,-0.02720045468,-0.3520241481,0.02169728888,0.12,3.198933519
2026-03-16,0.9104037037,0.3860583032,-0.5078236801,0.0221494919,0.15,3.123493316
2026-03-17,0.9034731144,0.3861086895,-0.3539255667,0.01823456946,0.09,1.91751863
2026-03-18,0.896588491,0.3861590784,-0.7148445981,0.01752413623,0.06,1.539060035
2026-03-19,0.8897488414,0.3862094699,-1.269851221,0.01716139035,0.12,2.366745818
2026-03-20,0.8829531935,0.3862598639,-1.564877858,0.02001234062,0.16,2.017057371
2026-03-21,0.8762005945,-0.0269840508,-1.552201712,0.02082288327,0.29,2.808815547
2026-03-22,0.8694901103,-0.0269840508,-1.539721595,0.02082288327,0.29,2.75420979
2026-03-23,-1.378056507,-1.955485691,-1.607293951,0.01355642259,0.25,2.702218065
2026-03-24,-1.375191265,-1.935117082,-1.89105571,0.004211527529,0.24,2.47296531
2026-03-25,-1.37233744,-1.915213272,-1.75062886,0.008893890594,0.26,2.659177115
2026-03-26,-1.369494948,-1.895755527,-1.565328174,0.004682679272,0.2,2.158872781
2026-03-27,-1.366663705,-1.876726159,-1.116448583,0.007515210351,0.28,2.713591235
2026-03-28,-1.363843628,0.004412815413,-1.110794168,0.01166698747,0.33,3.623213713
2026-03-29,-1.361034635,0.004412815413,-1.105181697,0.01166698747,0.33,3.517991912
2026-03-30,-0.9137642625,0.3806436458,-0.9330828791,0.01146298669,0.35,3.420640178
2026-03-31,-0.9134579449,0.3798223586,-0.8576490088,0.02155897427,0.22,3.222147591
2026-04-01,-0.9131517666,0.379001647,-0.7772769066,0.01464097545,0.15,1.820864734
2026-04-02,-0.9128457274,0.3781815093,-0.4014941043,0.00247949679,0.13,1.622826465
2026-04-03,-0.9125398272,0.3773619434,-0.3978183936,-0.0004048052373,0.05,1.438936693
2026-04-04,-0.9122340657,0.0007098791787,-0.394146222,0.0008685063184,0.07,1.426073324
2026-04-05,-0.911928443,0.0007098791787,-0.3904774377,0.0008685063184,0.07,1.413403283
2026-04-06,-0.9013166217,0.0083076946,-0.4103441483,0.00465873419,0.12,1.40092078
2026-04-07,-0.8967508595,0.01083115697,0.1674760155,0.004985279489,0.15,1.463118865
2026-04-08,-0.8922105745,0.0133588808,0.4682277752,0.003271974091,0.1,1.84664299
2026-04-09,-0.8876954272,0.01589093055,0.2395802875,-0.009324331296,0.08,0.6570806479
2026-04-10,-0.8832050842,0.01842737124,-0.1391942577,-0.01143955096,-0.06,0.267085778
2026-04-11,-0.8787392172,0.0133276383,-0.1407441502,-0.01181036568,-0.06,0.2033257001
2026-04-12,-0.8742975038,0.0133276383,-0.1422958981,-0.01181036568,-0.06,0.2045481772
2026-04-13,-0.8814087467,0.005451920945,-0.1444439808,-0.009020561611,-0.06,0.2057719311
2026-04-14,-0.8835571464,0.001820638287,-0.899208769,-0.009472277834,-0.14,0.1766646314
2026-04-15,-0.8857128561,-0.001822762255,-0.697286028,-0.01473509134,-0.13,-0.0140217132
2026-04-16,-0.8878759263,-0.005478518825,-0.373726065,-0.01683459452,-0.18,-0.0629795595
2026-04-17,-0.8900464082,-0.009146873592,-0.2221667047,-0.02087519471,-0.2,-0.121964898
2026-04-18,-0.8922243535,-0.004854664384,-0.220573332,-0.02320881564,-0.23,-0.2397733683
2026-04-19,-0.8944098143,-0.004854664384,-0.2189806218,-0.02320881564,-0.23,-0.2423926233
2026-04-20,1.037856992,1.655736309,0.4556371652,-0.02643028698,-0.14,-0.2450201062
2026-04-21,1.039810328,1.662916111,0.8422103682,-0.0231139753,-0.09,0.1018229987
2026-04-22,1.041769603,1.670166489,0.2647968053,-0.01404181492,-0.1,0.2559343104
2026-04-23,1.043734853,1.677488682,-0.3322584297,-0.01578881854,-0.05,0.1056005289
2026-04-24,1.045706113,1.684883961,-0.5797435882,-0.01608699075,-0.07,0.1998889268
2026-04-25,1.047683419,0.003859874179,-0.5772094546,-0.01597178768,-0.1,0.04461604892
2026-04-26,1.049666808,0.003859874179,-0.5746815973,-0.01597178768,-0.1,0.04104076511
2026-04-27,0.5837278485,-0.4021041703,-1.451506317,-0.01412270344,-0.09,0.03745517579
2026-04-28,0.5788100121,-0.4095914309,-1.562608344,-0.01474567819,-0.05,-0.1410870177
2026-04-29,0.5739041426,-0.4171877667,-1.483655142,-0.002418116641,-0.04,-0.1919169964
2026-04-30,0.5690098812,-0.4248968494,-1.238235081,0.001662744597,0.01,0.05458489026
2026-05-01,0.5641268712,-0.4327225239,-1.380967831,-0.001549784948,-0.01,-0.4353029496
2026-05-02,0.5592547573,-0.02267393473,-1.374054957,-0.003892130929,-0.04,-0.4134962587
2026-05-03,0.5543931863,-0.02267393473,-1.367205321,-0.003892130929,-0.04,-0.4172109175
2026-05-04,0.5738135791,-0.0009796201538,-1.148130535,-0.005033968784,-0.01,-0.4209471378
2026-05-05,0.5741072976,0.003772764923,-0.9529407143,0.003956636681,0.06,-0.09101794964
2026-05-06,0.5744011309,0.008552706117,-0.8052988227,0.002183127567,0.06,-0.3284879283
2026-05-07,0.574695079,0.01336089467,-0.7279396848,-0.002225383908,0.01,-0.3290703818
2026-05-08,0.5749891422,0.01819804063,-0.4039275349,-0.0005750363103,0.06,-0.4126432451
2026-05-09,0.5752833206,0.0009814930427,-0.3994253838,-0.0003412954831,0.03,-0.3865252076
2026-05-10,0.5755776143,0.0009814930427,-0.3949235318,-0.0003412954831,0.03,-0.3888642362
2026-05-11,-1.33867098,-1.713759403,-0.3460780964,-0.001676288552,0.02,-0.3912107377
2026-05-12,-1.327189887,-1.696898781,-0.1407877472,-0.003182387356,0.03,-0.08474789502
2026-05-13,-1.315861298,-1.680367995,0.1982874701,-0.0006458662871,0.07,-0.1869536927
2026-05-14,-1.304680972,-1.66415521,0.4384497239,-0.002036802271,0.07,-0.2198463931
2026-05-15,-1.293644823,-1.648249172,0.4200498944,-0.0005036663202,0.11,-0.3809685199
2026-05-16,-1.282748909,0.03523983838,0.4276015021,0.004658492336,0.21,-0.07985169891
2026-05-17,-1.271989429,0.03523983838,0.4352641542,0.004658492336,0.21,-0.08335743228
2026-05-18,-1.206555332,0.08648277231,0.15792719,0.006214475755,0.19,-0.08687642952
2026-05-19,-1.19707856,0.088070331,0.07872107343,0.002405455172,0.21,-0.2497461142
2026-05-20,-1.187710325,0.0896595193,-0.2909931865,0.002968156342,0.22,-0.190326173
2026-05-21,-1.178448154,0.0912503521,-0.4479473718,0.004140860025,0.19,-0.3558178255
2026-05-22,-1.169289658,0.09284284441,-0.3705035407,0.008247137068,0.27,-0.5377152575
2026-05-23,-1.160232531,0.04307594951,-0.3713435822,0.007552836917,0.25,-0.556468145
2026-05-24,-1.151274545,0.04307594951,-0.3721844149,0.007552836917,0.25,-0.5594284151
2026-05-25,-1.133373105,0.04790493948,-0.3745593994,0.003874559862,0.21,-0.5624024548
2026-05-26,-1.125510256,0.04386266869,-0.4014790468,0.005615377417,0.2,-0.5928713147
2026-05-27,-1.117721811,0.03980526508,-0.5302333452,0.009072111175,0.16,-0.4824709516
2026-05-28,-1.11000623,0.03573238432,-0.3484809449,0.009925295479,0.13,-0.674200515
2026-05-29,-1.102362016,0.03164367536,-0.5574515626,0.008409070885,0.13,-0.8201068539
2026-05-30,-1.094787711,0.02269840432,-0.5565975353,0.00710865543,0.14,-0.9312224437
2026-05-31,-1.087281895,0.02269840432,-0.5557443659,0.00710865543,0.14,-0.9309688413
2026-06-01,0.8057306958,1.737421123,-0.9416028125,0.006963632575,0.12,-0.9307153346
2026-06-02,0.8015431373,1.719827435,-0.7009530615,0.005412415059,0.08,-0.7371367341
2026-06-03,0.7973755779,1.702589842,-0.7747667959,0.004745356986,0.08,-0.80991963
2026-06-04,0.7932277614,1.685695142,-0.8759706639,0.006026817315,0.11,-0.7329100758
2026-06-05,0.7890994358,1.669130808,-0.8179238727,0.0006622932953,0.01,-0.9053768842
2026-06-06,0.7849903525,-0.01401689089,-0.8122577961,0.006711797623,0.09,0.7052617419
2026-06-07,0.7809002671,-0.01401689089,-0.8066576725,0.006711797623,0.09,0.6992838058
2026-06-08,1.36225822,0.5107716565,-0.975230838,0.008615172177,0.06,0.6933265905
2026-06-09,1.361175374,0.5142788401,-0.9403069313,0.004880662364,0.03,0.003455857068
2026-06-10,1.360094193,0.5178056811,-1.180750048,0.00670765275,0.07,0.2521222025
2026-06-11,1.35901467,0.521352443,-1.341945891,0.004560648074,0.03,0.8698811432
2026-06-12,1.357936803,0.5249193944,-1.169414192,0.006963050396,0,0.1286633595
2026-06-13,1.356860585,-0.001753022649,-1.162369926,0.001848486169,0.01,-0.3403823314
2026-06-14,1.355786012,-0.001753022649,-1.15545775,0.001848486169,0.01,-0.34164745
2026-06-15,0.8588977229,-0.4527439421,-0.6356198961,0.001848486169,0.01,-0.3429143908
2026-06-16,0.853385094,-0.4578972996,-0.7733430096,0.001226822948,0.05,-0.7366186226
2026-06-17,0.8479048971,-0.4630965954,-0.4318101592,0.0006133430215,0.05,-0.679506069
2026-06-18,0.8424565928,-0.4683427995,-0.06295380233,0.002984916636,0.17,-0.1418528468
2026-06-19,0.8370396516,-0.4736369096,-0.06364676437,0.01276515563,0.14,-0.6850401419
2026-06-20,0.8316535538,-0.02017730849,-0.06433990063,0.01276515563,0.14,-0.5789003048
2026-06-21,0.8262977891,-0.02017730849,-0.06503321219,0.01276515563,0.14,-0.5739607966
2026-06-22,-1.238844621,-1.928297828,0.6761644096,0.01032599255,0.14,-0.5690328253
2026-06-23,-1.231591937,-1.906831124,0.8458010183,0.01268860907,0.21,-0.4337238914
2026-06-24,-1.224407378,-1.885876434,0.5340743768,0.01399173094,0.18,0.1566889324
2026-06-25,-1.217289671,-1.865412014,0.1077405354,0.0171789061,0.12,-0.07050256098
2026-06-26,-1.210237578,-1.845417395,-0.6021285102,0.008101056685,0,0.005674807166
2026-06-27,-1.203249891,0.01677408823,-0.5963192018,0.006691199678,-0.01,-0.120646939
2026-06-28,-1.196325433,0.01677408823,-0.5905264583,0.006691199678,-0.01,-0.1181819037
2026-06-29,1.244268459,2.234738667,-1.552651489,0.007102987487,-0.03,-0.1157151535
2026-06-30,1.241857652,2.214515662,-1.755623014,0.008259302761,-0.04,-0.3192670531
2026-07-01,1.239455112,2.1947299,-1.292212491,0.008434420173,-0.01,-0.6397170863
2026-07-02,1.237060785,2.175365096,-0.7922704665,0.008559126321,0.09,-0.599560977
2026-07-03,1.234674618,2.156405805,-0.7867532741,0.009898140114,0.09,-0.715890642
2026-07-04,1.232296558,-0.00446314509,-0.7813026987,0.009898140114,0.09,-0.8060988054
2026-07-05,1.229926554,-0.00446314509,-0.775920693,0.009898140114,0.09,-0.8051515534
2026-07-06,-0.7531538023,-1.77645486,-0.5122779732,0.01151901089,0.11,-0.8042055673
2026-07-07,-0.7595869587,-1.786361656,-0.1217443039,0.01324042396,0.1,-0.8680625688
2026-07-08,-0.766093727,-1.796398575,-0.164364488,0.01195606561,0.07,-0.7176894252
2026-07-09,-0.7726758292,-1.806568655,-0.1715025079,0.006104033529,0.1,-0.5115737256
2026-07-10,-0.7793350443,-1.816875032,0.164792041,0.002966880904,0.1,-0.7935513506
2026-07-11,-0.7860732105,-0.01534822641,0.1596795761,0.000903686009,0.11,-1.005853158
2026-07-12,-0.7928922279,-0.01534822641,0.154541996,0.000903686009,0.11,-1.001548291
2026-07-13,1.253262561,1.786073487,0.2474885234,-0.0003459251756,0.04,-0.9972679391
2026-07-14,1.244410976,1.76809058,0.0759640544,-0.002593031939,0.07,-0.4305733644
2026-07-15,1.235688166,1.750479535,0.35154781,-0.007735643923,0.1,-0.6030898511
2026-07-16,1.227092483,1.733226436,0.04180745032,-0.006171529021,0.13,-0.82024168
2026-07-17,1.218622412,1.716318083,-0.3354755177,-0.004596042903,0.17,-0.5356072931
2026-07-18,1.210276573,-0.04824715326,-0.3336036022,-0.002937463706,0.13,0.006108201575
2026-07-19,1.202053716,-0.04824715326,-0.3317335116,-0.002937463706,0.13,0.006434774407
2026-07-20,-0.8202385019,-1.748273503,-0.288502954,-0.003480705236,0.15,0.006761358114
2026-07-21,-0.8146172295,-1.73418612,0.2644131463,-0.003181315991,0.15,-0.02619716262
2026-07-22,-0.8090268973,-1.720428665,0.3021197812,-0.004685275144,0.12,-0.4506251899
2026-07-23,-0.8034669534,-1.706993294,0.8588086493,-0.0009661099244,0.13,-0.5583035365
2026-07-24,-0.7979368558,-1.693872706,1.03315611,0.001800477586,0.17,-0.01039370585
2026-07-25,-0.7924360716,0.02021610884,1.034026255,0.0001681992407,0.17,-0.04092864865
2026-07-26,-0.7976167469,0.01393704497,1.034897556,0.0001681992407,0.17,-0.03961868557
2026-07-27,-0.7159106986,0.08196351856,1.37694264,-0.001030330616,0.19,-0.03830835507
2026-07-28,-0.7214535967,0.07564568697,0.8141656576,-0.0003360523778,0.14,-0.01052408868
2026-07-29,-0.7270502767,0.06926682638,0.4645876344,-0.004177306001,0.1,-0.1266850677
2026-07-30,-0.732701826,0.06282461931,0.2900142633,0.0002997855126,0.1,0.5331011142
2026-07-31,-0.7384093632,0.06252311948,-0.05716600196,-0.006881894965,0.09,-0.4177511964
2026-08-01,-0.7441740386,-0.01333644115,-0.06097503961,-0.006648708846,0.15,-0.7088875813
2026-08-02,-0.749997036,-0.01333644115,-0.06480008047,-0.006648708846,0.15,-0.7026000334
2026-08-03,0.7500677953,1.265830929,-0.1688573822,-0.008596064478,0.11,-0.6963310435
2026-08-04,0.7478502966,1.269616843,-0.3054889438,0.002499319348,0.1,-0.7263577761
2026-08-05,0.7456390366,1.273424494,0.1771406142,-0.005910623329,0.08,-0.5495519114
2026-08-06,0.7434339716,1.277254114,0.6914591211,-0.007835886014,0.06,-0.7352062164
2026-08-07,0.7412350585,1.281105938,0.9300325552,-0.008464177414,0.12,-0.9111342517
2026-08-08,0.7390422544,-0.006727514524,0.9261218953,-0.01216777357,0.09,-0.9762493022
2026-08-09,0.7368555168,-0.006727514524,0.9222310709,-0.01216777357,0.09,-0.9735020314
2026-08-10,-0.9980099258,-1.49935381,1.360231736,-0.01223825101,0.05,-0.9707652415
2026-08-11,-0.9995076964,-1.49708672,1.899988698,-0.01254790472,0.06,-0.8164699655
2026-08-12,-1.001008946,-1.494826648,1.679940577,-0.01251268934,0.04,-0.8628655703
2026-08-13,-1.00251369,-1.492573554,1.668755326,-0.0152397494,-0.01,-1.056801341
